UniProt,Ensembl,Disease_ID,Disease_Name,Datasource_Scores,Score,Gene_Name
O00141,ENSG00000118515,EFO_0000403,diffuse large B-cell lymphoma,intogen:0.749373261744113; cancer_gene_census:0.3039653988058105; europepmc:0.4168797189433034,0.5073964336686264,SGK1
O00141,ENSG00000118515,EFO_0004838,calcium measurement,gwas_credible_sets:0.8181937031370808,0.4974051505489315,SGK1
O00141,ENSG00000118515,EFO_0004305,erythrocyte count,gwas_credible_sets:0.7947062465475525,0.4831264023305912,SGK1
O00141,ENSG00000118515,OBA_0003460,erythrocyte volume,gwas_credible_sets:0.7773155262787066,0.4725540478865111,SGK1
O00141,ENSG00000118515,EFO_0009283,potassium measurement,gwas_credible_sets:0.7521260734898352,0.4572406037611722,SGK1
O00141,ENSG00000118515,OBA_2045260,red blood cell density,gwas_credible_sets:0.7415228542263799,0.4507945802170889,SGK1
O00141,ENSG00000118515,EFO_0004541,HbA1c measurement,gwas_credible_sets:0.7377139364549083,0.4484790217982412,SGK1
O00141,ENSG00000118515,EFO_0004309,platelet count,gwas_credible_sets:0.7316056403151374,0.4447656004539422,SGK1
O00141,ENSG00000118515,HP_0002619,Varicose veins,gwas_credible_sets:0.7234689806924471,0.4398190744796258,SGK1
O00141,ENSG00000118515,OBA_0002313,strand of hair color,gwas_credible_sets:0.7069898640560048,0.4298009119588986,SGK1
O00238,ENSG00000138696,MONDO_0007216,brachydactyly type A2,eva:0.87165641727303; genomics_england:0.865457038266544; uniprot_variants:0.8274613634158176; uniprot_literature:0.607930797611621; orphanet:0.607930797611621; impc:0.6095353637486824; europepmc:0.05798646591218845,0.7574189880168258,BMPR1B
O00238,ENSG00000138696,MONDO_0012274,acromesomelic dysplasia 3,eva:0.8788767892637327; genomics_england:0.865457038266544; uniprot_variants:0.7599134970145264; uniprot_literature:0.607930797611621; impc:0.5027655244114508; europepmc:0.030396539880581056,0.742807874923986,BMPR1B
O00238,ENSG00000138696,MONDO_0007215,brachydactyly type A1,eva:0.7703073215674336; orphanet:0.607930797611621; impc:0.6184906737749011; europepmc:0.06079307976116211,0.5695060279766111,BMPR1B
O00238,ENSG00000138696,EFO_0003944,tibia fracture,chembl:0.8274613634158176,0.5030392466541774,BMPR1B
O00238,ENSG00000138696,EFO_0009959,diverticular disease,gwas_credible_sets:0.8200310764616965,0.4985221463796753,BMPR1B
O00238,ENSG00000138696,EFO_0004725,metabolite measurement,gwas_credible_sets:0.7840173972254546,0.4766283216366577,BMPR1B
O00238,ENSG00000138696,OBA_0003747,glomerular filtration rate,gwas_credible_sets:0.7821715077744615,0.4755061485904127,BMPR1B
O00238,ENSG00000138696,MONDO_0005148,type 2 diabetes mellitus,gwas_credible_sets:0.7740752295874807,0.4705841717345158,BMPR1B
O00238,ENSG00000138696,HP_0000132,Menorrhagia,gwas_credible_sets:0.7689184801673743,0.4674492249464673,BMPR1B
O00238,ENSG00000138696,EFO_0004260,bone disease,chembl:0.7599134970145264,0.4619748183558772,BMPR1B
O00311,ENSG00000097046,EFO_0005091,monocyte count,gwas_credible_sets:0.9285401993554644,0.5644881840086211,CDC7
O00311,ENSG00000097046,EFO_0004309,platelet count,gwas_credible_sets:0.9062682636679651,0.550948388381765,CDC7
O00311,ENSG00000097046,EFO_0004842,eosinophil count,gwas_credible_sets:0.8849387573176309,0.5379815245735442,CDC7
O00311,ENSG00000097046,EFO_0005772,neurodegenerative disease,crispr_screen:0.865457038266544; europepmc:0.07599134970145263,0.5284478616637507,CDC7
O00311,ENSG00000097046,EFO_0004713,FEV/FVC ratio,gwas_credible_sets:0.7458442312465056,0.4534216783957144,CDC7
O00311,ENSG00000097046,EFO_0004627,IGF-1 measurement,gwas_credible_sets:0.7244060158745879,0.4403887270252948,CDC7
O00311,ENSG00000097046,EFO_0007989,monocyte percentage of leukocytes,gwas_credible_sets:0.7064583115210391,0.4294777648023444,CDC7
O00311,ENSG00000097046,EFO_0007991,eosinophil percentage of leukocytes,gwas_credible_sets:0.6731672212830362,0.4092390857605948,CDC7
O00311,ENSG00000097046,EFO_0800701,X-12100 measurement,gwas_credible_sets:0.5880269123497093,0.3574796698418575,CDC7
O00311,ENSG00000097046,EFO_0004207,pathological myopia,gwas_credible_sets:0.5710873929766979,0.3471816143182652,CDC7
O00418,ENSG00000103319,EFO_0009270,heel bone mineral density,gwas_credible_sets:0.6103744666672418,0.3710654363627841,EEF2K
O00418,ENSG00000103319,OBA_0003747,glomerular filtration rate,gwas_credible_sets:0.5616063703601087,0.3414178086767884,EEF2K
O00418,ENSG00000103319,EFO_0000304,breast adenocarcinoma,slapenrich:0.9067628608047468,0.2756245346068125,EEF2K
O00418,ENSG00000103319,MONDO_0024622,thyroid gland adenocarcinoma,slapenrich:0.9066612367713315,0.2755936444169672,EEF2K
O00418,ENSG00000103319,EFO_0005772,neurodegenerative disease,crispr_screen:0.44732143164051386; europepmc:0.09340490561523726,0.2747796606645653,EEF2K
O00418,ENSG00000103319,OBA_1000110,bone tissue density,gwas_credible_sets:0.4484487414656876,0.2726258010871631,EEF2K
O00418,ENSG00000103319,EFO_0004741,blood urea nitrogen measurement,gwas_credible_sets:0.4475133345502418,0.2720571384149647,EEF2K
O00418,ENSG00000103319,EFO_0000571,lung adenocarcinoma,slapenrich:0.8274613634158176; europepmc:0.49208620673340664,0.2664773413347445,EEF2K
O00418,ENSG00000103319,MONDO_0011962,endometrial cancer,slapenrich:0.607930797611621; europepmc:0.012158615952232422,0.1851595071970355,EEF2K
O00418,ENSG00000103319,EFO_0000616,neoplasm,europepmc:0.9189931461693056,0.1117368472700638,EEF2K
O00444,ENSG00000142731,MONDO_0019342,Seckel syndrome,eva:0.8066601415082228; genomics_england:0.7176960805137194; orphanet:0.607930797611621; europepmc:0.10661079754115795,0.6413455090340472,PLK4
O00444,ENSG00000142731,EFO_0005772,neurodegenerative disease,crispr_screen:0.8693147953038408,0.528483236884647,PLK4
O00444,ENSG00000142731,HP_0011451,Primary microcephaly,genomics_england:0.607930797611621; europepmc:0.03343619386863916,0.3705961992850847,PLK4
O00444,ENSG00000142731,MONDO_0016660,autosomal recessive primary microcephaly,genomics_england:0.607930797611621; europepmc:0.021277577916406734,0.3702266194304,PLK4
O00444,ENSG00000142731,MONDO_0009624,microcephaly and chorioretinopathy 1,orphanet:0.607930797611621,0.3695798546847018,PLK4
O00444,ENSG00000142731,OBA_2045260,red blood cell density,gwas_credible_sets:0.5295704995152979,0.3219422161619196,PLK4
O00444,ENSG00000142731,EFO_0004528,mean corpuscular hemoglobin concentration,gwas_credible_sets:0.46269747601324324,0.2812880456456149,PLK4
O00444,ENSG00000142731,EFO_0004305,erythrocyte count,gwas_credible_sets:0.45414905869516536,0.2760911994871188,PLK4
O00444,ENSG00000142731,EFO_0001421,liver disease,gwas_credible_sets:0.41664569461412554,0.2532917494482132,PLK4
O00444,ENSG00000142731,EFO_0000304,breast adenocarcinoma,slapenrich:0.7449416750862422,0.2264364933546581,PLK4
O00506,ENSG00000115694,OBA_VT0001253,body height,gwas_credible_sets:0.5124341301413168,0.3115244894602279,STK25
O00506,ENSG00000115694,EFO_0004725,metabolite measurement,gwas_credible_sets:0.5100650642876332,0.3100842613662036,STK25
O00506,ENSG00000115694,EFO_0001421,liver disease,gwas_credible_sets:0.47300286213894693; europepmc:0.030396539880581056,0.2884769568894214,STK25
O00506,ENSG00000115694,EFO_0004532,serum gamma-glutamyl transferase measurement,gwas_credible_sets:0.4641652514728582,0.2821803515514933,STK25
O00506,ENSG00000115694,EFO_0006335,systolic blood pressure,gwas_credible_sets:0.44238286672902427,0.2689381690202912,STK25
O00506,ENSG00000115694,MONDO_0004975,Alzheimer disease,crispr_screen:0.4376989368428423; europepmc:0.060793079761162105,0.2679385630620511,STK25
O00506,ENSG00000115694,MONDO_0005180,Parkinson disease,crispr_screen:0.4376989368428423; europepmc:0.01823792392834863,0.2666450335706547,STK25
O00506,ENSG00000115694,MONDO_0005301,multiple sclerosis,crispr_screen:0.4376989368428423,0.2660906637886276,STK25
O00506,ENSG00000115694,MONDO_0002561,lysosomal storage disease,crispr_screen:0.4376989368428423,0.2660906637886276,STK25
O00506,ENSG00000115694,EFO_0005772,neurodegenerative disease,crispr_screen:0.4376989368428423,0.2660906637886276,STK25
O14578,ENSG00000122966,MONDO_0016660,autosomal recessive primary microcephaly,genomics_england:0.8897742701710087; eva:0.8856049732781833; uniprot_variants:0.8274613634158176; orphanet:0.607930797611621; uniprot_literature:0.607930797611621; impc:0.2632340353658319,0.7701820458088976,CIT
O14578,ENSG00000122966,EFO_0005772,neurodegenerative disease,crispr_screen:0.9119407863186659,0.5543968896012754,CIT
O14578,ENSG00000122966,OBA_0003277,platelet volume,gwas_credible_sets:0.7914874993340861,0.4811696267697984,CIT
O14578,ENSG00000122966,EFO_0000508,genetic disorder,eva:0.7746774081685972; europepmc:0.01823792392834863,0.4715046244216657,CIT
O14578,ENSG00000122966,HP_0011451,Primary microcephaly,genomics_england:0.607930797611621; gene2phenotype:0.607930797611621; europepmc:0.17822166810648685,0.4643825170412916,CIT
O14578,ENSG00000122966,EFO_0009188,Red cell distribution width,gwas_credible_sets:0.7166798456175311,0.4356917501784391,CIT
O14578,ENSG00000122966,OBA_1000840,alcohol consumption quality,gwas_credible_sets:0.5882185266018155,0.3575961580469742,CIT
O14578,ENSG00000122966,EFO_0000275,atrial fibrillation,gwas_credible_sets:0.5519261504409809; europepmc:0.1094275435700918,0.3388591235524594,CIT
O14578,ENSG00000122966,EFO_0004458,C-reactive protein measurement,gwas_credible_sets:0.5506429535288834,0.3347528099380328,CIT
O14578,ENSG00000122966,EFO_0004309,platelet count,gwas_credible_sets:0.5289033082560798,0.3215366100475437,CIT
O14730,ENSG00000101782,EFO_0010700,reticulocyte measurement,gene_burden:0.9339266936174192; gwas_credible_sets:0.9094709384327346,0.7059866480131222,RIOK3
O14730,ENSG00000101782,EFO_0007986,reticulocyte count,gene_burden:0.9251187233792788; gwas_credible_sets:0.9184687238140662,0.7019995193518128,RIOK3
O14730,ENSG00000101782,OBA_0002272,reticulocyte amount,gene_burden:0.7599134970145264,0.4619748183558772,RIOK3
O14730,ENSG00000101782,EFO_0004725,metabolite measurement,gwas_credible_sets:0.7168220708064637,0.4357782132509873,RIOK3
O14730,ENSG00000101782,EFO_0010158,sugar consumption measurement,gwas_credible_sets:0.6068966346645179,0.3689511551794089,RIOK3
O14730,ENSG00000101782,EFO_0007985,platelet crit,gwas_credible_sets:0.5061543049989768,0.3077067903525837,RIOK3
O14730,ENSG00000101782,EFO_0004309,platelet count,gwas_credible_sets:0.4881919429894199,0.2967869172891251,RIOK3
O14730,ENSG00000101782,EFO_0020092,neuroinflammatory disorder,crispr_screen:0.3201724954739998,0.1946427205468118,RIOK3
O14730,ENSG00000101782,EFO_0000508,genetic disorder,eva:0.19453785523571876,0.1182655534991045,RIOK3
O14730,ENSG00000101782,OBA_0003747,glomerular filtration rate,gwas_credible_sets:0.16761783837335617,0.1019000461762502,RIOK3
O14733,ENSG00000076984,EFO_0005772,neurodegenerative disease,crispr_screen:0.7581302949952654; europepmc:0.051163183667736596,0.4624459386827791,MAP2K7
O14733,ENSG00000076984,EFO_0020092,neuroinflammatory disorder,crispr_screen:0.7144341324061789,0.4343265119546548,MAP2K7
O14733,ENSG00000076984,EFO_0000778,anthrax infection,reactome:0.607930797611621; europepmc:0.03812232710022874,0.3707386415207444,MAP2K7
O14733,ENSG00000076984,MONDO_0004975,Alzheimer disease,crispr_screen:0.5912012350590018; europepmc:0.2795983131734507,0.3679082596553144,MAP2K7
O14733,ENSG00000076984,MONDO_0005180,Parkinson disease,crispr_screen:0.5912012350590018; europepmc:0.2025345690898721,0.365565788484931,MAP2K7
O14733,ENSG00000076984,MONDO_0005301,multiple sclerosis,crispr_screen:0.5912012350590018; europepmc:0.021277577916406734,0.3600562031240927,MAP2K7
O14733,ENSG00000076984,MONDO_0002561,lysosomal storage disease,crispr_screen:0.5912012350590018,0.3594094383783944,MAP2K7
O14733,ENSG00000076984,MONDO_0005148,type 2 diabetes mellitus,gwas_credible_sets:0.4818653699968952; europepmc:0.20272701395301312,0.2991029984881253,MAP2K7
O14733,ENSG00000076984,EFO_0004529,lipid measurement,gwas_credible_sets:0.4724368624890858,0.2872089186341217,MAP2K7
O14733,ENSG00000076984,EFO_0004530,triglyceride measurement,gwas_credible_sets:0.4503905431591633,0.2738062821394814,MAP2K7
O14757,ENSG00000149554,EFO_0005772,neurodegenerative disease,crispr_screen:0.889105087668904; europepmc:0.012158615952232422,0.5408839449617917,CHEK1
O14757,ENSG00000149554,EFO_0000519,glioblastoma multiforme,slapenrich:0.9236964999479564; europepmc:0.6731985440934708; expression_atlas:0.16505804693899961,0.3034645451559169,CHEK1
O14757,ENSG00000149554,EFO_0000181,head and neck squamous cell carcinoma,slapenrich:0.8885106835952488; europepmc:0.7341057728480568,0.2923907796831939,CHEK1
O14757,ENSG00000149554,EFO_0000571,lung adenocarcinoma,slapenrich:0.9242096876705651; europepmc:0.281539557231589; expression_atlas:0.07218058611338342,0.2904607235898387,CHEK1
O14757,ENSG00000149554,MONDO_0011962,endometrial cancer,slapenrich:0.9066612367713315; europepmc:0.1939017252039526,0.2814875859400426,CHEK1
O14757,ENSG00000149554,EFO_0004192,alopecia areata,gwas_credible_sets:0.447292596142949,0.2719229447389557,CHEK1
O14757,ENSG00000149554,Orphanet_399764,Male infertility due to gonadal dysgenesis or sperm disorder,eva:0.4377101742803672,0.2660974953729852,CHEK1
O14757,ENSG00000149554,EFO_0000708,squamous cell lung carcinoma,slapenrich:0.7599134970145264; chembl:0.06079307976116211; europepmc:0.03782680518472309,0.2407379295416572,CHEK1
O14757,ENSG00000149554,EFO_0000503,gastric adenocarcinoma,slapenrich:0.7560218653809305; europepmc:0.03343619386863916,0.2308208324168102,CHEK1
O14757,ENSG00000149554,EFO_0000702,small cell lung carcinoma,slapenrich:0.6202857607030485; chembl:0.1587374860430344; europepmc:0.7293424466772488,0.2225238654807082,CHEK1
O14920,ENSG00000104365,MONDO_0014267,severe combined immunodeficiency due to IKK2 deficiency,eva:0.9216702489050524; genomics_england:0.865457038266544; uniprot_literature:0.7599134970145264; uniprot_variants:0.607930797611621; clingen:0.607930797611621; orphanet:0.607930797611621; impc:0.5833944300034334,0.792772409879637,IKBKB
O14920,ENSG00000104365,MONDO_0100096,COVID-19,reactome:0.7599134970145264; chembl:0.12158615952232422; europepmc:0.07622587175801425,0.4814835900904788,IKBKB
O14920,ENSG00000104365,MONDO_0015131,combined immunodeficiency,genomics_england:0.7599134970145264; europepmc:0.10486806258800464,0.4651624446025327,IKBKB
O14920,ENSG00000104365,HP_0005387,Combined immunodeficiency,genomics_england:0.7599134970145264; europepmc:0.07734230702947845,0.4643257568759549,IKBKB
O14920,ENSG00000104365,MONDO_0015974,severe combined immunodeficiency,reactome:0.607930797611621; eva:0.547137717850459; europepmc:0.03174749720860688,0.4531642171287641,IKBKB
O14920,ENSG00000104365,EFO_0001378,multiple myeloma,intogen:0.607930797611621; cancer_gene_census:0.4559480982087158; europepmc:0.19942331161160112,0.441570201280092,IKBKB
O14920,ENSG00000104365,MONDO_0007915,systemic lupus erythematosus,gwas_credible_sets:0.6843201885104953,0.4160193180229202,IKBKB
O14920,ENSG00000104365,EFO_0003865,kidney neoplasm,cancer_gene_census:0.607930797611621; europepmc:0.06079307976116211,0.3714277539581253,IKBKB
O14920,ENSG00000104365,EFO_0000365,colorectal adenocarcinoma,cancer_gene_census:0.607930797611621; europepmc:0.030396539880581056,0.3705038043214135,IKBKB
O14920,ENSG00000104365,MONDO_0005341,skin basal cell carcinoma,cancer_gene_census:0.607930797611621; europepmc:0.030396539880581056,0.3705038043214135,IKBKB
O14936,ENSG00000147044,MONDO_0010417,syndromic X-linked intellectual disability Najm type,genomics_england:0.9580964074361958; eva:0.9403536562486804; uniprot_variants:0.8274613634158176; uniprot_literature:0.607930797611621; gene2phenotype:0.607930797611621; europepmc:0.2841151678085203,0.8201085536348908,CASK
O14936,ENSG00000147044,Orphanet_163937,"X-linked intellectual disability, Najm type",eva:0.9403536562486804; genomics_england:0.865457038266544; uniprot_variants:0.8274613634158176; uniprot_literature:0.607930797611621; gene2phenotype:0.607930797611621; orphanet:0.607930797611621; europepmc:0.2899229211178324,0.8079651372779136,CASK
O14936,ENSG00000147044,MONDO_0010318,FG syndrome 4,genomics_england:0.9619856869313327; eva:0.916074959374889; uniprot_literature:0.607930797611621; uniprot_variants:0.607930797611621; gene2phenotype:0.607930797611621; europepmc:0.09352836112629645,0.8033105165939175,CASK
O14936,ENSG00000147044,EFO_0010954,cask-related x-linked intellectual disability,eva:0.9045367294039456,0.5498957353755477,CASK
O14936,ENSG00000147044,EFO_0000508,genetic disorder,eva:0.8588194755245085,0.5221028087600086,CASK
O14936,ENSG00000147044,HP_0001249,Intellectual disability,eva:0.7744472992822914; europepmc:0.21407953620760914,0.4773176415208001,CASK
O14936,ENSG00000147044,EFO_0005548,developmental disorder of mental health,eva:0.7620243678395667,0.4632580817401991,CASK
O14936,ENSG00000147044,MONDO_0020135,pontocerebellar hypoplasia,genomics_england:0.7599134970145264; europepmc:0.03951550184475537,0.4631759528836025,CASK
O14936,ENSG00000147044,MONDO_0020119,X-linked syndromic intellectual disability,clingen:0.607930797611621; eva:0.5592963338026914; europepmc:0.030396539880581056,0.4549938655451662,CASK
O14936,ENSG00000147044,EFO_0010642,Neurodevelopmental disorder,eva:0.7207357345017775; europepmc:0.10585952732541325,0.4413752132869495,CASK
O14965,ENSG00000087586,OBA_0003460,erythrocyte volume,gwas_credible_sets:0.8711555585361698,0.5296022935446909,AURKA
O14965,ENSG00000087586,EFO_0005772,neurodegenerative disease,crispr_screen:0.8556881489748329; europepmc:0.02279740491043579,0.5208921411406157,AURKA
O14965,ENSG00000087586,MONDO_0004975,Alzheimer disease,crispr_screen:0.819999004813659; europepmc:0.5522038078305558,0.5152877341040334,AURKA
O14965,ENSG00000087586,MONDO_0005301,multiple sclerosis,crispr_screen:0.819999004813659,0.4985026490371032,AURKA
O14965,ENSG00000087586,MONDO_0005180,Parkinson disease,crispr_screen:0.819999004813659,0.4985026490371032,AURKA
O14965,ENSG00000087586,MONDO_0002561,lysosomal storage disease,crispr_screen:0.819999004813659,0.4985026490371032,AURKA
O14965,ENSG00000087586,EFO_0004527,mean corpuscular hemoglobin,gwas_credible_sets:0.7126123350028013,0.4332189852061327,AURKA
O14965,ENSG00000087586,EFO_0004528,mean corpuscular hemoglobin concentration,gwas_credible_sets:0.7074217725709641,0.4300634824468929,AURKA
O14965,ENSG00000087586,EFO_0004338,body weight,gwas_credible_sets:0.6737583603483693,0.4095984574040822,AURKA
O14965,ENSG00000087586,EFO_0010701,mean reticulocyte volume,gwas_credible_sets:0.5698757833768227,0.3464450395278192,AURKA
O14976,ENSG00000178950,MONDO_0005180,Parkinson disease,gwas_credible_sets:0.7109000725056857; crispr_screen:0.5438973612435869; europepmc:0.7536297015311753,0.5250222529394727,GAK
O14976,ENSG00000178950,EFO_0004530,triglyceride measurement,gwas_credible_sets:0.6859111943242425,0.4169865394562764,GAK
O14976,ENSG00000178950,OBA_1000110,bone tissue density,gwas_credible_sets:0.6079988167777208,0.3696212056306017,GAK
O14976,ENSG00000178950,OBA_0003460,erythrocyte volume,gwas_credible_sets:0.5665943934086752,0.3444501815072086,GAK
O14976,ENSG00000178950,MONDO_0004975,Alzheimer disease,crispr_screen:0.5438973612435869; europepmc:0.07143186871936548,0.3328232382859424,GAK
O14976,ENSG00000178950,EFO_0005772,neurodegenerative disease,crispr_screen:0.5438973612435869; europepmc:0.04363254430191407,0.3319782350126341,GAK
O14976,ENSG00000178950,MONDO_0005301,multiple sclerosis,crispr_screen:0.5438973612435869,0.3306519566396698,GAK
O14976,ENSG00000178950,MONDO_0002561,lysosomal storage disease,crispr_screen:0.5438973612435869,0.3306519566396698,GAK
O14976,ENSG00000178950,EFO_0009188,Red cell distribution width,gwas_credible_sets:0.5205540736531759,0.3164608531959537,GAK
O14976,ENSG00000178950,MONDO_0005148,type 2 diabetes mellitus,gwas_credible_sets:0.4928721644869085; europepmc:0.03647584785669727,0.3007409076411464,GAK
O15021,ENSG00000069020,EFO_0004309,platelet count,gwas_credible_sets:0.9289556892720159,0.5647407731249898,MAST4
O15021,ENSG00000069020,OBA_0003277,platelet volume,gwas_credible_sets:0.9206728241479887,0.5597053643236305,MAST4
O15021,ENSG00000069020,EFO_0004346,neuroimaging measurement,gwas_credible_sets:0.8239569960329283,0.5009088337959734,MAST4
O15021,ENSG00000069020,EFO_0005035,hippocampal volume,gwas_credible_sets:0.7898463868568665,0.4801719439525518,MAST4
O15021,ENSG00000069020,EFO_0010642,Neurodevelopmental disorder,genomics_england:0.7599134970145264; europepmc:0.15806200737902149,0.4667793564667783,MAST4
O15021,ENSG00000069020,EFO_0004340,body mass index,gwas_credible_sets:0.7432401335618971,0.4518385672132519,MAST4
O15021,ENSG00000069020,EFO_0009188,Red cell distribution width,gwas_credible_sets:0.7407372151714772,0.4503169660398071,MAST4
O15021,ENSG00000069020,OBA_2050009,brain volume,gwas_credible_sets:0.7099710053376936,0.4316132395560685,MAST4
O15021,ENSG00000069020,EFO_0004338,body weight,gwas_credible_sets:0.7074784601125091,0.4300979445492391,MAST4
O15021,ENSG00000069020,EFO_0004784,self reported educational attainment,gwas_credible_sets:0.6890024370397931,0.4188658011059522,MAST4
O15075,ENSG00000133083,EFO_0006939,cup-to-disc ratio measurement,gwas_credible_sets:0.8062050745496306,0.4901168940094934,DCLK1
O15075,ENSG00000133083,OBA_2045265,optic cup area,gwas_credible_sets:0.7370795616360944,0.4480933658086549,DCLK1
O15075,ENSG00000133083,OBA_2045267,cerebral cortex area attribute,gwas_credible_sets:0.6824257471895767,0.4148676287996658,DCLK1
O15075,ENSG00000133083,EFO_0004875,mathematical ability,gwas_credible_sets:0.6749375938975998,0.4103153497962362,DCLK1
O15075,ENSG00000133083,EFO_0004747,protein measurement,gwas_credible_sets:0.6600882967503329,0.4012880047375263,DCLK1
O15075,ENSG00000133083,OBA_1000110,bone tissue density,gwas_credible_sets:0.577769356820636,0.3512437859275225,DCLK1
O15075,ENSG00000133083,EFO_0005772,neurodegenerative disease,crispr_screen:0.5646713204367951,0.3432810862215481,DCLK1
O15075,ENSG00000133083,OBA_0003277,platelet volume,gwas_credible_sets:0.5642063160745513,0.3429983957487164,DCLK1
O15075,ENSG00000133083,MONDO_0000476,generalized dystonia,gwas_credible_sets:0.5641445784523846,0.3429608635468299,DCLK1
O15075,ENSG00000133083,EFO_0009812,secondary malignant neoplasm,gwas_credible_sets:0.5606769336889262,0.3408527754999469,DCLK1
O15111,ENSG00000213341,MONDO_0013334,cocoon syndrome,genomics_england:0.8274613634158176; gene2phenotype:0.607930797611621; orphanet:0.607930797611621; uniprot_literature:0.607930797611621; eva:0.5957721816593886; europepmc:0.04464576229793344,0.6742356961444415,CHUK
O15111,ENSG00000213341,MONDO_0100096,COVID-19,reactome:0.7599134970145264; europepmc:0.056255551835655365,0.4636847924807538,CHUK
O15111,ENSG00000213341,EFO_0004735,serum alanine aminotransferase measurement,gwas_credible_sets:0.6723043742560059,0.4087145344792354,CHUK
O15111,ENSG00000213341,EFO_0004532,serum gamma-glutamyl transferase measurement,gwas_credible_sets:0.6638363060872053,0.403566535043147,CHUK
O15111,ENSG00000213341,MONDO_0009901,Bartsocas-Papas syndrome 1,eva:0.547137717850459; uniprot_literature:0.3039653988058105; clingen:0.3039653988058105; impc:0.3685732443219855; europepmc:0.094499361705815,0.4026119956096413,CHUK
O15111,ENSG00000213341,EFO_0009188,Red cell distribution width,gwas_credible_sets:0.6431251566600193,0.3909755894524243,CHUK
O15111,ENSG00000213341,EFO_0005772,neurodegenerative disease,crispr_screen:0.607930797611621; europepmc:0.03554706469367951,0.3706603624543008,CHUK
O15111,ENSG00000213341,EFO_0020092,neuroinflammatory disorder,crispr_screen:0.607930797611621,0.3695798546847018,CHUK
O15111,ENSG00000213341,EFO_0004305,erythrocyte count,gwas_credible_sets:0.5912535776736837,0.3594412590658871,CHUK
O15111,ENSG00000213341,EFO_0004574,total cholesterol measurement,gwas_credible_sets:0.54018983452827,0.3283980369664607,CHUK
O15146,ENSG00000030304,Orphanet_590,Congenital myasthenic syndromes,eva:0.9363406435723008; uniprot_variants:0.9066612367713315; genomics_england:0.865457038266544; uniprot_literature:0.607930797611621; impc:0.463453761971118; europepmc:0.12440143136477455,0.7912597888909182,MUSK
O15146,ENSG00000030304,MONDO_0008824,fetal akinesia deformation sequence,eva:0.9376887282552199; genomics_england:0.7599134970145264; orphanet:0.607930797611621; europepmc:0.08015060957511212,0.7272170646669925,MUSK
O15146,ENSG00000030304,MONDO_0100101,fetal akinesia deformation sequence 1,eva:0.9376887282552199; uniprot_literature:0.607930797611621; genomics_england:0.607930797611621; uniprot_variants:0.607930797611621,0.726607989366892,MUSK
O15146,ENSG00000030304,MONDO_0014587,congenital myasthenic syndrome 9,eva:0.9361866651641679; europepmc:0.12158615952232422,0.5728325046134632,MUSK
O15146,ENSG00000030304,EFO_0005091,monocyte count,gwas_credible_sets:0.8617542591191748,0.5238869540915315,MUSK
O15146,ENSG00000030304,EFO_0004312,vital capacity,gwas_credible_sets:0.6875840525503644,0.4180035214919738,MUSK
O15146,ENSG00000030304,OBA_0003747,glomerular filtration rate,gwas_credible_sets:0.6782117577470754,0.4123058148367591,MUSK
O15146,ENSG00000030304,EFO_0004725,metabolite measurement,gwas_credible_sets:0.6756926796558506,0.4107743896835148,MUSK
O15146,ENSG00000030304,Orphanet_98913,Postsynaptic congenital myasthenic syndromes,orphanet:0.607930797611621; impc:0.3705794159541039,0.3808441866806731,MUSK
O15146,ENSG00000030304,EFO_0009270,heel bone mineral density,gwas_credible_sets:0.5860238012233486,0.3562619168971044,MUSK
O15264,ENSG00000156711,OBA_0003460,erythrocyte volume,gwas_credible_sets:0.7478913842767233,0.4546662057702078,MAPK13
O15264,ENSG00000156711,EFO_0001060,celiac disease,gwas_credible_sets:0.5931981543176055,0.3606234270960434,MAPK13
O15264,ENSG00000156711,EFO_0020577,mitogen-activated protein kinase 13 measurement,gwas_credible_sets:0.591123144128114,0.3593619644964935,MAPK13
O15264,ENSG00000156711,OBA_0003277,platelet volume,gwas_credible_sets:0.5854450922156674,0.3559101018684797,MAPK13
O15264,ENSG00000156711,EFO_0004842,eosinophil count,gwas_credible_sets:0.573349948200985,0.3485570913204064,MAPK13
O15264,ENSG00000156711,EFO_0004305,erythrocyte count,gwas_credible_sets:0.5494159608764866,0.3340068833161977,MAPK13
O15264,ENSG00000156711,EFO_0007984,platelet component distribution width,gwas_credible_sets:0.5337511421031269,0.3244837575448676,MAPK13
O15264,ENSG00000156711,OBA_1000278,social inhibition quality,gwas_credible_sets:0.5092491835422047,0.3095882623338793,MAPK13
O15264,ENSG00000156711,EFO_0003888,attention deficit hyperactivity disorder,gwas_credible_sets:0.5092491835422047,0.3095882623338793,MAPK13
O15264,ENSG00000156711,MONDO_0002491,substance abuse,gwas_credible_sets:0.5092491835422047,0.3095882623338793,MAPK13
O15530,ENSG00000140992,EFO_0005772,neurodegenerative disease,crispr_screen:0.8274613634158176; europepmc:0.012158615952232422,0.5034088265088621,PDPK1
O15530,ENSG00000140992,MONDO_0004992,cancer,reactome:0.607930797611621; europepmc:0.31645947672003627,0.3791991277894102,PDPK1
O15530,ENSG00000140992,EFO_0000305,breast carcinoma,reactome:0.607930797611621; europepmc:0.06079307976116211,0.3714277539581253,PDPK1
O15530,ENSG00000140992,MONDO_0100096,COVID-19,reactome:0.607930797611621; europepmc:0.024317231904464845,0.3703190143940711,PDPK1
O15530,ENSG00000140992,EFO_0000694,severe acute respiratory syndrome,reactome:0.607930797611621,0.3695798546847018,PDPK1
O15530,ENSG00000140992,EFO_0001075,ovarian carcinoma,reactome:0.607930797611621,0.3695798546847018,PDPK1
O15530,ENSG00000140992,EFO_0000365,colorectal adenocarcinoma,reactome:0.607930797611621,0.3695798546847018,PDPK1
O15530,ENSG00000140992,MONDO_0008170,ovarian cancer,slapenrich:0.9360722249447112; chembl:0.13678442946261474; europepmc:0.15485348372496016,0.3074144384784616,PDPK1
O15530,ENSG00000140992,MONDO_0011962,endometrial cancer,slapenrich:0.9471757543886921,0.2879086559219532,PDPK1
O15530,ENSG00000140992,EFO_0000181,head and neck squamous cell carcinoma,slapenrich:0.9021383508812209; europepmc:0.015198269940290528,0.2746808184219824,PDPK1
O43187,ENSG00000134070,EFO_0004842,eosinophil count,gwas_credible_sets:0.8186688952566148,0.4976940344731785,IRAK2
O43187,ENSG00000134070,EFO_0007991,eosinophil percentage of leukocytes,gwas_credible_sets:0.675808609163231,0.4108448668014033,IRAK2
O43187,ENSG00000134070,EFO_0000694,severe acute respiratory syndrome,reactome:0.607930797611621,0.3695798546847018,IRAK2
O43187,ENSG00000134070,EFO_0020092,neuroinflammatory disorder,crispr_screen:0.607930797611621,0.3695798546847018,IRAK2
O43187,ENSG00000134070,EFO_0007996,eosinophil percentage of granulocytes,gwas_credible_sets:0.4825787551359499,0.2933744875202212,IRAK2
O43187,ENSG00000134070,EFO_0009389,sum of eosinophil and basophil counts,gwas_credible_sets:0.4825787551359499,0.2933744875202212,IRAK2
O43187,ENSG00000134070,EFO_0004725,metabolite measurement,gwas_credible_sets:0.4740988101384164,0.288219267794168,IRAK2
O43187,ENSG00000134070,EFO_0005772,neurodegenerative disease,crispr_screen:0.3984347405231056,0.2422207496023908,IRAK2
O43187,ENSG00000134070,MONDO_0024622,thyroid gland adenocarcinoma,slapenrich:0.7599134970145264,0.2309874091779386,IRAK2
O43187,ENSG00000134070,EFO_0000571,lung adenocarcinoma,slapenrich:0.5595364680377769; europepmc:0.18541889327154445; expression_atlas:0.012194112376046617,0.1758805556921711,IRAK2
O43283,ENSG00000073803,EFO_0005772,neurodegenerative disease,crispr_screen:0.8897742701710087; europepmc:0.027376014881559663,0.541753317887478,MAP3K13
O43283,ENSG00000073803,EFO_0004541,HbA1c measurement,gwas_credible_sets:0.74003503153827,0.4498900869836016,MAP3K13
O43283,ENSG00000073803,EFO_0004530,triglyceride measurement,gwas_credible_sets:0.6384481904790689,0.3881323176716365,MAP3K13
O43283,ENSG00000073803,EFO_0001071,lung carcinoma,cancer_gene_census:0.607930797611621; expression_atlas:0.0636596955363331,0.3715148891588575,MAP3K13
O43283,ENSG00000073803,EFO_0000478,esophageal adenocarcinoma,cancer_gene_census:0.607930797611621; europepmc:0.04255515583281348,0.3708733841760982,MAP3K13
O43283,ENSG00000073803,EFO_0006318,breast ductal adenocarcinoma,cancer_gene_census:0.607930797611621; europepmc:0.030396539880581056,0.3705038043214135,MAP3K13
O43283,ENSG00000073803,EFO_0008515,nodular melanoma,cancer_gene_census:0.607930797611621,0.3695798546847018,MAP3K13
O43283,ENSG00000073803,EFO_0003865,kidney neoplasm,cancer_gene_census:0.607930797611621,0.3695798546847018,MAP3K13
O43283,ENSG00000073803,MONDO_0018531,carcinoma of liver and intrahepatic biliary tract,cancer_gene_census:0.607930797611621,0.3695798546847018,MAP3K13
O43283,ENSG00000073803,EFO_0008550,Hepatobiliary Neoplasm,cancer_gene_census:0.607930797611621,0.3695798546847018,MAP3K13
O43293,ENSG00000167657,MONDO_0021637,low grade glioma,slapenrich:0.7599134970145264,0.2309874091779386,DAPK3
O43293,ENSG00000167657,EFO_0005772,neurodegenerative disease,crispr_screen:0.3455179491009652; europepmc:0.08635838310956906,0.2126759984222938,DAPK3
O43293,ENSG00000167657,OBA_0003747,glomerular filtration rate,gwas_credible_sets:0.311781130179342,0.18954135115018,DAPK3
O43293,ENSG00000167657,OBA_2050096,serum creatinine amount,gwas_credible_sets:0.30113372847035874,0.1830684677367465,DAPK3
O43293,ENSG00000167657,OBA_2050094,blood sodium bicarbonate amount,gwas_credible_sets:0.2742542731167285,0.1667276190042481,DAPK3
O43293,ENSG00000167657,EFO_0000389,cutaneous melanoma,slapenrich:0.495587615067098,0.1506414870570909,DAPK3
O43293,ENSG00000167657,MONDO_0007576,esophageal cancer,slapenrich:0.48513701622265126; europepmc:0.012158615952232422,0.1478344464662638,DAPK3
O43293,ENSG00000167657,EFO_0000181,head and neck squamous cell carcinoma,slapenrich:0.3965752561434128; europepmc:0.015198269940290528,0.1210071307085048,DAPK3
O43293,ENSG00000167657,EFO_0003870,brain aneurysm,gwas_credible_sets:0.1864093465911745,0.1133239827554338,DAPK3
O43293,ENSG00000167657,EFO_0000616,neoplasm,europepmc:0.8250421876307177,0.1003137110379157,DAPK3
O43318,ENSG00000135341,MONDO_0014935,frontometaphyseal dysplasia 2,genomics_england:0.8897742701710087; uniprot_variants:0.865457038266544; eva:0.8317561287514011; uniprot_literature:0.607930797611621; europepmc:0.07848386597166028,0.7521194735074194,MAP3K7
O43318,ENSG00000135341,MONDO_0008005,cardiospondylocarpofacial syndrome,eva:0.8593903890359612; genomics_england:0.8464592008411808; uniprot_variants:0.8274613634158176; uniprot_literature:0.607930797611621; orphanet:0.607930797611621; europepmc:0.29884256779721924,0.745881532570315,MAP3K7
O43318,ENSG00000135341,MONDO_0015942,frontometaphyseal dysplasia,gene2phenotype:0.607930797611621; orphanet:0.607930797611621; genomics_england:0.607930797611621; europepmc:0.0799395224926081,0.5036467178750477,MAP3K7
O43318,ENSG00000135341,EFO_0004842,eosinophil count,gwas_credible_sets:0.8187307647888543,0.4977316468672607,MAP3K7
O43318,ENSG00000135341,EFO_0005772,neurodegenerative disease,crispr_screen:0.7988071628293547; europepmc:0.05840074991967273,0.4873946563607149,MAP3K7
O43318,ENSG00000135341,EFO_0004735,serum alanine aminotransferase measurement,gwas_credible_sets:0.740336305153462,0.4500732404927847,MAP3K7
O43318,ENSG00000135341,MONDO_0100096,COVID-19,reactome:0.607930797611621; europepmc:0.10087419159743685,0.3726460810725147,MAP3K7
O43318,ENSG00000135341,EFO_0800270,chiro-inositol measurement,gwas_credible_sets:0.5547658317561528,0.3372592345871923,MAP3K7
O43318,ENSG00000135341,EFO_0004612,high density lipoprotein cholesterol measurement,gwas_credible_sets:0.5481885918532691,0.3332607278869492,MAP3K7
O43318,ENSG00000135341,OBA_2050135,growth differentiation factor 15 amount,gwas_credible_sets:0.5450972693494688,0.3313814177315392,MAP3K7
O43353,ENSG00000104312,EFO_0001054,leprosy,gwas_credible_sets:0.7908795943663514; eva:0.18237923928348632; europepmc:0.37233227570563726,0.5135486018824946,RIPK2
O43353,ENSG00000104312,EFO_0000384,Crohn's disease,gwas_credible_sets:0.6527208291473152; europepmc:0.09229773502285829; expression_atlas:0.02444387743798636,0.3999448524182578,RIPK2
O43353,ENSG00000104312,HP_0000155,Oral ulcer,gwas_credible_sets:0.6323010924023531; europepmc:0.06079307976116211,0.3862432067082853,RIPK2
O43353,ENSG00000104312,EFO_0004309,platelet count,gwas_credible_sets:0.5993145030983708,0.3643417438888048,RIPK2
O43353,ENSG00000104312,EFO_0004612,high density lipoprotein cholesterol measurement,gwas_credible_sets:0.5775655803768522,0.3511199039515186,RIPK2
O43353,ENSG00000104312,EFO_0005772,neurodegenerative disease,crispr_screen:0.5657433914516441; europepmc:0.012158615952232422,0.3443024110633862,RIPK2
O43353,ENSG00000104312,EFO_0009578,placental retention,gwas_credible_sets:0.48609848889629365,0.2955142420725275,RIPK2
O43353,ENSG00000104312,EFO_0001421,liver disease,gwas_credible_sets:0.48609848889629365,0.2955142420725275,RIPK2
O43353,ENSG00000104312,EFO_0803539,basophil measurement,gwas_credible_sets:0.48609848889629365,0.2955142420725275,RIPK2
O43353,ENSG00000104312,EFO_1001180,sialolithiasis,gwas_credible_sets:0.4808792508442264,0.2923413065206093,RIPK2
O43683,ENSG00000169679,EFO_0005772,neurodegenerative disease,crispr_screen:0.8979780761213895,0.5459085280542253,BUB1
O43683,ENSG00000169679,MONDO_0005575,colorectal cancer,eva_somatic:0.6839221473130737; eva:0.18237923928348632; expression_atlas:0.1847951352682703; europepmc:0.12499902322979115; clingen:0.006079307976116211,0.4470900454339174,BUB1
O43683,ENSG00000169679,EFO_0004309,platelet count,gwas_credible_sets:0.627133217739583,0.3812535972691671,BUB1
O43683,ENSG00000169679,EFO_0005091,monocyte count,gwas_credible_sets:0.6240258026639794,0.3793645039437451,BUB1
O43683,ENSG00000169679,MONDO_0000141,mosaic variegated aneuploidy syndrome,orphanet:0.607930797611621,0.3695798546847018,BUB1
O43683,ENSG00000169679,EFO_0007989,monocyte percentage of leukocytes,gwas_credible_sets:0.6020778037031652,0.3660216394295182,BUB1
O43683,ENSG00000169679,OBA_0003460,erythrocyte volume,gwas_credible_sets:0.5696896022010791,0.3463318542571491,BUB1
O43683,ENSG00000169679,EFO_1001950,colon carcinoma,eva_somatic:0.547137717850459; europepmc:0.03706689168770857,0.3337485744676662,BUB1
O43683,ENSG00000169679,OBA_2045219,corneal endothelial cell attribute,gwas_credible_sets:0.42700387488943686,0.2595888062447882,BUB1
O43683,ENSG00000169679,EFO_0000222,acute myeloid leukemia,slapenrich:0.48073065764684814; europepmc:0.14342934743025035,0.150485241949013,BUB1
O43781,ENSG00000143479,OBA_0003460,erythrocyte volume,gwas_credible_sets:0.7178778016923429,0.4364200245705031,DYRK3
O43781,ENSG00000143479,EFO_0004528,mean corpuscular hemoglobin concentration,gwas_credible_sets:0.6276739024340854,0.3815822961467524,DYRK3
O43781,ENSG00000143479,EFO_0004527,mean corpuscular hemoglobin,gwas_credible_sets:0.4866921434208315,0.2958751429411356,DYRK3
O43781,ENSG00000143479,OBA_2041005,level of chitinase-3-like protein 1 in blood serum,gwas_credible_sets:0.468356073772534,0.2847280814947838,DYRK3
O43781,ENSG00000143479,EFO_0005772,neurodegenerative disease,crispr_screen:0.44808630363826724; europepmc:0.030396539880581056,0.2733294136063666,DYRK3
O43781,ENSG00000143479,MONDO_0004975,Alzheimer disease,crispr_screen:0.37957532765032703; europepmc:0.030396539880581056,0.2316794813288674,DYRK3
O43781,ENSG00000143479,MONDO_0005180,Parkinson disease,crispr_screen:0.37957532765032703,0.2307555316921557,DYRK3
O43781,ENSG00000143479,MONDO_0005301,multiple sclerosis,crispr_screen:0.37957532765032703,0.2307555316921557,DYRK3
O43781,ENSG00000143479,MONDO_0002561,lysosomal storage disease,crispr_screen:0.37957532765032703,0.2307555316921557,DYRK3
O43781,ENSG00000143479,EFO_0004309,platelet count,gwas_credible_sets:0.2944838281283683,0.1790257885178025,DYRK3
O60229,ENSG00000160145,OBA_0003277,platelet volume,gwas_credible_sets:0.9638104616316647; gene_burden:0.8274613634158176,0.7116898743497071,KALRN
O60229,ENSG00000160145,EFO_0004309,platelet count,gwas_credible_sets:0.9471564038219594; gene_burden:0.47617572460227237,0.6481760200536262,KALRN
O60229,ENSG00000160145,EFO_0007984,platelet component distribution width,gwas_credible_sets:0.866491853325405,0.5267670835160853,KALRN
O60229,ENSG00000160145,EFO_0004532,serum gamma-glutamyl transferase measurement,gwas_credible_sets:0.8036723080146413,0.4885771472297133,KALRN
O60229,ENSG00000160145,EFO_0011015,educational attainment,gwas_credible_sets:0.7462456947026799,0.4536657403948384,KALRN
O60229,ENSG00000160145,EFO_0005772,neurodegenerative disease,crispr_screen:0.6958970142654598; europepmc:0.04112641506883475,0.4243073276537318,KALRN
O60229,ENSG00000160145,EFO_0008354,cognitive function measurement,gwas_credible_sets:0.6588209171754494,0.4005175256616907,KALRN
O60229,ENSG00000160145,EFO_0020865,aortic measurement,gwas_credible_sets:0.6530616850339174,0.3970163110722586,KALRN
O60229,ENSG00000160145,OBA_0003460,erythrocyte volume,gwas_credible_sets:0.6453319493261318,0.3923171666780975,KALRN
O60229,ENSG00000160145,EFO_0004190,open-angle glaucoma,gwas_credible_sets:0.594188256718714; europepmc:0.012158615952232422,0.3615949206931511,KALRN
O60285,ENSG00000074590,OBA_2045210,brain attribute,gwas_credible_sets:0.8813358556087197,0.5357912096639295,NUAK1
O60285,ENSG00000074590,EFO_0004346,neuroimaging measurement,gwas_credible_sets:0.8765503033749172,0.5328819250774218,NUAK1
O60285,ENSG00000074590,OBA_2045295,brain connectivity attribute,gwas_credible_sets:0.8588896420168133,0.522145465131641,NUAK1
O60285,ENSG00000074590,OBA_2050009,brain volume,gwas_credible_sets:0.8479637216401898,0.5155032616424392,NUAK1
O60285,ENSG00000074590,EFO_0005674,white matter microstructure measurement,gwas_credible_sets:0.8475652136203433,0.5152609963440793,NUAK1
O60285,ENSG00000074590,EFO_0004641,white matter integrity,gwas_credible_sets:0.7960865520018907,0.4839655325263947,NUAK1
O60285,ENSG00000074590,EFO_0008399,mean fractional anisotropy measurement,gwas_credible_sets:0.79591789199354,0.4838629989129928,NUAK1
O60285,ENSG00000074590,EFO_0005772,neurodegenerative disease,crispr_screen:0.7782879489219962; europepmc:0.03782680518472309,0.4742950175520141,NUAK1
O60285,ENSG00000074590,EFO_0008381,total cortical area measurement,gwas_credible_sets:0.7622336667988997,0.4633853210234857,NUAK1
O60285,ENSG00000074590,EFO_0004533,alkaline phosphatase measurement,gwas_credible_sets:0.7405057803301718,0.4501762696721372,NUAK1
O60307,ENSG00000099308,EFO_0004340,body mass index,gwas_credible_sets:0.6512787981436624,0.3959324392230146,MAST3
O60307,ENSG00000099308,EFO_0000508,genetic disorder,eva:0.6215288264983473,0.3778465152317551,MAST3
O60307,ENSG00000099308,MONDO_0000594,pervasive developmental disorder,eva:0.5592963338026914,0.3400134663099256,MAST3
O60307,ENSG00000099308,Orphanet_168778,Rare pervasive developmental disorder,eva:0.5592963338026914,0.3400134663099256,MAST3
O60307,ENSG00000099308,EFO_0009767,glycine measurement,gwas_credible_sets:0.5295082126100397,0.3219043500339252,MAST3
O60307,ENSG00000099308,EFO_0004735,serum alanine aminotransferase measurement,gwas_credible_sets:0.49199597877094275,0.2990995077959294,MAST3
O60307,ENSG00000099308,EFO_0004532,serum gamma-glutamyl transferase measurement,gwas_credible_sets:0.48687866463832175,0.2959885349336559,MAST3
O60307,ENSG00000099308,EFO_0004617,cystatin C measurement,gwas_credible_sets:0.47088439068643917,0.2862651232128692,MAST3
O60307,ENSG00000099308,EFO_0011015,educational attainment,gwas_credible_sets:0.41980977732608044,0.2552152927750011,MAST3
O60307,ENSG00000099308,EFO_0004696,sex hormone-binding globulin measurement,gwas_credible_sets:0.4085343549979674,0.2483606162856635,MAST3
O60566,ENSG00000156970,MONDO_0000141,mosaic variegated aneuploidy syndrome,genomics_england:0.9501239701785118; eva:0.9403968315199536; uniprot_variants:0.9066612367713315; orphanet:0.607930797611621; gene2phenotype:0.607930797611621; clingen:0.607930797611621; uniprot_literature:0.607930797611621; europepmc:0.01823792392834863,0.837501840382651,BUB1B
O60566,ENSG00000156970,EFO_0009077,premature chromatid separation trait,eva:0.8113575371172844; uniprot_literature:0.607930797611621; uniprot_variants:0.607930797611621,0.6267086266573868,BUB1B
O60566,ENSG00000156970,EFO_0005772,neurodegenerative disease,crispr_screen:0.8835160864554776,0.5371166391415765,BUB1B
O60566,ENSG00000156970,MONDO_0005575,colorectal cancer,eva:0.6616959856845127; genomics_england:0.607930797611621; impc:0.43170685765395234; europepmc:0.14903918083261664; expression_atlas:0.11436950832911184,0.5021813062761898,BUB1B
O60566,ENSG00000156970,EFO_0000508,genetic disorder,eva:0.6845648842023799; europepmc:0.021277577916406734,0.4168148408157581,BUB1B
O60566,ENSG00000156970,EFO_0004340,body mass index,gwas_credible_sets:0.6716650379222243,0.4083258622318975,BUB1B
O60566,ENSG00000156970,EFO_1001950,colon carcinoma,eva_somatic:0.547137717850459; eva:0.2941017560777592; europepmc:0.08257726667557853,0.3784358316395013,BUB1B
O60566,ENSG00000156970,EFO_0006318,breast ductal adenocarcinoma,cancer_gene_census:0.607930797611621; europepmc:0.06535256074324927,0.371566346403632,BUB1B
O60566,ENSG00000156970,EFO_0000178,gastric carcinoma,cancer_gene_census:0.607930797611621; europepmc:0.03495602086266821,0.3706423967669203,BUB1B
O60566,ENSG00000156970,EFO_0001663,prostate carcinoma,cancer_gene_census:0.607930797611621; europepmc:0.012158615952232422,0.3699494345393864,BUB1B
O60674,ENSG00000096968,EFO_0002429,polycythemia vera,chembl:0.9060755023855883; gene_burden:0.8346618603160206; eva:0.8124570329459351; gwas_credible_sets:0.7569667210055531; uniprot_literature:0.607930797611621; uniprot_variants:0.607930797611621; cancer_gene_census:0.607930797611621; eva_somatic:0.57753425773104; europepmc:0.9399021808252972; impc:0.5747869002478668,0.8015139786079568,JAK2
O60674,ENSG00000096968,EFO_0002430,primary myelofibrosis,chembl:0.9283385436818423; eva:0.7405150108396124; eva_somatic:0.57753425773104; cancer_gene_census:0.4559480982087158; gene_burden:0.24889954961518057; impc:0.39447109630024063; europepmc:0.328585535159805,0.7414464920776556,JAK2
O60674,ENSG00000096968,EFO_0004309,platelet count,gene_burden:0.9706389615826164; gwas_credible_sets:0.9283021696591736,0.7311671877142106,JAK2
O60674,ENSG00000096968,EFO_0004251,myeloproliferative disorder,chembl:0.832789216892566; gwas_credible_sets:0.8295738890931528; gene_burden:0.8064567057180694; cancer_gene_census:0.607930797611621; eva:0.547137717850459; europepmc:0.5745965349783203,0.7251777758880796,JAK2
O60674,ENSG00000096968,EFO_0007985,platelet crit,gene_burden:0.9701576947247935; gwas_credible_sets:0.8861080617439931,0.7244618363496237,JAK2
O60674,ENSG00000096968,EFO_0004627,IGF-1 measurement,gene_burden:0.9570013331676032; gwas_credible_sets:0.8132529536145897,0.7053909629756968,JAK2
O60674,ENSG00000096968,EFO_0000616,neoplasm,chembl:0.8693230907729131; gene_burden:0.7599134970145264; cancer_gene_census:0.4559480982087158; eva:0.19453785523571876; europepmc:0.8766489925224932,0.6864354382321621,JAK2
O60674,ENSG00000096968,EFO_0000479,essential thrombocythemia,eva:0.8095668482867047; genomics_england:0.607930797611621; cancer_gene_census:0.607930797611621; chembl:0.4903385619455862; gwas_credible_sets:0.46715355854369445; eva_somatic:0.4377101742803672; uniprot_variants:0.3799567485072632; uniprot_literature:0.3039653988058105; europepmc:0.9384306404634589; impc:0.649726686094074,0.6728022281123724,JAK2
O60674,ENSG00000096968,EFO_0000222,acute myeloid leukemia,uniprot_variants:0.7599134970145264; eva_somatic:0.6839221473130737; eva:0.6774382433171148; uniprot_literature:0.607930797611621; intogen:0.607930797611621; slapenrich:0.9154417988935604; cancer_gene_census:0.4559480982087158; cancer_biomarkers:0.7599134970145264; chembl:0.17940239447222228; europepmc:0.6469774760106695,0.6686892330402194,JAK2
O60674,ENSG00000096968,MONDO_0004992,cancer,reactome:0.8897742701710087; gwas_credible_sets:0.6963926671418028; chembl:0.16253705352810702; europepmc:0.807582636932154,0.6638767797905288,JAK2
O75116,ENSG00000134318,EFO_0005772,neurodegenerative disease,crispr_screen:0.8999442464310278; europepmc:0.0415798301220534,0.5483677065033368,ROCK2
O75116,ENSG00000134318,EFO_1001069,ocular hypertension,chembl:0.8502938886659943,0.5169198419410048,ROCK2
O75116,ENSG00000134318,EFO_0004190,open-angle glaucoma,chembl:0.845016959119721; europepmc:0.09777553661586907,0.516683871951088,ROCK2
O75116,ENSG00000134318,OBA_0003460,erythrocyte volume,gwas_credible_sets:0.7171434507732096,0.4359735900305076,ROCK2
O75116,ENSG00000134318,EFO_0004587,lymphocyte count,gwas_credible_sets:0.7002424238563215,0.4256989352564684,ROCK2
O75116,ENSG00000134318,MONDO_0013730,graft versus host disease,chembl:0.6383273374922022; europepmc:0.052493032287512016,0.3896544539683169,ROCK2
O75116,ENSG00000134318,EFO_0000540,immune system disease,chembl:0.6361151448675598,0.3867139873921675,ROCK2
O75116,ENSG00000134318,EFO_0004305,erythrocyte count,gwas_credible_sets:0.6120819968480309,0.3721034965475371,ROCK2
O75116,ENSG00000134318,EFO_0000731,uterine fibroid,gwas_credible_sets:0.6084180654610375,0.369876079817048,ROCK2
O75116,ENSG00000134318,EFO_0004309,platelet count,gwas_credible_sets:0.5942269578554792,0.3612488684514086,ROCK2
O75385,ENSG00000177169,EFO_0005772,neurodegenerative disease,crispr_screen:0.8875849659547543; europepmc:0.08282887509634325,0.542107947506087,ULK1
O75385,ENSG00000177169,MONDO_0002561,lysosomal storage disease,crispr_screen:0.7599134970145264,0.4619748183558772,ULK1
O75385,ENSG00000177169,MONDO_0004975,Alzheimer disease,crispr_screen:0.607930797611621; europepmc:0.457184727156743,0.3834766884765143,ULK1
O75385,ENSG00000177169,MONDO_0005180,Parkinson disease,crispr_screen:0.607930797611621; europepmc:0.3359978390403876,0.3797930263988819,ULK1
O75385,ENSG00000177169,MONDO_0005301,multiple sclerosis,crispr_screen:0.607930797611621,0.3695798546847018,ULK1
O75385,ENSG00000177169,EFO_0004747,protein measurement,gwas_credible_sets:0.5853799002900717,0.3558704696891545,ULK1
O75385,ENSG00000177169,EFO_0021598,Gluconic acid measurement,gwas_credible_sets:0.5234944190158457,0.3182483796975353,ULK1
O75385,ENSG00000177169,EFO_0004340,body mass index,gwas_credible_sets:0.5106529523997467,0.3104416566551072,ULK1
O75385,ENSG00000177169,EFO_0009003,ovarian dysfunction,gwas_credible_sets:0.5053180393371419,0.3071983987017692,ULK1
O75385,ENSG00000177169,EFO_0004517,arterial stiffness measurement,gwas_credible_sets:0.46036828284365383,0.2798720573842348,ULK1
O75460,ENSG00000178607,EFO_0004468,glucose measurement,gwas_credible_sets:0.7701020110580501,0.4681687298248338,ERN1
O75460,ENSG00000178607,MONDO_0005148,type 2 diabetes mellitus,gwas_credible_sets:0.7575856026613764; europepmc:0.12166834388984721,0.4642579163522632,ERN1
O75460,ENSG00000178607,EFO_0004627,IGF-1 measurement,gwas_credible_sets:0.6528302121055432,0.3968755915502866,ERN1
O75460,ENSG00000178607,EFO_0020092,neuroinflammatory disorder,crispr_screen:0.604113983087116,0.3672594955864837,ERN1
O75460,ENSG00000178607,EFO_0004747,protein measurement,gwas_credible_sets:0.5765207551019985,0.350484722488812,ERN1
O75460,ENSG00000178607,EFO_0007984,platelet component distribution width,gwas_credible_sets:0.554780145636374,0.3372679364358121,ERN1
O75460,ENSG00000178607,EFO_0004533,alkaline phosphatase measurement,gwas_credible_sets:0.5351732764919879; europepmc:0.06966538862338029,0.3274659036017855,ERN1
O75460,ENSG00000178607,EFO_0004541,HbA1c measurement,gwas_credible_sets:0.5163678419740927,0.3139159140323017,ERN1
O75460,ENSG00000178607,EFO_0005091,monocyte count,gwas_credible_sets:0.5043280573133299,0.306596558140412,ERN1
O75460,ENSG00000178607,EFO_0000729,ulcerative colitis,gwas_credible_sets:0.2926828424400315; europepmc:0.18091436012054068,0.1834300844141786,ERN1
O75582,ENSG00000100784,EFO_0004340,body mass index,gwas_credible_sets:0.8284938592071966,0.5036669326441612,RPS6KA5
O75582,ENSG00000100784,EFO_0007788,BMI-adjusted waist-hip ratio,gwas_credible_sets:0.8258181287511817,0.5020402736938423,RPS6KA5
O75582,ENSG00000100784,EFO_0004338,body weight,gwas_credible_sets:0.7896619641869381,0.4800598277317247,RPS6KA5
O75582,ENSG00000100784,EFO_0007789,BMI-adjusted waist circumference,gwas_credible_sets:0.7851302974490377,0.4773048879572428,RPS6KA5
O75582,ENSG00000100784,OBA_1000110,bone tissue density,gwas_credible_sets:0.7826337186123166,0.4757871407937346,RPS6KA5
O75582,ENSG00000100784,EFO_0004995,lean body mass,gwas_credible_sets:0.7698528324376448,0.4680172464673831,RPS6KA5
O75582,ENSG00000100784,EFO_0004343,waist-hip ratio,gwas_credible_sets:0.7517236041148425,0.4569959302330187,RPS6KA5
O75582,ENSG00000100784,EFO_0009270,heel bone mineral density,gwas_credible_sets:0.7299924175891102,0.4437848726753833,RPS6KA5
O75582,ENSG00000100784,EFO_0004324,body weights and measures,gwas_credible_sets:0.7289099029643329,0.4431267786961162,RPS6KA5
O75582,ENSG00000100784,OBA_0004528,fat pad mass,gwas_credible_sets:0.7282076492675997,0.4426998570461355,RPS6KA5
O75676,ENSG00000162302,EFO_0005772,neurodegenerative disease,crispr_screen:0.7429213984638704,0.4516447983308816,RPS6KA4
O75676,ENSG00000162302,EFO_0020092,neuroinflammatory disorder,crispr_screen:0.607930797611621,0.3695798546847018,RPS6KA4
O75676,ENSG00000162302,EFO_0004587,lymphocyte count,gwas_credible_sets:0.5304679927869349,0.322487829962397,RPS6KA4
O75676,ENSG00000162302,EFO_0000731,uterine fibroid,gwas_credible_sets:0.377556032927711,0.2295279402408228,RPS6KA4
O75676,ENSG00000162302,EFO_0006527,smoking status measurement,gwas_credible_sets:0.33474491094278275,0.2035017407058769,RPS6KA4
O75676,ENSG00000162302,EFO_0005670,smoking initiation,gwas_credible_sets:0.3226357830586297,0.1961402289328827,RPS6KA4
O75676,ENSG00000162302,EFO_0004309,platelet count,gwas_credible_sets:0.3006559019244202,0.1827779822635541,RPS6KA4
O75676,ENSG00000162302,EFO_0000304,breast adenocarcinoma,slapenrich:0.5876994384743872,0.178640294193818,RPS6KA4
O75676,ENSG00000162302,EFO_0004530,triglyceride measurement,gwas_credible_sets:0.28116843651354206,0.17093095187289,RPS6KA4
O75676,ENSG00000162302,EFO_0004348,hematocrit,gwas_credible_sets:0.2798421639819211,0.1701246699548913,RPS6KA4
O75716,ENSG00000115661,EFO_0005772,neurodegenerative disease,crispr_screen:0.777089339578008,0.4724165420251462,STK16
O75716,ENSG00000115661,EFO_0010700,reticulocyte measurement,gwas_credible_sets:0.3687502957775334,0.224174661431557,STK16
O75716,ENSG00000115661,EFO_0007986,reticulocyte count,gwas_credible_sets:0.36832486248137747,0.2239160274284944,STK16
O75716,ENSG00000115661,EFO_0009188,Red cell distribution width,gwas_credible_sets:0.3540118101293239,0.2152146820958536,STK16
O75716,ENSG00000115661,EFO_0004950,date of birth,gene_burden:0.19519662121469555,0.1186660376261433,STK16
O75716,ENSG00000115661,OBA_0003277,platelet volume,gwas_credible_sets:0.18876485102949245,0.1147559664473981,STK16
O75716,ENSG00000115661,EFO_0800048,5-(galactosylhydroxy)-L-lysine measurement,gwas_credible_sets:0.17409088546946833,0.1058352108603672,STK16
O75716,ENSG00000115661,MONDO_0004992,cancer,europepmc:0.6537278707401931,0.0794842611760064,STK16
O75716,ENSG00000115661,MONDO_0005575,colorectal cancer,europepmc:0.613841235921734,0.0746345984321606,STK16
O75716,ENSG00000115661,EFO_0000571,lung adenocarcinoma,europepmc:0.554567983154601,0.0674277912658089,STK16
O75914,ENSG00000077264,Orphanet_777,X-linked non-syndromic intellectual disability,eva:0.8606539019414837; genomics_england:0.8274613634158176; uniprot_variants:0.7599134970145264; uniprot_literature:0.607930797611621; gene2phenotype:0.607930797611621; orphanet:0.607930797611621; europepmc:0.012158615952232422,0.7484865720750726,PAK3
O75914,ENSG00000077264,HP_0001274,Agenesis of corpus callosum,genomics_england:0.8274613634158176; gene2phenotype:0.607930797611621,0.5954342103253529,PAK3
O75914,ENSG00000077264,HP_0001249,Intellectual disability,eva:0.7413513433274516; europepmc:0.18407466699853395,0.45628554641593,PAK3
O75914,ENSG00000077264,EFO_0000508,genetic disorder,eva:0.6732839413303908,0.4093100434720804,PAK3
O75914,ENSG00000077264,MONDO_0020119,X-linked syndromic intellectual disability,clingen:0.607930797611621,0.3695798546847018,PAK3
O75914,ENSG00000077264,HP_0000252,Microcephaly,eva:0.5592963338026914; europepmc:0.061390774989222116,0.3418795334501853,PAK3
O75914,ENSG00000077264,OBA_2050068,serum albumin amount,gwas_credible_sets:0.5090039072442515,0.3094391513184294,PAK3
O75914,ENSG00000077264,EFO_1000044,pancreatic adenocarcinoma,slapenrich:0.9250023659771516,0.2811687130705632,PAK3
O75914,ENSG00000077264,MONDO_0024622,thyroid gland adenocarcinoma,slapenrich:0.9040737667857233,0.2748071430708937,PAK3
O75914,ENSG00000077264,EFO_0000304,breast adenocarcinoma,slapenrich:0.8761562595120999,0.2663211868388027,PAK3
O75962,ENSG00000038382,MONDO_0014892,micrognathia-recurrent infections-behavioral abnormalities-mild intellectual disability syndrome,eva:0.935941942827288; genomics_england:0.793687430215172; orphanet:0.607930797611621; uniprot_variants:0.4710757664604137; uniprot_literature:0.3039653988058105,0.755969556991901,TRIO
O75962,ENSG00000038382,MONDO_0032939,"intellectual developmental disorder, autosomal dominant 63, with macrocephaly",eva:0.9152862969520325; uniprot_variants:0.8897742701710087; uniprot_literature:0.607930797611621; genomics_england:0.607930797611621,0.7558241932049701,TRIO
O75962,ENSG00000038382,HP_0001249,Intellectual disability,genomics_england:0.7599134970145264; eva:0.6305276573486345; gene2phenotype:0.607930797611621; europepmc:0.13220295370906704,0.5998731701549,TRIO
O75962,ENSG00000038382,EFO_0000508,genetic disorder,eva:0.8928327076264357,0.5427805000810824,TRIO
O75962,ENSG00000038382,EFO_0004305,erythrocyte count,gwas_credible_sets:0.8183819545800746,0.4975195943988222,TRIO
O75962,ENSG00000038382,MONDO_0000508,syndromic intellectual disability,clingen:0.607930797611621; eva:0.5592963338026914,0.4545832212621832,TRIO
O75962,ENSG00000038382,EFO_0004509,hemoglobin measurement,gwas_credible_sets:0.6987579230624229,0.4247964615047785,TRIO
O75962,ENSG00000038382,EFO_0004348,hematocrit,gwas_credible_sets:0.696822694073503,0.4236199762019833,TRIO
O75962,ENSG00000038382,EFO_0005772,neurodegenerative disease,crispr_screen:0.694209044523002; europepmc:0.012158615952232422,0.4224006380007546,TRIO
O75962,ENSG00000038382,OBA_0003460,erythrocyte volume,gwas_credible_sets:0.691474271408106,0.4203685053450444,TRIO
O76039,ENSG00000008086,MONDO_0010396,"developmental and epileptic encephalopathy, 2",uniprot_variants:0.9717353218761373; eva:0.9466056011430558; genomics_england:0.865457038266544; orphanet:0.607930797611621; uniprot_literature:0.607930797611621; gene2phenotype:0.607930797611621; eva_somatic:0.57753425773104; europepmc:0.06720662853014728,0.8485163241773669,CDKL5
O76039,ENSG00000008086,MONDO_0100062,developmental and epileptic encephalopathy,eva:0.9466166157797079; orphanet:0.607930797611621; eva_somatic:0.57753425773104; europepmc:0.10571087756387225,0.7076868760443523,CDKL5
O76039,ENSG00000008086,MONDO_0100039,CDKL5 disorder,eva:0.9644457802958074; clingen:0.607930797611621; europepmc:0.03689879691901365,0.6792097431404988,CDKL5
O76039,ENSG00000008086,MONDO_0007113,Angelman syndrome,eva:0.9176099966409084; genomics_england:0.7599134970145264; europepmc:0.04985444375621157,0.6740105940045447,CDKL5
O76039,ENSG00000008086,MONDO_0017746,atypical Rett syndrome,eva:0.8992232701737045; orphanet:0.607930797611621; europepmc:0.09711709986577811,0.6403724941162088,CDKL5
O76039,ENSG00000008086,MONDO_0018097,West syndrome,eva:0.7864364788403897; orphanet:0.607930797611621; impc:0.4401418974708137; europepmc:0.2295156244350955,0.5781841689489216,CDKL5
O76039,ENSG00000008086,HP_0000556,Retinal dystrophy,eva:0.9407467943856701,0.5719089490614561,CDKL5
O76039,ENSG00000008086,MONDO_0010725,X-linked retinoschisis,eva:0.9375551623804056; europepmc:0.024317231904464845,0.5707078173801823,CDKL5
O76039,ENSG00000008086,EFO_0000508,genetic disorder,eva:0.8962729890296487; europepmc:0.05485448693360493,0.5465393396982522,CDKL5
O76039,ENSG00000008086,MONDO_0010726,Rett syndrome,eva:0.8672899272884363; europepmc:0.5088738275522648,0.5427202608503603,CDKL5
O94768,ENSG00000081320,OBA_0003460,erythrocyte volume,gwas_credible_sets:0.8617875258354741,0.5239071779529053,STK17B
O94768,ENSG00000081320,EFO_0004842,eosinophil count,gwas_credible_sets:0.8412921711809438,0.5114474206504436,STK17B
O94768,ENSG00000081320,EFO_0004346,neuroimaging measurement,gwas_credible_sets:0.6806916879896614,0.4138134408071555,STK17B
O94768,ENSG00000081320,EFO_0010701,mean reticulocyte volume,gwas_credible_sets:0.6723659495899157,0.4087519680210924,STK17B
O94768,ENSG00000081320,EFO_0004528,mean corpuscular hemoglobin concentration,gwas_credible_sets:0.644140379975766,0.3915927749725201,STK17B
O94768,ENSG00000081320,EFO_0005091,monocyte count,gwas_credible_sets:0.6407852800752126,0.38955310641391,STK17B
O94768,ENSG00000081320,EFO_0009188,Red cell distribution width,gwas_credible_sets:0.6351796987027801,0.3861453008590902,STK17B
O94768,ENSG00000081320,EFO_0004840,cortical thickness,gwas_credible_sets:0.6312017240718754,0.3837269675688455,STK17B
O94768,ENSG00000081320,EFO_0007991,eosinophil percentage of leukocytes,gwas_credible_sets:0.6252741666158679,0.3801234228367262,STK17B
O94768,ENSG00000081320,EFO_1000941,frozen shoulder,gwas_credible_sets:0.5788659496597162,0.3519104384868397,STK17B
O94804,ENSG00000072786,EFO_0009188,Red cell distribution width,gwas_credible_sets:0.9115734394692567,0.554173568138114,STK10
O94804,ENSG00000072786,EFO_0803539,basophil measurement,gwas_credible_sets:0.8086569020303528,0.4916074354454549,STK10
O94804,ENSG00000072786,EFO_0009270,heel bone mineral density,gwas_credible_sets:0.707257803936671,0.4299638008642639,STK10
O94804,ENSG00000072786,OBA_0003277,platelet volume,gwas_credible_sets:0.5657197972878568,0.3439184875898914,STK10
O94804,ENSG00000072786,EFO_0008255,particulate matter air pollution measurement,gwas_credible_sets:0.5474105877764982,0.3327877552480128,STK10
O94804,ENSG00000072786,MONDO_0005575,colorectal cancer,gwas_credible_sets:0.5474105877764982,0.3327877552480128,STK10
O94804,ENSG00000072786,OBA_0003460,erythrocyte volume,gwas_credible_sets:0.5383130929455983,0.3272571079591962,STK10
O94804,ENSG00000072786,EFO_0004509,hemoglobin measurement,gwas_credible_sets:0.5383130929455983,0.3272571079591962,STK10
O94804,ENSG00000072786,EFO_0001061,cervical carcinoma,gwas_credible_sets:0.5354437331858871,0.3255127357918403,STK10
O94804,ENSG00000072786,EFO_0000326,central nervous system cancer,gwas_credible_sets:0.531207190272425,0.3229372108793435,STK10
O94806,ENSG00000115825,EFO_0006335,systolic blood pressure,gwas_credible_sets:0.8658312062541441,0.5263654558151138,PRKD3
O94806,ENSG00000115825,EFO_0006336,diastolic blood pressure,gwas_credible_sets:0.8397028399629728,0.5104812172554335,PRKD3
O94806,ENSG00000115825,OBA_0003460,erythrocyte volume,gwas_credible_sets:0.8393013216459481,0.5102371219047089,PRKD3
O94806,ENSG00000115825,EFO_0000222,acute myeloid leukemia,chembl:0.821713878702987; europepmc:0.012158615952232422,0.4999147535431303,PRKD3
O94806,ENSG00000115825,EFO_0004340,body mass index,gwas_credible_sets:0.7850077219867299,0.4772303705586743,PRKD3
O94806,ENSG00000115825,EFO_0007359,mast-cell leukemia,chembl:0.7734230702947845,0.4701877040155372,PRKD3
O94806,ENSG00000115825,EFO_0005763,pulse pressure measurement,gwas_credible_sets:0.7494645178828985,0.4556225621381595,PRKD3
O94806,ENSG00000115825,EFO_0004305,erythrocyte count,gwas_credible_sets:0.7494311960438078,0.4556023047659432,PRKD3
O94806,ENSG00000115825,EFO_0005772,neurodegenerative disease,crispr_screen:0.7207998487924574,0.4381964269947345,PRKD3
O94806,ENSG00000115825,EFO_0000616,neoplasm,chembl:0.6399944084960267; europepmc:0.7498202283817257,0.4118642516992387,PRKD3
O94921,ENSG00000058091,EFO_0005763,pulse pressure measurement,gwas_credible_sets:0.7871314354054636,0.4785214413512236,CDK14
O94921,ENSG00000058091,EFO_0005772,neurodegenerative disease,crispr_screen:0.7519142867241427; europepmc:0.030396539880581056,0.458035801700493,CDK14
O94921,ENSG00000058091,EFO_0006335,systolic blood pressure,gwas_credible_sets:0.7433692986311675,0.451917090636837,CDK14
O94921,ENSG00000058091,OBA_2050065,serum urea amount,gwas_credible_sets:0.7020250301276927,0.4267826365088505,CDK14
O94921,ENSG00000058091,EFO_0021451,GM3 ganglioside measurement,gwas_credible_sets:0.6349974879317043,0.3860345293196967,CDK14
O94921,ENSG00000058091,EFO_0004517,arterial stiffness measurement,gwas_credible_sets:0.626301830859427,0.3807481715799901,CDK14
O94921,ENSG00000058091,EFO_0004346,neuroimaging measurement,gwas_credible_sets:0.5787884866421189,0.3518633463327664,CDK14
O94921,ENSG00000058091,EFO_0006798,neuritic plaque measurement,gwas_credible_sets:0.5620395173443906,0.3416811320684259,CDK14
O94921,ENSG00000058091,OBA_VT0001253,body height,gwas_credible_sets:0.5520719501866954,0.3356215410160009,CDK14
O94921,ENSG00000058091,EFO_0000182,hepatocellular carcinoma,gwas_credible_sets:0.5374728954713578; europepmc:0.22496865712887554,0.3335845947968285,CDK14
O95382,ENSG00000142733,OBA_0003747,glomerular filtration rate,gwas_credible_sets:0.7868415449184221,0.4783452079962165,MAP3K6
O95382,ENSG00000142733,EFO_0004574,total cholesterol measurement,gwas_credible_sets:0.6512381927308817,0.3959077539420355,MAP3K6
O95382,ENSG00000142733,EFO_0004611,low density lipoprotein cholesterol measurement,gwas_credible_sets:0.6512381927308817,0.3959077539420355,MAP3K6
O95382,ENSG00000142733,OBA_2050096,serum creatinine amount,gwas_credible_sets:0.6439293774506385,0.3914645000391212,MAP3K6
O95382,ENSG00000142733,Orphanet_26106,Familial gastric cancer,orphanet:0.607930797611621; europepmc:0.10334823559397559,0.3727212834495217,MAP3K6
O95382,ENSG00000142733,EFO_0004309,platelet count,gwas_credible_sets:0.6117254344418661,0.371886731279559,MAP3K6
O95382,ENSG00000142733,MONDO_0007648,hereditary diffuse gastric adenocarcinoma,orphanet:0.607930797611621; europepmc:0.03630697819069404,0.3706834611952186,MAP3K6
O95382,ENSG00000142733,EFO_0004696,sex hormone-binding globulin measurement,gwas_credible_sets:0.5338694367750829,0.3245556725191431,MAP3K6
O95382,ENSG00000142733,EFO_0004458,C-reactive protein measurement,gwas_credible_sets:0.5252984168532747,0.3193450855417331,MAP3K6
O95382,ENSG00000142733,EFO_0004612,high density lipoprotein cholesterol measurement,gwas_credible_sets:0.5209905541847053,0.3167262031536283,MAP3K6
O95747,ENSG00000172939,EFO_0004528,mean corpuscular hemoglobin concentration,gwas_credible_sets:0.9021267476956619,0.5484306332734014,OXSR1
O95747,ENSG00000172939,OBA_0003460,erythrocyte volume,gwas_credible_sets:0.8589390714601556,0.5221755148125575,OXSR1
O95747,ENSG00000172939,EFO_0009188,Red cell distribution width,gwas_credible_sets:0.8403961865271422,0.5109027239852102,OXSR1
O95747,ENSG00000172939,EFO_0009283,potassium measurement,gwas_credible_sets:0.70654878010648,0.4295327634416502,OXSR1
O95747,ENSG00000172939,EFO_0004305,erythrocyte count,gwas_credible_sets:0.6448772486280276,0.3920407401200245,OXSR1
O95747,ENSG00000172939,EFO_0004761,uric acid measurement,gwas_credible_sets:0.6121235479738584,0.3721287567566031,OXSR1
O95747,ENSG00000172939,EFO_0801958,protein S100-A11 measurement,gwas_credible_sets:0.5744030905911586,0.3491973290136632,OXSR1
O95747,ENSG00000172939,EFO_0020092,neuroinflammatory disorder,crispr_screen:0.5531980003521402,0.3363061015912304,OXSR1
O95747,ENSG00000172939,EFO_0005772,neurodegenerative disease,crispr_screen:0.5223684956677823,0.3175638962184975,OXSR1
O95747,ENSG00000172939,EFO_0004207,pathological myopia,gwas_credible_sets:0.5002751630326339,0.3041326788877129,OXSR1
O95819,ENSG00000071054,EFO_0005772,neurodegenerative disease,crispr_screen:0.9387278715659712; europepmc:0.0499009863039539,0.5721984010216287,MAP4K4
O95819,ENSG00000071054,EFO_0004842,eosinophil count,gwas_credible_sets:0.8621473818597057,0.5241259455127417,MAP4K4
O95819,ENSG00000071054,EFO_0000508,genetic disorder,eva:0.8365282332183896,0.5085512760450958,MAP4K4
O95819,ENSG00000071054,EFO_0004458,C-reactive protein measurement,gwas_credible_sets:0.7902161585741733,0.4803967395675884,MAP4K4
O95819,ENSG00000071054,OBA_0003460,erythrocyte volume,gwas_credible_sets:0.7547810042534556,0.4588546179379036,MAP4K4
O95819,ENSG00000071054,EFO_0004587,lymphocyte count,gwas_credible_sets:0.7193667652234097,0.4373252113575592,MAP4K4
O95819,ENSG00000071054,EFO_0004309,platelet count,gwas_credible_sets:0.6947938474257243,0.4223865778411675,MAP4K4
O95819,ENSG00000071054,EFO_0004833,neutrophil count,gwas_credible_sets:0.6822955421543891,0.4147884731487712,MAP4K4
O95819,ENSG00000071054,EFO_0005091,monocyte count,gwas_credible_sets:0.6749469914588416,0.4103210628631376,MAP4K4
O95819,ENSG00000071054,MONDO_0005180,Parkinson disease,gwas_credible_sets:0.6730071517912369; europepmc:0.012158615952232422,0.4095113544414567,MAP4K4
O95835,ENSG00000131023,OBA_2050009,brain volume,gwas_credible_sets:0.825431126532707,0.5018050031264875,LATS1
O95835,ENSG00000131023,EFO_0004346,neuroimaging measurement,gwas_credible_sets:0.7454857820279409,0.4532037660763692,LATS1
O95835,ENSG00000131023,EFO_0005035,hippocampal volume,gwas_credible_sets:0.7214239003879518,0.4385758071789342,LATS1
O95835,ENSG00000131023,OBA_2045210,brain attribute,gwas_credible_sets:0.6880187336796965,0.4182677775376354,LATS1
O95835,ENSG00000131023,EFO_1000172,cervical squamous cell carcinoma,intogen:0.5583229150855897; cancer_gene_census:0.4559480982087158; europepmc:0.06383273374922022,0.4095802708404738,LATS1
O95835,ENSG00000131023,OBA_2050024,subiculum volume,gwas_credible_sets:0.6574261898518369,0.3996696279673962,LATS1
O95835,ENSG00000131023,EFO_0010531,S-adenosylhomocysteine measurement,gwas_credible_sets:0.64301113013507,0.390906269216163,LATS1
O95835,ENSG00000131023,EFO_0800130,5-methylthioadenosine (MTA) measurement,gwas_credible_sets:0.6290445858076201,0.3824155767832983,LATS1
O95835,ENSG00000131023,OBA_2050034,amygdala volume,gwas_credible_sets:0.618374775341964,0.3759290703965471,LATS1
O95835,ENSG00000131023,EFO_0022223,metabolite ratio,gwas_credible_sets:0.6143431183294977,0.3734781019332621,LATS1
O96013,ENSG00000130669,EFO_0005772,neurodegenerative disease,crispr_screen:0.607930797611621; europepmc:0.01823792392834863,0.3701342244667288,PAK4
O96013,ENSG00000130669,EFO_0020092,neuroinflammatory disorder,crispr_screen:0.5784110859355877,0.3516339128202257,PAK4
O96013,ENSG00000130669,OBA_2045021,level of tumor necrosis factor receptor superfamily member 10C in blood serum,gwas_credible_sets:0.30164945941938615,0.1833819964639417,PAK4
O96013,ENSG00000130669,EFO_0010967,urinary microalbumin measurement,gwas_credible_sets:0.24897122658349968,0.1513572763592506,PAK4
O96013,ENSG00000130669,EFO_0801141,C36:5 phosphatidylcholine plasmalogen measurement,gwas_credible_sets:0.23870509724957178,0.1451161801648917,PAK4
O96013,ENSG00000130669,EFO_0009003,ovarian dysfunction,gwas_credible_sets:0.23870509724957178,0.1451161801648917,PAK4
O96013,ENSG00000130669,EFO_0000571,lung adenocarcinoma,slapenrich:0.3952079285365764; europepmc:0.11641537034930537,0.1236681600563739,PAK4
O96013,ENSG00000130669,EFO_0000389,cutaneous melanoma,slapenrich:0.4059628550427902,0.1233986611334271,PAK4
O96013,ENSG00000130669,EFO_0000616,neoplasm,europepmc:0.9353274138726171; chembl:0.06079307976116211,0.1229623645158365,PAK4
O96013,ENSG00000130669,MONDO_0003582,hereditary breast ovarian cancer syndrome,eva:0.19453785523571876,0.1182655534991045,PAK4
O96017,ENSG00000183765,MONDO_0007254,breast cancer,gene_burden:0.9300708869885513; eva:0.8910836481273043; gwas_credible_sets:0.8064600141984465; uniprot_variants:0.7599134970145264; genomics_england:0.7176960805137194; uniprot_literature:0.607930797611621; europepmc:0.9805361989146729; chembl:0.12158615952232422,0.8155025936777466,CHEK2
O96017,ENSG00000183765,EFO_0003869,breast neoplasm,gene_burden:0.965317209914465; eva:0.8317996595986376; gwas_credible_sets:0.7935090281536776; europepmc:0.23653697076072092,0.7686625371879271,CHEK2
O96017,ENSG00000183765,EFO_0001663,prostate carcinoma,eva:0.9003092671503393; gwas_credible_sets:0.890229535551753; genomics_england:0.607930797611621; cancer_gene_census:0.607930797611621; eva_somatic:0.547137717850459; gene_burden:0.46119187394180533; europepmc:0.07734230702947845,0.7680733078821066,CHEK2
O96017,ENSG00000183765,MONDO_0004992,cancer,gene_burden:0.933098898031814; gwas_credible_sets:0.8053118733111143; gene2phenotype:0.607930797611621; europepmc:0.9254440741832473; chembl:0.14977050677826298,0.7413920365691551,CHEK2
O96017,ENSG00000183765,MONDO_0002629,bone osteosarcoma,eva:0.9317264525920799; eva_somatic:0.6839221473130737; genomics_england:0.607930797611621,0.7114339679085219,CHEK2
O96017,ENSG00000183765,EFO_0007985,platelet crit,gene_burden:0.9509503910127027; gwas_credible_sets:0.7892330661983011,0.6980618015562849,CHEK2
O96017,ENSG00000183765,EFO_0000305,breast carcinoma,eva:0.8353669432203409; gwas_credible_sets:0.8017928349647733; gene_burden:0.7334362366151687; cancer_gene_census:0.4559480982087158; europepmc:0.11965253493464305,0.6971519638112632,CHEK2
O96017,ENSG00000183765,MONDO_0008315,prostate cancer,eva:0.9003092671503393; uniprot_literature:0.607930797611621; gene_burden:0.44365324679565793; gwas_credible_sets:0.2432438796386202; europepmc:0.4957492575172672,0.6813417900825484,CHEK2
O96017,ENSG00000183765,MONDO_0018875,Li-Fraumeni syndrome,eva:0.9411472753173298; genomics_england:0.6839221473130737; europepmc:0.1642712278273636,0.6783159820739123,CHEK2
O96017,ENSG00000183765,EFO_0004587,lymphocyte count,gene_burden:0.9096768344854609; gwas_credible_sets:0.7395680276676007,0.6654221087945653,CHEK2
P00519,ENSG00000097007,EFO_0000339,chronic myelogenous leukemia,chembl:0.9881318466499728; eva:0.7960994423714745; uniprot_literature:0.607930797611621; genomics_england:0.607930797611621; cancer_gene_census:0.607930797611621; eva_somatic:0.57753425773104; cancer_biomarkers:0.9671529481664186; europepmc:0.9904912398259842,0.8182896210927073,ABL1
P00519,ENSG00000097007,MONDO_0060532,congenital heart defects and skeletal malformations syndrome,genomics_england:0.9353592196882531; eva:0.8993422486214043; uniprot_variants:0.7599134970145264; orphanet:0.607930797611621; gene2phenotype:0.607930797611621; uniprot_literature:0.607930797611621; europepmc:0.06839221473130737,0.8049664216989698,ABL1
P00519,ENSG00000097007,EFO_0000220,acute lymphoblastic leukemia,chembl:0.9416616573679504; cancer_gene_census:0.607930797611621; cancer_biomarkers:0.9066612367713315; europepmc:0.9793672002800523,0.7029239457017457,ABL1
P00519,ENSG00000097007,EFO_0000616,neoplasm,chembl:0.9202072303681385; cancer_gene_census:0.3039653988058105; europepmc:0.9116555785869086,0.6179358752065469,ABL1
P00519,ENSG00000097007,EFO_1000131,"Blast Phase Chronic Myelogenous Leukemia, BCR-ABL1 Positive",chembl:0.791453611934322; cancer_gene_census:0.607930797611621; europepmc:0.06292590364278287,0.5743940913534948,ABL1
P00519,ENSG00000097007,EFO_0004289,lymphoid leukemia,chembl:0.8257346517048545; europepmc:0.1512781086930289,0.5065878564904328,ABL1
P00519,ENSG00000097007,EFO_0005772,neurodegenerative disease,crispr_screen:0.816325308832463; europepmc:0.1700545124699502,0.5014383648792378,ABL1
P00519,ENSG00000097007,EFO_0004142,colorectal neoplasm,chembl:0.8155911723023309; europepmc:0.02262853524443256,0.4965108210767496,ABL1
P00519,ENSG00000097007,MONDO_0018906,follicular lymphoma,chembl:0.7962555955449613; europepmc:0.026070099037578353,0.4848607401074511,ABL1
P00519,ENSG00000097007,MONDO_0004643,myeloid leukemia,chembl:0.7678334843500778; europepmc:0.23434813050064698,0.4739129948685555,ABL1
P00533,ENSG00000146648,EFO_0003060,non-small cell lung carcinoma,chembl:0.990920583746477; eva_somatic:0.8815115083135944; eva:0.7464039237342681; intogen:0.7312960877541032; cancer_gene_census:0.607930797611621; clingen:0.607930797611621; cancer_biomarkers:0.9631730517704179; crispr:0.25229128100882275; europepmc:0.9991822127378766,0.8495102762038971,EGFR
P00533,ENSG00000146648,EFO_0000571,lung adenocarcinoma,intogen:0.89979747617232; eva_somatic:0.8517681792807411; eva:0.7193847771737517; chembl:0.6282134085282748; cancer_gene_census:0.607930797611621; slapenrich:0.9776544514987767; cancer_biomarkers:0.8274613634158176; progeny:0.5932655673324422; europepmc:0.9940510341747478,0.7814118051378716,EGFR
P00533,ENSG00000146648,MONDO_0004992,cancer,reactome:0.9919541334408821; chembl:0.8396060609624133; europepmc:0.9889552462718186,0.7440054264873728,EGFR
P00533,ENSG00000146648,EFO_0000181,head and neck squamous cell carcinoma,eva:0.8159951130941984; chembl:0.6812738391893032; reactome:0.607930797611621; slapenrich:0.9498015756678052; cancer_gene_census:0.4559480982087158; cancer_biomarkers:0.607930797611621; progeny:0.40433320459042815; europepmc:0.9878719122589783,0.6793244241482138,EGFR
P00533,ENSG00000146648,EFO_0000519,glioblastoma multiforme,intogen:0.8571354637442761; chembl:0.6149925971710459; slapenrich:0.9886251537069997; gwas_credible_sets:0.45827836899535157; cancer_biomarkers:0.607930797611621; europepmc:0.9933224275483039; expression_atlas:0.16888491508015668,0.6765151372093904,EGFR
P00533,ENSG00000146648,EFO_0000365,colorectal adenocarcinoma,chembl:0.8549598962345909; reactome:0.607930797611621; cancer_biomarkers:0.9285669064556789; cancer_gene_census:0.4559480982087158; intogen:0.3731293880118311; progeny:0.607930797611621; europepmc:0.2465898069208664,0.6756552307355947,EGFR
P00533,ENSG00000146648,MONDO_0008903,lung cancer,eva:0.7694263583871661; eva_somatic:0.6991204172533643; chembl:0.6878186375983519; uniprot_literature:0.607930797611621; gene2phenotype:0.607930797611621; europepmc:0.9924141235404702,0.6617065773571437,EGFR
P00533,ENSG00000146648,EFO_0000616,neoplasm,chembl:0.9710348625073205; eva:0.3015889749640221; europepmc:0.9987865970230391,0.6496514857217759,EGFR
P00533,ENSG00000146648,MONDO_0014481,"inflammatory skin and bowel disease, neonatal, 2",eva:0.8304541615440458; uniprot_variants:0.607930797611621; uniprot_literature:0.607930797611621; europepmc:0.03782680518472309,0.6386055037749255,EGFR
P00533,ENSG00000146648,EFO_0006859,head and neck malignant neoplasia,chembl:0.8666369965592557; cancer_biomarkers:0.9066612367713315; europepmc:0.45370400661454,0.6018830791871557,EGFR
P00540,ENSG00000172680,MONDO_0957278,oocyte/zygote/embryo maturation arrest 20,uniprot_variants:0.865457038266544; eva:0.8400572962789585; uniprot_literature:0.607930797611621; impc:0.32621566599839585,0.6973555482871514,MOS
P00540,ENSG00000172680,EFO_0005772,neurodegenerative disease,crispr_screen:0.48929200862925315,0.297455681070974,MOS
P00540,ENSG00000172680,EFO_0004338,body weight,gwas_credible_sets:0.41666669198088363,0.2533045143941342,MOS
P00540,ENSG00000172680,MONDO_0018394,male infertility with teratozoospermia due to single gene mutation,impc:0.5626433305828754,0.0684096417464212,MOS
P00540,ENSG00000172680,EFO_0004266,primary ovarian insufficiency,impc:0.5208090131848913,0.0633231677577624,MOS
P00540,ENSG00000172680,Orphanet_404469,Female infertility due to fertilization defect,impc:0.5197048406082345,0.0631889156547168,MOS
P00540,ENSG00000172680,MONDO_0010765,"46,XY complete gonadal dysgenesis",impc:0.4600212345527137,0.0559322152079827,MOS
P00540,ENSG00000172680,MONDO_0044626,female infertility due to oocyte meiotic arrest,impc:0.4233022143769717,0.0514676905633915,MOS
P00540,ENSG00000172680,EFO_1000298,Hydatidiform Mole,impc:0.4179524233579895; europepmc:0.01823792392834863,0.0513715998011735,MOS
P00540,ENSG00000172680,EFO_0000616,neoplasm,europepmc:0.41234983068560843,0.0501360322927437,MOS
P04049,ENSG00000132155,MONDO_0018997,Noonan syndrome,genomics_england:0.9631730517704179; uniprot_variants:0.9607983220922475; eva:0.9543367235883239; reactome:0.9360722249447112; uniprot_literature:0.607930797611621; clingen:0.607930797611621; gene2phenotype:0.607930797611621; orphanet:0.607930797611621; europepmc:0.3836129758821676,0.8705396495942457,RAF1
P04049,ENSG00000132155,MONDO_0007893,Noonan syndrome with multiple lentigines,genomics_england:0.9513974960387728; eva:0.9048016160336626; uniprot_variants:0.7599134970145264; uniprot_literature:0.607930797611621; orphanet:0.607930797611621; europepmc:0.11436082305757705; clingen:0.006079307976116211,0.8055721670595261,RAF1
P04049,ENSG00000132155,EFO_0000407,dilated cardiomyopathy,uniprot_variants:0.9066612367713315; eva:0.8976052357376958; genomics_england:0.607930797611621; uniprot_literature:0.607930797611621; impc:0.3241183047466358,0.7533472567718258,RAF1
P04049,ENSG00000132155,EFO_1001502,rasopathy,eva:0.9558851937483616; genomics_england:0.607930797611621; europepmc:0.14701678429103365,0.6754931459525635,RAF1
P04049,ENSG00000132155,MONDO_0004992,cancer,reactome:0.9741405848000253; chembl:0.1864970290383554; europepmc:0.8686262192944064,0.6322891541699133,RAF1
P04049,ENSG00000132155,EFO_0000538,hypertrophic cardiomyopathy,reactome:0.9066612367713315; impc:0.4338685262838444; europepmc:0.3337569020161121,0.5688843041216288,RAF1
P04049,ENSG00000132155,MONDO_0009026,Costello syndrome,reactome:0.9190679877429972; europepmc:0.06940110759608523; clingen:0.006079307976116211,0.5612499326656918,RAF1
P04049,ENSG00000132155,HP_0001626,Abnormality of the cardiovascular system,eva:0.869221304483974,0.528426400935956,RAF1
P04049,ENSG00000132155,EFO_0000681,renal cell carcinoma,chembl:0.860536659512613; europepmc:0.1701832235766846,0.5283197189339974,RAF1
P04049,ENSG00000132155,EFO_0000616,neoplasm,chembl:0.8103438230787984; europepmc:0.955923067228545,0.521689720339724,RAF1
P04626,ENSG00000141736,EFO_0003060,non-small cell lung carcinoma,chembl:0.9445005973126239; eva_somatic:0.79993526322532; intogen:0.4886500411160606; cancer_gene_census:0.4559480982087158; cancer_biomarkers:0.607930797611621; europepmc:0.9878392924447459,0.7568265644254064,ERBB2
P04626,ENSG00000141736,MONDO_0004992,cancer,reactome:0.9904325637693226; chembl:0.6108448122207839; cancer_biomarkers:0.865457038266544; europepmc:0.9936493723214883,0.7317330658420965,ERBB2
P04626,ENSG00000141736,EFO_0000305,breast carcinoma,chembl:0.94170815277252; cancer_gene_census:0.607930797611621; crispr:0.39637088004277693; europepmc:0.9296479022681987,0.69872687923808,ERBB2
P04626,ENSG00000141736,EFO_0000616,neoplasm,chembl:0.962731337264504; cancer_gene_census:0.4559480982087158; eva:0.24317231904464845; europepmc:0.9994631510374368,0.6785910792040343,ERBB2
P04626,ENSG00000141736,MONDO_0001056,gastric cancer,chembl:0.833195065698564; uniprot_variants:0.607930797611621; uniprot_literature:0.607930797611621; eva_somatic:0.547137717850459; eva:0.31467247441189655; europepmc:0.9961064025266536,0.671789406295878,ERBB2
P04626,ENSG00000141736,EFO_0000304,breast adenocarcinoma,intogen:0.8027428085085121; chembl:0.6026634104388607; cancer_biomarkers:0.9857024850308149; slapenrich:0.9742143913335374; europepmc:0.8782409058744848,0.635676781867804,ERBB2
P04626,ENSG00000141736,MONDO_0007254,breast cancer,chembl:0.9924821782374185; europepmc:0.9996105462369277,0.6337451840649331,ERBB2
P04626,ENSG00000141736,EFO_0000571,lung adenocarcinoma,eva_somatic:0.8077542733932408; slapenrich:0.9599964603886157; cancer_biomarkers:0.9471757543886921; cancer_gene_census:0.4559480982087158; intogen:0.2774082077424075; europepmc:0.8830405329457662; chembl:0.15198269940290526,0.6249378191987213,ERBB2
P04626,ENSG00000141736,EFO_0003869,breast neoplasm,chembl:0.9577575050587478; europepmc:0.9468287589023249,0.6110306020989362,ERBB2
P04626,ENSG00000141736,MONDO_0004986,urinary bladder carcinoma,eva_somatic:0.8007968431539079; cancer_gene_census:0.607930797611621; cancer_biomarkers:0.607930797611621; europepmc:0.8952761972732409; chembl:0.17256791168869876,0.6107559399901901,ERBB2
P04629,ENSG00000198400,MONDO_0009746,hereditary sensory and autonomic neuropathy type 4,uniprot_variants:0.9741405848000253; eva:0.9465025360740582; genomics_england:0.9285669064556789; uniprot_literature:0.607930797611621; gene2phenotype:0.607930797611621; clingen:0.607930797611621; orphanet:0.607930797611621; europepmc:0.3925213383712393; impc:0.2573371066289992,0.8556072597093162,NTRK1
P04629,ENSG00000198400,EFO_0000616,neoplasm,chembl:0.9206413165530579; cancer_gene_census:0.3039653988058105; eva:0.19453785523571876; europepmc:0.9135057968775697,0.62596616262384,NTRK1
P04629,ENSG00000198400,EFO_0003060,non-small cell lung carcinoma,chembl:0.890501756141363; cancer_gene_census:0.4559480982087158; europepmc:0.42032343170368575,0.6163380558409601,NTRK1
P04629,ENSG00000198400,MONDO_0007958,familial medullary thyroid carcinoma,eva:0.7769321915778427; genomics_england:0.607930797611621; orphanet:0.607930797611621; europepmc:0.04901328518655327,0.606152857455001,NTRK1
P04629,ENSG00000198400,EFO_0000508,genetic disorder,eva:0.8585335579093414; europepmc:0.040761759979859195,0.5231680070989992,NTRK1
P04629,ENSG00000198400,EFO_0005772,neurodegenerative disease,crispr_screen:0.844702512830852; europepmc:0.10664908081521304,0.5167624354080274,NTRK1
P04629,ENSG00000198400,EFO_0004142,colorectal neoplasm,chembl:0.8155911723023309; europepmc:0.06872562893207232,0.4979120132234048,NTRK1
P04629,ENSG00000198400,MONDO_0004992,cancer,chembl:0.67785892910569; cancer_biomarkers:0.7599134970145264; europepmc:0.5268287542814633,0.4769554033959787,NTRK1
P04629,ENSG00000198400,EFO_0004587,lymphocyte count,gwas_credible_sets:0.7724274309668728,0.4695824242047863,NTRK1
P04629,ENSG00000198400,EFO_0009449,keratitis,chembl:0.7599134970145264,0.4619748183558772,NTRK1
P05129,ENSG00000126583,MONDO_0011540,spinocerebellar ataxia type 14,eva:0.904656694403452; uniprot_variants:0.8897742701710087; genomics_england:0.8248438835927676; uniprot_literature:0.607930797611621; orphanet:0.607930797611621; impc:0.4504387253553605; europepmc:0.24940698615462864,0.7809375156049279,PRKCG
P05129,ENSG00000126583,EFO_0000222,acute myeloid leukemia,chembl:0.821713878702987; slapenrich:0.4633084534106921; europepmc:0.37962471816119514,0.5398811763402128,PRKCG
P05129,ENSG00000126583,EFO_0007359,mast-cell leukemia,chembl:0.7734230702947845; europepmc:0.04137306817079087,0.4714453021321726,PRKCG
P05129,ENSG00000126583,EFO_0000616,neoplasm,chembl:0.6399944084960267; europepmc:0.866253076326898,0.4154034074052137,PRKCG
P05129,ENSG00000126583,MONDO_0016586,systemic mastocytosis,chembl:0.6383273374922022; europepmc:0.07252952154838646,0.3902634939132018,PRKCG
P05129,ENSG00000126583,EFO_0004346,neuroimaging measurement,gwas_credible_sets:0.6242855962472247,0.3795224404640217,PRKCG
P05129,ENSG00000126583,EFO_0009001,Mastocytosis,chembl:0.607930797611621; europepmc:0.03647584785669727,0.3706885942487558,PRKCG
P05129,ENSG00000126583,EFO_0005772,neurodegenerative disease,crispr_screen:0.48637700671601686; europepmc:0.14351761238427846,0.3000460004612254,PRKCG
P05129,ENSG00000126583,EFO_0000565,leukemia,chembl:0.4718635472815629; europepmc:0.15107680913549812,0.2914525949166475,PRKCG
P05129,ENSG00000126583,EFO_1000044,pancreatic adenocarcinoma,slapenrich:0.9264398295011296; chembl:0.06079307976116211; europepmc:0.02539462037356544,0.2911882190958765,PRKCG
P05771,ENSG00000166501,EFO_0000222,acute myeloid leukemia,chembl:0.821713878702987; cancer_gene_census:0.3039653988058105; europepmc:0.3638154679437361,0.5506576472487108,PRKCB
P05771,ENSG00000166501,EFO_0004587,lymphocyte count,gwas_credible_sets:0.8389473246181139,0.5100219162092255,PRKCB
P05771,ENSG00000166501,EFO_0000729,ulcerative colitis,gwas_credible_sets:0.754917725652332; chembl:0.12158615952232422; europepmc:0.36189279507500316; expression_atlas:0.032574410268947473,0.482553282396078,PRKCB
P05771,ENSG00000166501,EFO_0007359,mast-cell leukemia,chembl:0.7734230702947845; europepmc:0.04137306817079087,0.4714453021321726,PRKCB
P05771,ENSG00000166501,EFO_0004340,body mass index,gwas_credible_sets:0.7400812178282257,0.4499181650516931,PRKCB
P05771,ENSG00000166501,EFO_0000616,neoplasm,chembl:0.6413528711425416; cancer_gene_census:0.3039653988058105; europepmc:0.9029934202972747,0.4482947001228732,PRKCB
P05771,ENSG00000166501,EFO_0003767,inflammatory bowel disease,gwas_credible_sets:0.69741269730427; europepmc:0.08221470550273761,0.426477699911241,PRKCB
P05771,ENSG00000166501,EFO_0004842,eosinophil count,gwas_credible_sets:0.6759529618902261,0.4109326232698628,PRKCB
P05771,ENSG00000166501,EFO_0000519,glioblastoma multiforme,chembl:0.5492485886754993; slapenrich:0.798860423710097; europepmc:0.4897629446907831; expression_atlas:0.2873302588460217,0.4034115642305909,PRKCB
P05771,ENSG00000166501,MONDO_0016586,systemic mastocytosis,chembl:0.6383273374922022; europepmc:0.07252952154838646,0.3902634939132018,PRKCB
P06213,ENSG00000171105,Orphanet_508,Leprechaunism,uniprot_variants:0.9703567939903968; genomics_england:0.9190679877429972; eva:0.8928000149447705; orphanet:0.607930797611621; gene2phenotype:0.607930797611621; uniprot_literature:0.607930797611621; europepmc:0.13524583421828607,0.8383825840397519,INSR
P06213,ENSG00000171105,MONDO_0012520,insulin-resistance syndrome type A,uniprot_variants:0.9688369669963677; genomics_england:0.9066612367713315; eva:0.8718567387027427; orphanet:0.607930797611621; uniprot_literature:0.607930797611621; gene2phenotype:0.607930797611621; europepmc:0.17898780731242747,0.8342668884273825,INSR
P06213,ENSG00000171105,MONDO_0009874,Rabson-Mendenhall syndrome,uniprot_variants:0.9471757543886921; genomics_england:0.9066612367713315; eva:0.8801446656530532; orphanet:0.607930797611621; uniprot_literature:0.607930797611621; impc:0.2580666235861332; europepmc:0.15150125392443112,0.8121954836034121,INSR
P06213,ENSG00000171105,MONDO_0005148,type 2 diabetes mellitus,chembl:0.9986241163639457; gwas_credible_sets:0.646434423329569; eva:0.5927325276713306; uniprot_variants:0.4137306817079088; uniprot_literature:0.3039653988058105; eva_somatic:0.19453785523571876; impc:0.5515063761099624; europepmc:0.3899411551788686,0.7738850339469568,INSR
P06213,ENSG00000171105,MONDO_0012381,hyperinsulinism due to INSR deficiency,genomics_england:0.865457038266544; eva:0.8505153947477129; orphanet:0.607930797611621; uniprot_literature:0.607930797611621; uniprot_variants:0.607930797611621; impc:0.8018791619398478; europepmc:0.030396539880581056,0.7371316623381129,INSR
P06213,ENSG00000171105,MONDO_0009517,Donohue syndrome,eva:0.8928000149447705; genomics_england:0.7599134970145264; europepmc:0.14125235569239972,0.6601625888322463,INSR
P06213,ENSG00000171105,EFO_0004530,triglyceride measurement,gwas_credible_sets:0.90482702052864; gene_burden:0.5854033847573651,0.6390433989455446,INSR
P06213,ENSG00000171105,EFO_0000400,diabetes mellitus,chembl:0.997667329394474; europepmc:0.6944511366901682; gwas_credible_sets:0.07846908422891201,0.6329220261994822,INSR
P06213,ENSG00000171105,MONDO_0005147,type 1 diabetes mellitus,chembl:0.9936964931944151; europepmc:0.7342376905770986; impc:0.25770186510756615,0.6298984291661339,INSR
P06213,ENSG00000171105,EFO_0000537,hypertension,gwas_credible_sets:0.8080444239642329; chembl:0.634662865739932; europepmc:0.042323804390389054,0.5882646432490489,INSR
P06239,ENSG00000182866,MONDO_0014334,severe combined immunodeficiency due to LCK deficiency,eva:0.8876421294280785; genomics_england:0.865457038266544; uniprot_literature:0.607930797611621; orphanet:0.607930797611621; uniprot_variants:0.607930797611621; clingen:0.3039653988058105; impc:0.3206834957401301,0.7560346296251264,LCK
P06239,ENSG00000182866,MONDO_0004992,cancer,reactome:0.9190679877429972; chembl:0.48722639744910673; europepmc:0.7772607935974031,0.6432801796015518,LCK
P06239,ENSG00000182866,EFO_0000220,acute lymphoblastic leukemia,chembl:0.9037244220988341; cancer_gene_census:0.3039653988058105; europepmc:0.6926659522767069,0.6049570120242552,LCK
P06239,ENSG00000182866,EFO_0000339,chronic myelogenous leukemia,chembl:0.9580573757688562; europepmc:0.1695196906782455,0.5875853966471024,LCK
P06239,ENSG00000182866,EFO_0000681,renal cell carcinoma,chembl:0.8983529907198988; europepmc:0.06383273374922022,0.548076744422228,LCK
P06239,ENSG00000182866,EFO_0000691,sarcoma,chembl:0.8730027081524848; europepmc:0.06518369107724604,0.5327065913496384,LCK
P06239,ENSG00000182866,EFO_0000616,neoplasm,chembl:0.7527044113658203; europepmc:0.8647724164927839,0.4838782824129582,LCK
P06239,ENSG00000182866,EFO_0000764,HIV infection,reactome:0.7599134970145264; chembl:0.12158615952232422; europepmc:0.03248714634570102,0.4808926985743361,LCK
P06239,ENSG00000182866,MONDO_0015131,combined immunodeficiency,genomics_england:0.7599134970145264; europepmc:0.07734230702947845,0.4643257568759549,LCK
P06239,ENSG00000182866,HP_0005387,Combined immunodeficiency,genomics_england:0.7599134970145264,0.4619748183558772,LCK
P06241,ENSG00000010810,EFO_0000339,chronic myelogenous leukemia,chembl:0.9580573757688562; europepmc:0.6252516322694774,0.6014380707845348,FYN
P06241,ENSG00000010810,MONDO_0004992,cancer,reactome:0.9190679877429972; chembl:0.17696128963366448; europepmc:0.3911892830756959,0.5909095896224144,FYN
P06241,ENSG00000010810,EFO_0004346,neuroimaging measurement,gwas_credible_sets:0.9103881969660708,0.553453022717789,FYN
P06241,ENSG00000010810,EFO_0000220,acute lymphoblastic leukemia,chembl:0.9037244220988341; europepmc:0.10017764853838915,0.5524469626365854,FYN
P06241,ENSG00000010810,EFO_0005772,neurodegenerative disease,crispr_screen:0.860338473626031; europepmc:0.20867122843627897,0.5293691378045309,FYN
P06241,ENSG00000010810,EFO_0022910,ebv-positive nodal t- and nk-cell lymphoma,eva_somatic:0.6839221473130737; eva:0.547137717850459,0.4989328038243473,FYN
P06241,ENSG00000010810,MONDO_0005180,Parkinson disease,gwas_credible_sets:0.7686359221383132; europepmc:0.9953237836628133,0.4975318483026861,FYN
P06241,ENSG00000010810,EFO_0004705,hypothyroidism,gwas_credible_sets:0.7954192184584024,0.4835598399130288,FYN
P06241,ENSG00000010810,EFO_0005046,cutaneous Leishmaniasis,reactome:0.7599134970145264,0.4619748183558772,FYN
P06241,ENSG00000010810,EFO_0004289,lymphoid leukemia,chembl:0.7449206373023215,0.4528601971925574,FYN
P06493,ENSG00000170312,EFO_0005772,neurodegenerative disease,crispr_screen:0.8748783700696593; europepmc:0.05079654885954736,0.5334095446528081,CDK1
P06493,ENSG00000170312,MONDO_0004975,Alzheimer disease,crispr_screen:0.841870849538829; europepmc:0.43006419653385286,0.5248716805472646,CDK1
P06493,ENSG00000170312,MONDO_0005180,Parkinson disease,crispr_screen:0.841870849538829; europepmc:0.09000753197972058,0.5145351345814876,CDK1
P06493,ENSG00000170312,MONDO_0005301,multiple sclerosis,crispr_screen:0.841870849538829,0.5117992170461133,CDK1
P06493,ENSG00000170312,MONDO_0002561,lysosomal storage disease,crispr_screen:0.841870849538829,0.5117992170461133,CDK1
P06493,ENSG00000170312,EFO_0006335,systolic blood pressure,gwas_credible_sets:0.6775637997064929,0.4119119011883289,CDK1
P06493,ENSG00000170312,EFO_0006336,diastolic blood pressure,gwas_credible_sets:0.6758611594454075,0.4108768137363616,CDK1
P06493,ENSG00000170312,EFO_0004532,serum gamma-glutamyl transferase measurement,gwas_credible_sets:0.6690397729820654,0.4067298828228849,CDK1
P06493,ENSG00000170312,EFO_0004725,metabolite measurement,gwas_credible_sets:0.6421693264139514,0.3903945108085509,CDK1
P06493,ENSG00000170312,EFO_0009270,heel bone mineral density,gwas_credible_sets:0.6326497497925676,0.3846072670001881,CDK1
P07332,ENSG00000182511,EFO_0006335,systolic blood pressure,gwas_credible_sets:0.9457283318573471; gene_burden:0.3427261188402977,0.6270258198071742,FES
P07332,ENSG00000182511,EFO_0006336,diastolic blood pressure,gwas_credible_sets:0.9366109166022618; gene_burden:0.3326648439722189,0.6199539225651086,FES
P07332,ENSG00000182511,EFO_0000537,hypertension,gwas_credible_sets:0.8901293824761239; gene_burden:0.38557425813636814; europepmc:0.030396539880581056,0.6001483263210706,FES
P07332,ENSG00000182511,EFO_0001645,coronary artery disease,gwas_credible_sets:0.9489154424545893; europepmc:0.034787151196664985,0.577932330826084,FES
P07332,ENSG00000182511,EFO_0005763,pulse pressure measurement,gwas_credible_sets:0.9299999026858878,0.5653755826185618,FES
P07332,ENSG00000182511,MONDO_0005090,schizophrenia,gwas_credible_sets:0.9127605904782313; europepmc:0.034787151196664985,0.5559526828265666,FES
P07332,ENSG00000182511,EFO_0004833,neutrophil count,gwas_credible_sets:0.910109166140904,0.5532833912856872,FES
P07332,ENSG00000182511,EFO_0003913,angina pectoris,gwas_credible_sets:0.9045330256880885; europepmc:0.030396539880581056,0.5508174334093243,FES
P07332,ENSG00000182511,EFO_0004346,neuroimaging measurement,gwas_credible_sets:0.8915502741264291,0.5420008692605395,FES
P07332,ENSG00000182511,EFO_0000612,myocardial infarction,gwas_credible_sets:0.8888504497932068,0.5403595629002323,FES
P07333,ENSG00000182578,Orphanet_313808,Hereditary diffuse leukoencephalopathy with axonal spheroids and pigmented glia,uniprot_variants:0.9671529481664186; genomics_england:0.9285669064556789; eva:0.8982004248286104; orphanet:0.607930797611621; uniprot_literature:0.607930797611621; europepmc:0.5865078935652478; impc:0.40208542954032617,0.8306202082142897,CSF1R
P07333,ENSG00000182578,MONDO_0800027,"leukoencephalopathy, diffuse hereditary, with spheroids 1",uniprot_variants:0.9671529481664186; genomics_england:0.9285669064556789; eva:0.8769124374625978; orphanet:0.607930797611621; uniprot_literature:0.607930797611621; impc:0.40208542954032617,0.8275616681309418,CSF1R
P07333,ENSG00000182578,EFO_0010268,"brain abnormalities, neurodegeneration, and dysosteosclerosis",eva:0.9022061493792255; genomics_england:0.8897742701710087; uniprot_variants:0.8897742701710087; gene2phenotype:0.607930797611621; uniprot_literature:0.607930797611621; impc:0.25995120905872915,0.7825714455530791,CSF1R
P07333,ENSG00000182578,MONDO_0011719,gastrointestinal stromal tumor,chembl:0.9397996095372532; cancer_gene_census:0.3039653988058105; europepmc:0.1642344808187771,0.6197493458104265,CSF1R
P07333,ENSG00000182578,EFO_0000681,renal cell carcinoma,chembl:0.9739163839708443; europepmc:0.2575503806425834,0.5999024045308824,CSF1R
P07333,ENSG00000182578,EFO_0000616,neoplasm,chembl:0.8880733205380305; cancer_gene_census:0.3039653988058105; europepmc:0.9820342829176768,0.5993514680366756,CSF1R
P07333,ENSG00000182578,EFO_0005091,monocyte count,gwas_credible_sets:0.9559445136369241,0.5811481106477484,CSF1R
P07333,ENSG00000182578,EFO_0007989,monocyte percentage of leukocytes,gwas_credible_sets:0.8929684953023485,0.5428630495912058,CSF1R
P07333,ENSG00000182578,EFO_0000691,sarcoma,chembl:0.8741839954573877; europepmc:0.09105670444608345,0.5342111823658131,CSF1R
P07333,ENSG00000182578,EFO_1001901,neuroendocrine neoplasm,chembl:0.8476824720237899; europepmc:0.09547120663366356,0.5182342756787006,CSF1R
P07947,ENSG00000176105,EFO_0000339,chronic myelogenous leukemia,chembl:0.9580573757688562; europepmc:0.07734230702947845,0.584783523128935,YES1
P07947,ENSG00000176105,MONDO_0004992,cancer,reactome:0.9066612367713315; chembl:0.17696128963366448; europepmc:0.29630468711755836,0.5820852932061766,YES1
P07947,ENSG00000176105,EFO_0000220,acute lymphoblastic leukemia,chembl:0.9037244220988341; europepmc:0.07734230702947845,0.5517528472677232,YES1
P07947,ENSG00000176105,EFO_0006335,systolic blood pressure,gwas_credible_sets:0.8579488019188661,0.5215734994604709,YES1
P07947,ENSG00000176105,EFO_0004309,platelet count,gwas_credible_sets:0.822486828475668,0.5000150736602654,YES1
P07947,ENSG00000176105,EFO_0006336,diastolic blood pressure,gwas_credible_sets:0.8122260357062007,0.4937772217277956,YES1
P07947,ENSG00000176105,EFO_0005046,cutaneous Leishmaniasis,reactome:0.7599134970145264,0.4619748183558772,YES1
P07947,ENSG00000176105,EFO_0004289,lymphoid leukemia,chembl:0.7449206373023215,0.4528601971925574,YES1
P07947,ENSG00000176105,EFO_0000616,neoplasm,chembl:0.6654080796079205; europepmc:0.6530125330284917,0.4243713860759799,YES1
P07947,ENSG00000176105,EFO_0004305,erythrocyte count,gwas_credible_sets:0.6747007038469058,0.4101713370387716,YES1
P07948,ENSG00000254087,MONDO_0957271,"autoinflammatory disease, systemic, with vasculitis",eva:0.7866928486493182; genomics_england:0.607930797611621; uniprot_literature:0.607930797611621; uniprot_variants:0.607930797611621; impc:0.4287518580294617,0.6368981555142423,LYN
P07948,ENSG00000254087,EFO_0000339,chronic myelogenous leukemia,chembl:0.9628362450740722; impc:0.4388162705926884; europepmc:0.21955839699841198,0.6016424429601235,LYN
P07948,ENSG00000254087,MONDO_0004992,cancer,reactome:0.9066612367713315; chembl:0.17696128963366448; europepmc:0.27884310024516923,0.5818493946187346,LYN
P07948,ENSG00000254087,EFO_0000220,acute lymphoblastic leukemia,chembl:0.9037244220988341; europepmc:0.2683382335889238,0.5575584625664158,LYN
P07948,ENSG00000254087,EFO_0005091,monocyte count,gwas_credible_sets:0.8816439165926134,0.535978489423581,LYN
P07948,ENSG00000254087,OBA_0003277,platelet volume,gwas_credible_sets:0.8766626789597476,0.5329502416563399,LYN
P07948,ENSG00000254087,EFO_0005772,neurodegenerative disease,crispr_screen:0.865457038266544; europepmc:0.05302507512501362,0.5277497663826796,LYN
P07948,ENSG00000254087,EFO_0004309,platelet count,gwas_credible_sets:0.8542594155330976,0.5193306078522733,LYN
P07948,ENSG00000254087,EFO_0000616,neoplasm,chembl:0.7457653883170406; eva:0.19453785523571876; europepmc:0.841243419800565; cancer_gene_census:0.15198269940290526,0.5000796605812742,LYN
P07948,ENSG00000254087,EFO_0004528,mean corpuscular hemoglobin concentration,gwas_credible_sets:0.7749168630121254,0.4710958266136567,LYN
P07949,ENSG00000165731,MONDO_0008234,multiple endocrine neoplasia type 2A,uniprot_variants:0.9807083091500045; eva:0.942467952809448; genomics_england:0.9190679877429972; orphanet:0.607930797611621; clingen:0.607930797611621; gene2phenotype:0.607930797611621; uniprot_literature:0.607930797611621; europepmc:0.3458262811623276; impc:0.3024455718117815,0.8583241632332175,RET
P07949,ENSG00000165731,MONDO_0015277,medullary thyroid gland carcinoma,uniprot_variants:0.9818602383993099; chembl:0.9043386393989544; genomics_england:0.865457038266544; eva:0.7444956965084317; cancer_gene_census:0.607930797611621; uniprot_literature:0.607930797611621; gene2phenotype:0.607930797611621; europepmc:0.9817729519008866; impc:0.28536271639889493,0.8559795494557313,RET
P07949,ENSG00000165731,MONDO_0008082,multiple endocrine neoplasia type 2B,eva:0.9318112988913749; genomics_england:0.9285669064556789; uniprot_variants:0.8274613634158176; clingen:0.607930797611621; orphanet:0.607930797611621; uniprot_literature:0.607930797611621; gene2phenotype:0.607930797611621; europepmc:0.221764345432591,0.8196079332979929,RET
P07949,ENSG00000165731,MONDO_0008233,pheochromocytoma,eva:0.9262823968664397; genomics_england:0.8897742701710087; gene2phenotype:0.607930797611621; uniprot_literature:0.607930797611621; eva_somatic:0.547137717850459; europepmc:0.6528968554174408,0.7780190252433801,RET
P07949,ENSG00000165731,MONDO_0018309,Hirschsprung disease,eva:0.9408986254839935; gwas_credible_sets:0.8224088602094486; orphanet:0.607930797611621; impc:0.8973413456435997; europepmc:0.48376805386383254,0.747229396738554,RET
P07949,ENSG00000165731,EFO_0003060,non-small cell lung carcinoma,chembl:0.9579909093430915; cancer_gene_census:0.607930797611621; europepmc:0.9847202302170224; intogen:0.15198269940290526,0.6938649766329212,RET
P07949,ENSG00000165731,MONDO_0007958,familial medullary thyroid carcinoma,eva:0.9369883443567936; orphanet:0.607930797611621; impc:0.7038294660986305; europepmc:0.21791760413933953,0.6731834562440834,RET
P07949,ENSG00000165731,MONDO_0017169,multiple endocrine neoplasia,genomics_england:0.9285669064556789; eva:0.6824539041759636; europepmc:0.14416749539422954,0.6701732479957306,RET
P07949,ENSG00000165731,MONDO_0011719,gastrointestinal stromal tumor,chembl:0.9439612617300034; cancer_gene_census:0.4559480982087158; europepmc:0.08607099010760855,0.6443221278595378,RET
P07949,ENSG00000165731,EFO_0000681,renal cell carcinoma,chembl:0.9729150624894799; cancer_gene_census:0.3039653988058105; europepmc:0.12463367927976486,0.6393462596065956,RET
P08069,ENSG00000140443,MONDO_0010038,growth delay due to insulin-like growth factor I resistance,genomics_england:0.9285669064556789; eva:0.906968050196458; uniprot_variants:0.8897742701710087; gene2phenotype:0.7599134970145264; uniprot_literature:0.607930797611621; orphanet:0.607930797611621,0.8163729535564269,IGF1R
P08069,ENSG00000140443,EFO_0004995,lean body mass,gene_burden:0.9846027431177863; gwas_credible_sets:0.9327451656640909,0.7403314590868244,IGF1R
P08069,ENSG00000140443,EFO_0004627,IGF-1 measurement,gwas_credible_sets:0.9196225508662789; gene_burden:0.8896727035164532,0.6942817299152817,IGF1R
P08069,ENSG00000140443,OBA_VT0001253,body height,gene_burden:0.9501353564103994; gwas_credible_sets:0.7629064776499959,0.6935651309267846,IGF1R
P08069,ENSG00000140443,EFO_0004324,body weights and measures,gene_burden:0.9142010058189962; gwas_credible_sets:0.8803425187517557,0.6895677790439332,IGF1R
P08069,ENSG00000140443,EFO_0011011,sitting height measurement,gene_burden:0.9426780145823204; gwas_credible_sets:0.7137533041513195,0.6815611511686298,IGF1R
P08069,ENSG00000140443,EFO_0009805,whole body water mass,gene_burden:0.9206291128820291; gwas_credible_sets:0.7344044985025517,0.6712955690349058,IGF1R
P08069,ENSG00000140443,EFO_0004338,body weight,gwas_credible_sets:0.9511279881781259; gene_burden:0.25499111690873394,0.6169742347554158,IGF1R
P08069,ENSG00000140443,EFO_0004302,anthropometric measurement,gene_burden:0.9741841588771614,0.5922365527267989,IGF1R
P08069,ENSG00000140443,EFO_0004314,forced expiratory volume,gwas_credible_sets:0.8208124017076186; gene_burden:0.5489353325665345,0.5824258117007164,IGF1R
P08581,ENSG00000105976,EFO_0000640,papillary renal cell carcinoma,uniprot_variants:0.9631730517704179; eva:0.8849368277501418; intogen:0.607930797611621; cancer_gene_census:0.607930797611621; genomics_england:0.607930797611621; uniprot_literature:0.607930797611621; clingen:0.607930797611621; eva_somatic:0.547137717850459; chembl:0.49332030170177055; europepmc:0.24034009327407807; expression_atlas:0.17797701730749338,0.8261633681426642,MET
P08581,ENSG00000105976,EFO_0000182,hepatocellular carcinoma,uniprot_variants:0.8897742701710087; chembl:0.8109625086917306; eva_somatic:0.7447152270742359; uniprot_literature:0.607930797611621; eva:0.5648363673876653; cancer_gene_census:0.4559480982087158; cancer_biomarkers:0.607930797611621; europepmc:0.9889090787421504; impc:0.27010365337884323,0.7650663349542245,MET
P08581,ENSG00000105976,MONDO_0003789,hereditary papillary renal cell carcinoma,uniprot_variants:0.9631730517704179; uniprot_literature:0.607930797611621; orphanet:0.607930797611621; gene2phenotype:0.607930797611621; genomics_england:0.607930797611621; eva:0.19453785523571876; europepmc:0.07400448115191327,0.7603526739730188,MET
P08581,ENSG00000105976,EFO_0003060,non-small cell lung carcinoma,chembl:0.977342177428603; cancer_gene_census:0.4559480982087158; intogen:0.43202734159571676; cancer_biomarkers:0.7599134970145264; crispr:0.3550315858051867; europepmc:0.9870459506109464,0.719038898248089,MET
P08581,ENSG00000105976,EFO_0000681,renal cell carcinoma,chembl:0.8908455300088807; eva:0.8413011495422733; cancer_gene_census:0.3039653988058105; intogen:0.2597782975131929; europepmc:0.6208630983151734,0.7028578535885157,MET
P08581,ENSG00000105976,EFO_0000616,neoplasm,chembl:0.9225177715910391; cancer_gene_census:0.4559480982087158; europepmc:0.9940837234960243,0.6435528343568988,MET
P08581,ENSG00000105976,EFO_0007347,listeriosis,reactome:0.9285669064556789; europepmc:0.07599134970145263,0.5668142941691358,MET
P08581,ENSG00000105976,MONDO_0000845,fibrous dysplasia,orphanet:0.607930797611621; uniprot_variants:0.607930797611621; uniprot_literature:0.607930797611621; eva:0.6012410693081713,0.5258838068305136,MET
P08581,ENSG00000105976,MONDO_0015356,hereditary neoplastic syndrome,eva:0.8576105761790926; europepmc:0.030396539880581056,0.5222918312534295,MET
P08581,ENSG00000105976,Orphanet_140162,Inherited cancer-predisposing syndrome,eva:0.8576105761790926,0.5213678816167177,MET
P08631,ENSG00000101336,EFO_0000339,chronic myelogenous leukemia,chembl:0.9628362450740722; europepmc:0.13759623530701273; expression_atlas:0.021296310600521232,0.5898079599598434,HCK
P08631,ENSG00000101336,EFO_0000220,acute lymphoblastic leukemia,chembl:0.9037244220988341; europepmc:0.10322336198239829,0.5525395417867511,HCK
P08631,ENSG00000101336,EFO_0000616,neoplasm,chembl:0.7457653883170406; europepmc:0.8465112300847525,0.4791047597153497,HCK
P08631,ENSG00000101336,EFO_0005046,cutaneous Leishmaniasis,reactome:0.7599134970145264,0.4619748183558772,HCK
P08631,ENSG00000101336,EFO_0004289,lymphoid leukemia,chembl:0.7449206373023215,0.4528601971925574,HCK
P08631,ENSG00000101336,EFO_0005091,monocyte count,gwas_credible_sets:0.7180841240445335,0.4365454542826354,HCK
P08631,ENSG00000101336,EFO_0005772,neurodegenerative disease,crispr_screen:0.6870194316910471,0.4176602710826209,HCK
P08631,ENSG00000101336,MONDO_0957204,autoinflammation with pulmonary and cutaneous vasculitis,eva:0.547137717850459; uniprot_variants:0.3039653988058105; uniprot_literature:0.3039653988058105; gene2phenotype:0.006079307976116211,0.3995825526101473,HCK
P08631,ENSG00000101336,EFO_0803539,basophil measurement,gwas_credible_sets:0.6508652159688156,0.3956810098815821,HCK
P08631,ENSG00000101336,EFO_0000764,HIV infection,reactome:0.607930797611621; chembl:0.12158615952232422; europepmc:0.11735821641137974,0.3896443068435868,HCK
P08922,ENSG00000047936,EFO_0003060,non-small cell lung carcinoma,chembl:0.890501756141363; cancer_gene_census:0.607930797611621; cancer_biomarkers:0.607930797611621; europepmc:0.9748800991337687,0.6616988661589198,ROS1
P08922,ENSG00000047936,EFO_0000571,lung adenocarcinoma,eva_somatic:0.737973950007387; cancer_gene_census:0.607930797611621; cancer_biomarkers:0.9285669064556789; gwas_credible_sets:0.15249539858359457; europepmc:0.4465905850960962; expression_atlas:0.020558665682285194,0.5804289820325145,ROS1
P08922,ENSG00000047936,EFO_0000616,neoplasm,chembl:0.7945416577651763; cancer_gene_census:0.3039653988058105; eva:0.24317231904464845; europepmc:0.9427327343905514,0.552813550185159,ROS1
P08922,ENSG00000047936,EFO_0001071,lung carcinoma,cancer_gene_census:0.607930797611621; gwas_credible_sets:0.1442363169217109; expression_atlas:0.38349625906703433; europepmc:0.16335559015768183,0.3979235114747033,ROS1
P08922,ENSG00000047936,EFO_0000756,melanoma,cancer_gene_census:0.607930797611621; europepmc:0.6458274222415943,0.3892107736808412,ROS1
P08922,ENSG00000047936,EFO_0000389,cutaneous melanoma,cancer_gene_census:0.607930797611621; chembl:0.12158615952232422; europepmc:0.030396539880581056,0.3884694917019199,ROS1
P08922,ENSG00000047936,EFO_0001642,lymphoid neoplasm,cancer_gene_census:0.607930797611621; chembl:0.12158615952232422; europepmc:0.012158615952232422,0.3882231051321301,ROS1
P08922,ENSG00000047936,MONDO_0005341,skin basal cell carcinoma,cancer_gene_census:0.607930797611621; europepmc:0.08511031166562696,0.3721669136674946,ROS1
P08922,ENSG00000047936,EFO_0000708,squamous cell lung carcinoma,cancer_gene_census:0.607930797611621; europepmc:0.08045429092944968,0.3720253867475027,ROS1
P08922,ENSG00000047936,MONDO_0044793,spitz nevus,cancer_gene_census:0.607930797611621; europepmc:0.07793335086048976,0.37194875889216,ROS1
P09619,ENSG00000113721,MONDO_0009227,"myofibromatosis, infantile, 1",genomics_england:0.8897742701710087; eva:0.8577257524763193; uniprot_variants:0.7599134970145264; gene2phenotype:0.7599134970145264; eva_somatic:0.7447152270742359; uniprot_literature:0.607930797611621,0.7798601384423417,PDGFRB
P09619,ENSG00000113721,MONDO_0008947,bilateral striopallidodentate calcinosis,eva:0.8754586999705367; genomics_england:0.865457038266544; uniprot_variants:0.8274613634158176; orphanet:0.607930797611621; uniprot_literature:0.607930797611621; eva_somatic:0.21277577916406737; europepmc:0.29920444528335216,0.7618635558600885,PDGFRB
P09619,ENSG00000113721,MONDO_0014704,skeletal overgrowth-craniofacial dysmorphism-hyperelastic skin-white matter lesions syndrome,eva:0.8768183897912465; genomics_england:0.8274613634158176; uniprot_literature:0.607930797611621; gene2phenotype:0.607930797611621; uniprot_variants:0.607930797611621; orphanet:0.607930797611621; europepmc:0.1478980432106348,0.7483841720461936,PDGFRB
P09619,ENSG00000113721,HP_0002135,Basal ganglia calcification,eva:0.8754586999705367; genomics_england:0.865457038266544; uniprot_variants:0.8274613634158176; uniprot_literature:0.607930797611621; eva_somatic:0.21277577916406737; europepmc:0.06965873722633158,0.7481541761075281,PDGFRB
P09619,ENSG00000113721,MONDO_0011150,acroosteolysis-keloid-like lesions-premature aging syndrome,eva:0.8693511331814009; genomics_england:0.8274613634158176; uniprot_literature:0.607930797611621; uniprot_variants:0.607930797611621; gene2phenotype:0.607930797611621; orphanet:0.607930797611621; europepmc:0.01823792392834863,0.7435228646172211,PDGFRB
P09619,ENSG00000113721,MONDO_0016824,infantile myofibromatosis,eva_somatic:0.8749791909337898; eva:0.8623179248793805; genomics_england:0.607930797611621; orphanet:0.607930797611621; europepmc:0.2545415560247102,0.728385321830159,PDGFRB
P09619,ENSG00000113721,MONDO_0011719,gastrointestinal stromal tumor,chembl:0.9592813686926861; cancer_gene_census:0.4559480982087158; europepmc:0.34991647686153465,0.6572001326428245,PDGFRB
P09619,ENSG00000113721,EFO_0000339,chronic myelogenous leukemia,chembl:0.9821739829363165; cancer_gene_census:0.3039653988058105; europepmc:0.12907921709148762,0.6450350998177012,PDGFRB
P09619,ENSG00000113721,EFO_0000616,neoplasm,chembl:0.9521772000181462; cancer_gene_census:0.3039653988058105; europepmc:0.9718064231367218,0.6381840165978107,PDGFRB
P09619,ENSG00000113721,EFO_0000222,acute myeloid leukemia,chembl:0.8613340374686643; cancer_gene_census:0.4559480982087158; slapenrich:0.908005658676501; uniprot_literature:0.3039653988058105; europepmc:0.2563393653064411,0.63639069684107,PDGFRB
P09769,ENSG00000000938,EFO_0000339,chronic myelogenous leukemia,chembl:0.9580573757688562; europepmc:0.1264165729287551; expression_atlas:0.01904467554002646,0.5865324964492593,FGR
P09769,ENSG00000000938,EFO_0000220,acute lymphoblastic leukemia,chembl:0.9037244220988341; europepmc:0.04185424332930865,0.5506741329241764,FGR
P09769,ENSG00000000938,EFO_0005046,cutaneous Leishmaniasis,reactome:0.7599134970145264,0.4619748183558772,FGR
P09769,ENSG00000000938,EFO_0004289,lymphoid leukemia,chembl:0.7449206373023215,0.4528601971925574,FGR
P09769,ENSG00000000938,EFO_0000616,neoplasm,chembl:0.6654080796079205; europepmc:0.6379146709345617,0.4239124633087303,FGR
P09769,ENSG00000000938,EFO_0004833,neutrophil count,gwas_credible_sets:0.6571579084833665,0.3995065314610777,FGR
P09769,ENSG00000000938,EFO_0005091,monocyte count,gwas_credible_sets:0.6287047713575205,0.3822089931136093,FGR
P09769,ENSG00000000938,EFO_1000131,"Blast Phase Chronic Myelogenous Leukemia, BCR-ABL1 Positive",chembl:0.607930797611621,0.3695798546847018,FGR
P09769,ENSG00000000938,EFO_0006335,systolic blood pressure,gwas_credible_sets:0.5811441648930127,0.3532954356907486,FGR
P09769,ENSG00000000938,EFO_0000565,leukemia,chembl:0.5708871966159877; europepmc:0.08523696391512936,0.3496508175579657,FGR
P0C1S8,ENSG00000214102,MONDO_0014342,female infertility due to zona pellucida defect,eva:0.8169256194170734; impc:0.38749509039764723,0.5084127533703905,WEE2
P0C1S8,ENSG00000214102,MONDO_0044626,female infertility due to oocyte meiotic arrest,orphanet:0.607930797611621; impc:0.4664653010073969,0.3837587858096803,WEE2
P0C1S8,ENSG00000214102,Orphanet_404469,Female infertility due to fertilization defect,impc:0.5856653321490953,0.0712087985013749,WEE2
P0C1S8,ENSG00000214102,MONDO_0859521,oocyte maturation defect 14,impc:0.46464150861456205,0.0564939765871035,WEE2
P0C1S8,ENSG00000214102,MONDO_0030985,premature ovarian failure 19,impc:0.4186819403151235,0.0509059291842708,WEE2
P0C1S8,ENSG00000214102,Orphanet_400008,Rare genetic female infertility,impc:0.38749509039764723,0.0471140398752057,WEE2
P0C1S8,ENSG00000214102,MONDO_0030490,oocyte maturation defect 11,impc:0.38749509039764723,0.0471140398752057,WEE2
P0C1S8,ENSG00000214102,MONDO_0020549,invasive hydatidiform mole,impc:0.37874088691203994,0.0460496498937138,WEE2
P0C1S8,ENSG00000214102,MONDO_0957220,oocyte/zygote/embryo maturation arrest 17,impc:0.37667392220016044,0.0457983355925282,WEE2
P0C1S8,ENSG00000214102,MONDO_0957278,oocyte/zygote/embryo maturation arrest 20,impc:0.37667392220016044,0.0457983355925282,WEE2
P0C264,ENSG00000231274,EFO_0004725,metabolite measurement,gwas_credible_sets:0.3367777066840407,0.2047375398422414,SBK3
P0C264,ENSG00000231274,EFO_0009888,trauma complication,gwas_credible_sets:0.22331122400732084,0.1357577705263979,SBK3
P0C264,ENSG00000231274,MONDO_0005129,cataract,gwas_credible_sets:0.22331122400732084,0.1357577705263979,SBK3
P0C264,ENSG00000231274,EFO_1000189,Colon Sessile Serrated Adenoma/Polyp,expression_atlas:0.117613837060228,0.0143002147548375,SBK3
P0C264,ENSG00000231274,DOID_7551,gonorrhea,europepmc:0.030396539880581056,0.003695798546847,SBK3
P0C264,ENSG00000231274,EFO_0000182,hepatocellular carcinoma,europepmc:0.012158615952232422,0.0014783194187388,SBK3
P10398,ENSG00000078061,MONDO_0004992,cancer,reactome:0.8897742701710087; europepmc:0.5391284869534295; chembl:0.07599134970145263,0.5624418758510841,ARAF
P10398,ENSG00000078061,EFO_0000538,hypertrophic cardiomyopathy,reactome:0.8897742701710087,0.5409211817593593,ARAF
P10398,ENSG00000078061,MONDO_0009026,Costello syndrome,reactome:0.8897742701710087,0.5409211817593593,ARAF
P10398,ENSG00000078061,MONDO_0018997,Noonan syndrome,reactome:0.8897742701710087,0.5409211817593593,ARAF
P10398,ENSG00000078061,EFO_0000571,lung adenocarcinoma,slapenrich:0.9360722249447112; cancer_biomarkers:0.607930797611621; cancer_gene_census:0.3039653988058105; intogen:0.1637615186028469; europepmc:0.32400233800286987,0.3590612605631552,ARAF
P10398,ENSG00000078061,EFO_0000304,breast adenocarcinoma,slapenrich:0.947195275008521,0.2879145895149445,ARAF
P10398,ENSG00000078061,MONDO_0021637,low grade glioma,chembl:0.4646026685913812,0.282446270889246,ARAF
P10398,ENSG00000078061,MONDO_0011962,endometrial cancer,slapenrich:0.9237881971211986,0.2807996477500458,ARAF
P10398,ENSG00000078061,EFO_0000365,colorectal adenocarcinoma,cancer_biomarkers:0.7599134970145264; cancer_gene_census:0.3039653988058105; europepmc:0.06079307976116211,0.2780061795794923,ARAF
P10398,ENSG00000078061,EFO_0000389,cutaneous melanoma,slapenrich:0.7599134970145264; cancer_gene_census:0.3039653988058105,0.2771848910135263,ARAF
P10721,ENSG00000157404,MONDO_0011719,gastrointestinal stromal tumor,chembl:0.9760802139886937; eva:0.9321193582210512; uniprot_variants:0.9190679877429972; genomics_england:0.8922625130047706; eva_somatic:0.8248604259273965; cancer_gene_census:0.607930797611621; uniprot_literature:0.607930797611621; reactome:0.607930797611621; clingen:0.607930797611621; orphanet:0.607930797611621; cancer_biomarkers:0.9717353218761373; europepmc:0.995475841537841; impc:0.4653556753190563,0.8865549433985023,KIT
P10721,ENSG00000157404,MONDO_0008244,piebaldism,uniprot_variants:0.9471757543886921; eva:0.8931444576999212; genomics_england:0.8274613634158176; orphanet:0.607930797611621; gene2phenotype:0.607930797611621; uniprot_literature:0.607930797611621; impc:0.6899838289734038; europepmc:0.039073063319826906,0.8173874311684595,KIT
P10721,ENSG00000157404,EFO_1000886,cutaneous mastocytosis,uniprot_variants:0.9421515329208274; genomics_england:0.8274613634158176; eva:0.8100979847298159; uniprot_literature:0.7599134970145264; eva_somatic:0.6839221473130737; cancer_gene_census:0.607930797611621; impc:0.3728640874393948; europepmc:0.1985558794606809,0.8103161812778406,KIT
P10721,ENSG00000157404,MONDO_0004992,cancer,reactome:0.9779019396789099; chembl:0.6101352686182698; cancer_biomarkers:0.607930797611621; europepmc:0.8915712676200936,0.7145340958477711,KIT
P10721,ENSG00000157404,EFO_0000222,acute myeloid leukemia,chembl:0.8564404891239181; intogen:0.6584886721119593; uniprot_literature:0.607930797611621; eva_somatic:0.547137717850459; slapenrich:0.9357685933772968; cancer_gene_census:0.4559480982087158; cancer_biomarkers:0.8274613634158176; eva:0.31574308752648705; europepmc:0.9716077667778164,0.7112566785580914,KIT
P10721,ENSG00000157404,EFO_0000339,chronic myelogenous leukemia,chembl:0.9821739829363165; cancer_gene_census:0.4559480982087158; cancer_biomarkers:0.607930797611621; europepmc:0.7326012045817178; impc:0.40998008642597705,0.6944833013428635,KIT
P10721,ENSG00000157404,EFO_0009001,Mastocytosis,uniprot_variants:0.7599134970145264; chembl:0.6594360457426056; uniprot_literature:0.607930797611621; eva_somatic:0.547137717850459; eva:0.31659372572523725; europepmc:0.7730243032752827,0.6343604739618196,KIT
P10721,ENSG00000157404,EFO_0000220,acute lymphoblastic leukemia,chembl:0.9236082617173961; cancer_gene_census:0.3039653988058105; cancer_biomarkers:0.607930797611621; europepmc:0.52455852003448,0.6322057942047589,KIT
P10721,ENSG00000157404,EFO_0000616,neoplasm,chembl:0.9630311127352178; europepmc:0.9826543681762573,0.6153255651810247,KIT
P10721,ENSG00000157404,EFO_0000681,renal cell carcinoma,chembl:0.9810142392230056; europepmc:0.36635593788416465,0.607524721795583,KIT
P11309,ENSG00000137193,EFO_0000403,diffuse large B-cell lymphoma,intogen:0.7204972646120712; cancer_gene_census:0.607930797611621; europepmc:0.7468062777416422,0.5404964745590908,PIM1
P11309,ENSG00000137193,EFO_0005772,neurodegenerative disease,crispr_screen:0.8778139678624934,0.5336501456372675,PIM1
P11309,ENSG00000137193,OBA_0003460,erythrocyte volume,gwas_credible_sets:0.7978597936113841,0.4850435407124121,PIM1
P11309,ENSG00000137193,EFO_0009188,Red cell distribution width,gwas_credible_sets:0.7648930543065514,0.4650020445921708,PIM1
P11309,ENSG00000137193,EFO_0001663,prostate carcinoma,gwas_credible_sets:0.6471396185192149; cancer_gene_census:0.4559480982087158; europepmc:0.08066736872460412,0.4638021089349586,PIM1
P11309,ENSG00000137193,EFO_0004527,mean corpuscular hemoglobin,gwas_credible_sets:0.7121589767668793,0.4329433747721649,PIM1
P11309,ENSG00000137193,EFO_0004528,mean corpuscular hemoglobin concentration,gwas_credible_sets:0.6815627123369541,0.4143429633333443,PIM1
P11309,ENSG00000137193,EFO_0004305,erythrocyte count,gwas_credible_sets:0.6548262299851547,0.3980890322918859,PIM1
P11309,ENSG00000137193,EFO_1000157,Central Nervous System Lymphoma,cancer_gene_census:0.607930797611621; europepmc:0.422415352573651,0.3824198197953764,PIM1
P11309,ENSG00000137193,OBA_0003277,platelet volume,gwas_credible_sets:0.6259964765718851,0.3805625373044105,PIM1
P11362,ENSG00000077782,MONDO_0007844,hypogonadotropic hypogonadism 2 with or without anosmia,uniprot_variants:0.9905809843742084; eva:0.9440400432373459; genomics_england:0.9285669064556789; uniprot_literature:0.607930797611621,0.8315038963048869,FGFR1
P11362,ENSG00000077782,MONDO_0014196,Hartsfield-Bixler-Demyer syndrome,uniprot_variants:0.9360722249447112; genomics_england:0.9285669064556789; eva:0.9191149811686709; orphanet:0.607930797611621; gene2phenotype:0.607930797611621; uniprot_literature:0.607930797611621; clingen:0.3039653988058105; europepmc:0.32150546697863486,0.8248075513535152,FGFR1
P11362,ENSG00000077782,MONDO_0007043,Pfeiffer syndrome,genomics_england:0.9421515329208274; eva:0.9313941003623613; uniprot_variants:0.607930797611621; gene2phenotype:0.607930797611621; uniprot_literature:0.607930797611621; impc:0.25247366024810625; europepmc:0.14510350286254123,0.794477841322705,FGFR1
P11362,ENSG00000077782,MONDO_0008150,osteoglophonic dwarfism,genomics_england:0.9190679877429972; eva:0.8531250984753946; uniprot_variants:0.8274613634158176; orphanet:0.607930797611621; gene2phenotype:0.607930797611621; uniprot_literature:0.607930797611621; impc:0.3365656878277337; europepmc:0.11507201036444158; clingen:0.006079307976116211,0.7935306584625289,FGFR1
P11362,ENSG00000077782,MONDO_0013074,encephalocraniocutaneous lipomatosis,genomics_england:0.865457038266544; eva:0.8628024778929132; uniprot_variants:0.8274613634158176; eva_somatic:0.7143186871936548; gene2phenotype:0.607930797611621; uniprot_literature:0.607930797611621; europepmc:0.10874178332230444,0.7656224351274435,FGFR1
P11362,ENSG00000077782,MONDO_0007400,Jackson-Weiss syndrome,genomics_england:0.9066612367713315; eva:0.8627685229354856; uniprot_variants:0.607930797611621; uniprot_literature:0.607930797611621; impc:0.27843230530612245; europepmc:0.0439061131608393,0.747978775926485,FGFR1
P11362,ENSG00000077782,MONDO_0008603,trigonocephaly 1,genomics_england:0.8897742701710087; eva:0.8622052943785762; uniprot_variants:0.607930797611621; uniprot_literature:0.607930797611621; impc:0.29192836901310043; europepmc:0.03647584785669726,0.7376676103092377,FGFR1
P11362,ENSG00000077782,MONDO_0004992,cancer,reactome:0.9729913772431035; chembl:0.5746092019380227; europepmc:0.8110612358049936,0.6897991728488038,FGFR1
P11362,ENSG00000077782,MONDO_0018800,Kallmann syndrome,eva:0.9441260453987341; orphanet:0.607930797611621; europepmc:0.28192098714627134,0.6701668957314286,FGFR1
P11362,ENSG00000077782,MONDO_0018555,hypogonadotropic hypogonadism,eva:0.8516495814005219; orphanet:0.607930797611621; gene2phenotype:0.607930797611621; europepmc:0.1275564431742769,0.6521727199038911,FGFR1
P11801,ENSG00000159792,MONDO_0002561,lysosomal storage disease,crispr_screen:0.607930797611621,0.3695798546847018,PSKH1
P11801,ENSG00000159792,MONDO_0004975,Alzheimer disease,crispr_screen:0.607930797611621,0.3695798546847018,PSKH1
P11801,ENSG00000159792,EFO_0005772,neurodegenerative disease,crispr_screen:0.607930797611621,0.3695798546847018,PSKH1
P11801,ENSG00000159792,MONDO_0005180,Parkinson disease,crispr_screen:0.607930797611621,0.3695798546847018,PSKH1
P11801,ENSG00000159792,MONDO_0005301,multiple sclerosis,crispr_screen:0.607930797611621,0.3695798546847018,PSKH1
P11801,ENSG00000159792,EFO_0004528,mean corpuscular hemoglobin concentration,gwas_credible_sets:0.5626441776680304,0.3420487237012604,PSKH1
P11801,ENSG00000159792,EFO_0004612,high density lipoprotein cholesterol measurement,gwas_credible_sets:0.5125287734890712,0.3115820260661169,PSKH1
P11801,ENSG00000159792,MONDO_0001382,hepatorenal syndrome,genomics_england:0.3799567485072632,0.2309874091779386,PSKH1
P11801,ENSG00000159792,EFO_0004614,apolipoprotein A 1 measurement,gwas_credible_sets:0.3681050944961966,0.2237824237019739,PSKH1
P11801,ENSG00000159792,EFO_0000768,idiopathic pulmonary fibrosis,gwas_credible_sets:0.3618411520386234,0.2199743801675481,PSKH1
P11802,ENSG00000135446,MONDO_0012183,"melanoma, cutaneous malignant, susceptibility to, 3",uniprot_variants:0.8274613634158176; eva:0.7139345779030634; clingen:0.607930797611621; uniprot_literature:0.607930797611621; genomics_england:0.607930797611621; europepmc:0.024317231904464845,0.6905734432610375,CDK4
P11802,ENSG00000135446,EFO_0000305,breast carcinoma,chembl:0.8877872597795584; cancer_gene_census:0.4559480982087158; crispr:0.3981682274459157; europepmc:0.10586179624125323,0.636709312011179,CDK4
P11802,ENSG00000135446,MONDO_0007254,breast cancer,chembl:0.9772938068708036; europepmc:0.9713917906595569,0.6236539528163175,CDK4
P11802,ENSG00000135446,EFO_0000389,cutaneous melanoma,eva:0.8439827480222284; cancer_gene_census:0.607930797611621; chembl:0.14353921610274387; europepmc:0.1373772349076686,0.6162177847893194,CDK4
P11802,ENSG00000135446,EFO_0003869,breast neoplasm,chembl:0.9262571355773339; europepmc:0.40725249948591324,0.5754793060670739,CDK4
P11802,ENSG00000135446,EFO_0005772,neurodegenerative disease,crispr_screen:0.9066612367713315; europepmc:0.08950092298171088,0.5539078072086968,CDK4
P11802,ENSG00000135446,EFO_0000616,neoplasm,chembl:0.8564299979874558; europepmc:0.9754842151009019,0.5503015166222249,CDK4
P11802,ENSG00000135446,MONDO_0004975,Alzheimer disease,crispr_screen:0.865457038266544; europepmc:0.4122788321857288,0.5386698375364242,CDK4
P11802,ENSG00000135446,MONDO_0005301,multiple sclerosis,crispr_screen:0.865457038266544; gwas_credible_sets:0.08011250735817434,0.5383137026962018,CDK4
P11802,ENSG00000135446,MONDO_0005180,Parkinson disease,crispr_screen:0.865457038266544; europepmc:0.03951550184475537,0.5273391220996966,CDK4
P12931,ENSG00000197122,MONDO_0004992,cancer,reactome:0.976168709488724; chembl:0.18478706776072043; europepmc:0.9159557857329049,0.6339016313448439,SRC
P12931,ENSG00000197122,EFO_0000339,chronic myelogenous leukemia,chembl:0.9628362450740722; europepmc:0.1792288733943815,0.5907857440351428,SRC
P12931,ENSG00000197122,EFO_0002496,actinic keratosis,chembl:0.9402576638647421; europepmc:0.03400697333973007,0.5726452858750711,SRC
P12931,ENSG00000197122,EFO_0000220,acute lymphoblastic leukemia,chembl:0.9037244220988341; europepmc:0.6863876158502313,0.570265717286374,SRC
P12931,ENSG00000197122,EFO_0000616,neoplasm,chembl:0.8302385906508637; europepmc:0.9815280518012404,0.5345626651928131,SRC
P12931,ENSG00000197122,MONDO_0018997,Noonan syndrome,reactome:0.865457038266544,0.5261379875719714,SRC
P12931,ENSG00000197122,Orphanet_71202,Rare hemorrhagic disorder due to a constitutional platelet anomaly,uniprot_literature:0.607930797611621; uniprot_variants:0.607930797611621; eva:0.5201185712899424; clingen:0.3039653988058105,0.5086570885810977,SRC
P12931,ENSG00000197122,EFO_0000538,hypertrophic cardiomyopathy,reactome:0.8274613634158176; europepmc:0.030396539880581056,0.5039631962908891,SRC
P12931,ENSG00000197122,MONDO_0009026,Costello syndrome,reactome:0.8274613634158176,0.5030392466541774,SRC
P12931,ENSG00000197122,MONDO_0002108,thyroid cancer,chembl:0.7757534716856291; europepmc:0.7325707892488709,0.4938720440025806,SRC
P14616,ENSG00000027644,EFO_0005772,neurodegenerative disease,crispr_screen:0.754332552254504; europepmc:0.012158615952232422,0.4589515700111751,INSRR
P14616,ENSG00000027644,EFO_0001061,cervical carcinoma,gwas_credible_sets:0.5251635963679016,0.3192631240165258,INSRR
P14616,ENSG00000027644,OBA_2050094,blood sodium bicarbonate amount,gwas_credible_sets:0.5232101474513974,0.3180755622586219,INSRR
P14616,ENSG00000027644,EFO_0004531,urate measurement,gene_burden:0.3413568049207815,0.2075213146856452,INSRR
P14616,ENSG00000027644,EFO_0005091,monocyte count,gwas_credible_sets:0.31494715894458536,0.1914660775426957,INSRR
P14616,ENSG00000027644,MONDO_0009746,hereditary sensory and autonomic neuropathy type 4,eva:0.27820844960907676,0.1691314846731385,INSRR
P14616,ENSG00000027644,MONDO_0007958,familial medullary thyroid carcinoma,eva:0.2647876362930616,0.1609725589293368,INSRR
P14616,ENSG00000027644,EFO_0021970,low affinity immunoglobulin gamma Fc region receptor II-b measurement,gwas_credible_sets:0.24737687929264804,0.1503880235390532,INSRR
P14616,ENSG00000027644,EFO_0004305,erythrocyte count,gene_burden:0.1899783742536316,0.1154937045889693,INSRR
P14616,ENSG00000027644,EFO_0004617,cystatin C measurement,gene_burden:0.15198269940290526,0.0923949636711754,INSRR
P15056,ENSG00000157764,MONDO_0015280,cardiofaciocutaneous syndrome,uniprot_variants:0.979400228199195; genomics_england:0.9634666872162816; eva:0.9611467253319842; reactome:0.8274613634158176; gene2phenotype:0.607930797611621; uniprot_literature:0.607930797611621; orphanet:0.607930797611621; clingen:0.607930797611621; europepmc:0.2831829441987612; eva_somatic:0,0.8769927014714547,BRAF
P15056,ENSG00000157764,MONDO_0018997,Noonan syndrome,genomics_england:0.9399822012472259; eva:0.9361473378322388; reactome:0.9190679877429972; uniprot_variants:0.8897742701710087; uniprot_literature:0.607930797611621; gene2phenotype:0.607930797611621; clingen:0.3039653988058105; europepmc:0.08207308298506456,0.8385874296749728,BRAF
P15056,ENSG00000157764,EFO_0000756,melanoma,chembl:0.9590467407484005; intogen:0.9117924611403623; eva:0.6991204172533643; cancer_gene_census:0.607930797611621; crispr:0.43437524830390906; europepmc:0.9968942734772978; eva_somatic:0.18237923928348632,0.8081260045609812,BRAF
P15056,ENSG00000157764,MONDO_0007893,Noonan syndrome with multiple lentigines,genomics_england:0.9501239701785118; eva:0.8880554328792638; uniprot_literature:0.607930797611621; orphanet:0.607930797611621; uniprot_variants:0.607930797611621; gene2phenotype:0.607930797611621; europepmc:0.09739293764294223; clingen:0.006079307976116211,0.8020905682440476,BRAF
P15056,ENSG00000157764,MONDO_0004992,cancer,reactome:0.9833514825371766; chembl:0.5762173215170472; eva:0.42555155832813474; cancer_biomarkers:0.7599134970145264; europepmc:0.9777326137494063,0.7333216781025201,BRAF
P15056,ENSG00000157764,EFO_0000571,lung adenocarcinoma,intogen:0.8455809688534514; eva_somatic:0.7866455651428372; genomics_england:0.607930797611621; slapenrich:0.9630103111899103; cancer_biomarkers:0.9513974960387728; cancer_gene_census:0.4559480982087158; europepmc:0.49946463065929997,0.7134773746697842,BRAF
P15056,ENSG00000157764,EFO_0003060,non-small cell lung carcinoma,eva_somatic:0.8827196660129714; genomics_england:0.607930797611621; intogen:0.607930797611621; chembl:0.5916628295474282; cancer_gene_census:0.4559480982087158; cancer_biomarkers:0.7599134970145264; europepmc:0.9810020504308304,0.712510413279578,BRAF
P15056,ENSG00000157764,MONDO_0008903,lung cancer,eva:0.8377116561568728; uniprot_variants:0.7599134970145264; genomics_england:0.607930797611621; uniprot_literature:0.607930797611621; chembl:0.19221476678596983; europepmc:0.4505208486028037,0.695123306265081,BRAF
P15056,ENSG00000157764,EFO_0000389,cutaneous melanoma,eva:0.8377116561568728; cancer_gene_census:0.607930797611621; intogen:0.607930797611621; chembl:0.5748963073969946; cancer_biomarkers:0.979400228199195; slapenrich:0.9513974960387728; europepmc:0.5666345075970888,0.6859209591875782,BRAF
P15056,ENSG00000157764,EFO_0000616,neoplasm,chembl:0.9407504514990538; cancer_gene_census:0.4559480982087158; eva:0.27694625224529407; europepmc:0.9959568396160295,0.6674829339823789,BRAF
P15735,ENSG00000156873,MONDO_0020693,glycogen storage disease due to liver phosphorylase kinase deficiency,eva:0.937702599711221; genomics_england:0.8897742701710087; clingen:0.607930797611621; orphanet:0.607930797611621,0.7694517540208672,PHKG2
P15735,ENSG00000156873,MONDO_0002412,disorder of glycogen metabolism,genomics_england:0.8274613634158176; europepmc:0.045517026384918675,0.5044228067619321,PHKG2
P15735,ENSG00000156873,Orphanet_370,Glycogen storage disease due to phosphorylase kinase deficiency,eva:0.7753140038274993; europepmc:0.012158615952232422,0.4717068406009957,PHKG2
P15735,ENSG00000156873,EFO_0000508,genetic disorder,eva:0.6805769753564337,0.4137437034645413,PHKG2
P15735,ENSG00000156873,MONDO_0005180,Parkinson disease,crispr_screen:0.5912012350590018; europepmc:0.030396539880581056,0.3603333880151062,PHKG2
P15735,ENSG00000156873,MONDO_0004975,Alzheimer disease,crispr_screen:0.5912012350590018,0.3594094383783944,PHKG2
P15735,ENSG00000156873,EFO_0005772,neurodegenerative disease,crispr_screen:0.5912012350590018,0.3594094383783944,PHKG2
P15735,ENSG00000156873,MONDO_0005301,multiple sclerosis,crispr_screen:0.5912012350590018,0.3594094383783944,PHKG2
P15735,ENSG00000156873,MONDO_0002561,lysosomal storage disease,crispr_screen:0.5912012350590018,0.3594094383783944,PHKG2
P15735,ENSG00000156873,MONDO_0022435,Mauriac syndrome,eva:0.5592963338026914; europepmc:0.02735688589252295,0.3408450209829662,PHKG2
P16234,ENSG00000134853,MONDO_0011719,gastrointestinal stromal tumor,chembl:0.9699615959156385; eva_somatic:0.8007968431539079; clingen:0.607930797611621; cancer_gene_census:0.607930797611621; eva:0.573475829761658; cancer_biomarkers:0.9607983220922475; uniprot_variants:0.3039653988058105; uniprot_literature:0.3039653988058105; europepmc:0.9800423686573608,0.8057274627445283,PDGFRA
P16234,ENSG00000134853,EFO_0010279,GIST-plus syndrome,genomics_england:0.8776156542187763; eva:0.8369955502484325; uniprot_variants:0.8274613634158176; gene2phenotype:0.607930797611621; uniprot_literature:0.607930797611621,0.7545136125140661,PDGFRA
P16234,ENSG00000134853,MONDO_0004992,cancer,reactome:0.9729913772431035; chembl:0.5738035386746785; europepmc:0.7309139002743497,0.6885939696686624,PDGFRA
P16234,ENSG00000134853,EFO_0000616,neoplasm,chembl:0.9540297549432994; cancer_gene_census:0.3039653988058105; europepmc:0.9680018894681456,0.6392588441646855,PDGFRA
P16234,ENSG00000134853,EFO_0000222,acute myeloid leukemia,chembl:0.8536569155908477; cancer_gene_census:0.4559480982087158; slapenrich:0.908005658676501; europepmc:0.6872301168773199,0.6241498292108497,PDGFRA
P16234,ENSG00000134853,EFO_0000681,renal cell carcinoma,chembl:0.9741686818780284; europepmc:0.21394099434196912,0.5987302097489782,PDGFRA
P16234,ENSG00000134853,EFO_0000691,sarcoma,chembl:0.9297525706767606; europepmc:0.6107929017438696,0.5837912126696115,PDGFRA
P16234,ENSG00000134853,EFO_0005772,neurodegenerative disease,crispr_screen:0.913307825365665; europepmc:0.057584556107100775,0.5569783259956989,PDGFRA
P16234,ENSG00000134853,EFO_0005763,pulse pressure measurement,gwas_credible_sets:0.8575295984211986,0.5213186527437723,PDGFRA
P16234,ENSG00000134853,EFO_1001901,neuroendocrine neoplasm,chembl:0.8491835357215963; europepmc:0.14714767682076457,0.5207176044167038,PDGFRA
P16591,ENSG00000151422,EFO_0005763,pulse pressure measurement,gwas_credible_sets:0.8360865680314734,0.5082827741757365,FER
P16591,ENSG00000151422,EFO_0006335,systolic blood pressure,gwas_credible_sets:0.8360242731227835,0.5082449031822095,FER
P16591,ENSG00000151422,EFO_0004695,intraocular pressure measurement,gwas_credible_sets:0.8345499482512524,0.507348615687121,FER
P16591,ENSG00000151422,EFO_0004312,vital capacity,gwas_credible_sets:0.8165245265819748,0.4963904067144312,FER
P16591,ENSG00000151422,EFO_0001645,coronary artery disease,gwas_credible_sets:0.8005007375361566,0.4866490518590466,FER
P16591,ENSG00000151422,EFO_0007789,BMI-adjusted waist circumference,gwas_credible_sets:0.7859991640874193,0.4778330987457322,FER
P16591,ENSG00000151422,EFO_0004314,forced expiratory volume,gwas_credible_sets:0.7674012618748782,0.4665268612197592,FER
P16591,ENSG00000151422,HP_0000924,Abnormality of the skeletal system,gwas_credible_sets:0.7152186064555058,0.4348034178891677,FER
P16591,ENSG00000151422,EFO_1000438,Palmar Fibromatosis,gwas_credible_sets:0.6961030113601805,0.4231824589160458,FER
P16591,ENSG00000151422,OBA_1001086,QRS duration,gwas_credible_sets:0.6792966186529767,0.4129653351925813,FER
P17252,ENSG00000154229,EFO_0000538,hypertrophic cardiomyopathy,gwas_credible_sets:0.8499830774415381; impc:0.3537549311302023; europepmc:0.27767711518173865,0.5312351154332643,PRKCA
P17252,ENSG00000154229,EFO_0004682,QT interval,gwas_credible_sets:0.8719500322152475,0.5300852785620941,PRKCA
P17252,ENSG00000154229,EFO_0000222,acute myeloid leukemia,chembl:0.821713878702987; europepmc:0.4136990959724657,0.5121201947577331,PRKCA
P17252,ENSG00000154229,OBA_1001086,QRS duration,gwas_credible_sets:0.8388930837128882,0.5099889414924486,PRKCA
P17252,ENSG00000154229,EFO_0004327,electrocardiography,gwas_credible_sets:0.805831109267363,0.4898895489971653,PRKCA
P17252,ENSG00000154229,EFO_0004312,vital capacity,gwas_credible_sets:0.8024511322967963,0.4878347569015398,PRKCA
P17252,ENSG00000154229,EFO_0006335,systolic blood pressure,gwas_credible_sets:0.7999020837484568,0.4862851117843971,PRKCA
P17252,ENSG00000154229,EFO_0003144,heart failure,gwas_credible_sets:0.76503127398301; europepmc:0.44466720018922035,0.4786024168744638,PRKCA
P17252,ENSG00000154229,EFO_0007359,mast-cell leukemia,chembl:0.7734230702947845; europepmc:0.04137306817079087,0.4714453021321726,PRKCA
P17252,ENSG00000154229,EFO_0004346,neuroimaging measurement,gwas_credible_sets:0.7736552391457963,0.4703288466103134,PRKCA
P17612,ENSG00000072062,MONDO_0030876,cardioacrofacial dysplasia 1,genomics_england:0.8274613634158176; eva:0.6825395144776288; uniprot_variants:0.607930797611621; uniprot_literature:0.607930797611621,0.6709366137297299,PRKACA
P17612,ENSG00000072062,MONDO_0014359,"pigmented nodular adrenocortical disease, primary, 4",eva_somatic:0.6839221473130737; uniprot_literature:0.607930797611621; uniprot_variants:0.607930797611621; eva:0.19453785523571876,0.5566283255834591,PRKACA
P17612,ENSG00000072062,EFO_1000256,Fibrolamellar Carcinoma,cancer_gene_census:0.607930797611621; europepmc:0.2658667845215245,0.3776612850033321,PRKACA
P17612,ENSG00000072062,EFO_1000208,Cortisol-Producing Adrenal Cortex Adenoma,cancer_gene_census:0.607930797611621,0.3695798546847018,PRKACA
P17612,ENSG00000072062,EFO_0000762,hepatocellular adenoma,cancer_gene_census:0.607930797611621,0.3695798546847018,PRKACA
P17612,ENSG00000072062,MONDO_0003193,bile duct adenocarcinoma,cancer_gene_census:0.607930797611621,0.3695798546847018,PRKACA
P17612,ENSG00000072062,Orphanet_289,Ellis Van Creveld syndrome,orphanet:0.607930797611621,0.3695798546847018,PRKACA
P17612,ENSG00000072062,EFO_1000292,Hepatoblastoma,cancer_gene_census:0.607930797611621,0.3695798546847018,PRKACA
P17612,ENSG00000072062,EFO_0000571,lung adenocarcinoma,cancer_gene_census:0.4559480982087158; slapenrich:0.8394540034063378; europepmc:0.081555605196259,0.3420779151694764,PRKACA
P17612,ENSG00000072062,MONDO_0800377,"ACTH-independent adrenal Cushing syndrome, somatic",eva_somatic:0.547137717850459,0.3326218692162316,PRKACA
P17948,ENSG00000102755,EFO_0000681,renal cell carcinoma,chembl:0.9854605614587418; europepmc:0.45350917069170577,0.6128769347355485,FLT1
P17948,ENSG00000102755,EFO_0000616,neoplasm,chembl:0.949658190409059; europepmc:0.972606835366794,0.6068903436131404,FLT1
P17948,ENSG00000102755,MONDO_0011719,gastrointestinal stromal tumor,chembl:0.9459092523012749; europepmc:0.33304041662090494,0.5851706425253888,FLT1
P17948,ENSG00000102755,EFO_0001645,coronary artery disease,gwas_credible_sets:0.9042266403801681; chembl:0.12158615952232422; europepmc:0.14502723425241526,0.5701454714909934,FLT1
P17948,ENSG00000102755,EFO_0004142,colorectal neoplasm,chembl:0.8878479352684523; europepmc:0.11455780402326987,0.5432322643042062,FLT1
P17948,ENSG00000102755,EFO_1001901,neuroendocrine neoplasm,chembl:0.8857330381738904; europepmc:0.08547726744991999,0.5410626055369422,FLT1
P17948,ENSG00000102755,MONDO_0002108,thyroid cancer,chembl:0.8801154838171606; europepmc:0.08193190050697792,0.5375397543485564,FLT1
P17948,ENSG00000102755,EFO_0002892,thyroid carcinoma,chembl:0.8822229556559816,0.5363305051032228,FLT1
P17948,ENSG00000102755,EFO_0000691,sarcoma,chembl:0.8771338568634989; europepmc:0.09616722053064695,0.5361598359692488,FLT1
P17948,ENSG00000102755,EFO_0010554,retinal vasculature measurement,gwas_credible_sets:0.824347354063974,0.501146144465141,FLT1
P19525,ENSG00000055332,MONDO_0030035,"leukoencephalopathy, developmental delay, and episodic neurologic regression syndrome",genomics_england:0.8464592008411808; gene2phenotype:0.607930797611621; eva:0.5375425197171403; uniprot_literature:0.3039653988058105; uniprot_variants:0.3039653988058105,0.6622343986437076,EIF2AK2
P19525,ENSG00000055332,MONDO_0030513,dystonia 33,eva:0.7434541803983131; uniprot_literature:0.607930797611621; uniprot_variants:0.607930797611621,0.5854280848467162,EIF2AK2
P19525,ENSG00000055332,EFO_0005772,neurodegenerative disease,crispr_screen:0.865457038266544; europepmc:0.2592080210927768,0.5340170145224844,EIF2AK2
P19525,ENSG00000055332,EFO_0000764,HIV infection,reactome:0.8274613634158176; europepmc:0.12044600523233415; expression_atlas:0.032725975474112406,0.5071425024195141,EIF2AK2
P19525,ENSG00000055332,EFO_0000763,viral disease,reactome:0.607930797611621; europepmc:0.6384655764182136,0.3889869990406762,EIF2AK2
P19525,ENSG00000055332,EFO_0007328,influenza,reactome:0.607930797611621; europepmc:0.1057156865202146; expression_atlas:0.03865776639461865,0.3733154956939757,EIF2AK2
P19525,ENSG00000055332,MONDO_0007492,early-onset generalized limb-onset dystonia,orphanet:0.607930797611621,0.3695798546847018,EIF2AK2
P19525,ENSG00000055332,EFO_0004532,serum gamma-glutamyl transferase measurement,gwas_credible_sets:0.5396460235307053,0.3280674375129613,EIF2AK2
P19525,ENSG00000055332,EFO_0004736,aspartate aminotransferase measurement,gwas_credible_sets:0.5299137783600486,0.3221509059438121,EIF2AK2
P19525,ENSG00000055332,EFO_0004840,cortical thickness,gwas_credible_sets:0.5275775819191393,0.3207306601781127,EIF2AK2
P19784,ENSG00000070770,EFO_0005772,neurodegenerative disease,crispr_screen:0.6424023892558353,0.390536196887911,CSNK2A2
P19784,ENSG00000070770,EFO_0020092,neuroinflammatory disorder,crispr_screen:0.5315025940130238,0.3231167959109832,CSNK2A2
P19784,ENSG00000070770,MONDO_0005180,Parkinson disease,crispr_screen:0.5193274185795038; europepmc:0.0793687430215172,0.3181276669611471,CSNK2A2
P19784,ENSG00000070770,MONDO_0004975,Alzheimer disease,crispr_screen:0.5193274185795038; europepmc:0.03343619386863916,0.3167314763990049,CSNK2A2
P19784,ENSG00000070770,MONDO_0002561,lysosomal storage disease,crispr_screen:0.5193274185795038,0.315715131798622,CSNK2A2
P19784,ENSG00000070770,MONDO_0005301,multiple sclerosis,crispr_screen:0.5193274185795038,0.315715131798622,CSNK2A2
P19784,ENSG00000070770,EFO_0000304,breast adenocarcinoma,slapenrich:0.8996065770970164; europepmc:0.02279740491043579,0.2741422342031586,CSNK2A2
P19784,ENSG00000070770,MONDO_0007915,systemic lupus erythematosus,gwas_credible_sets:0.4227756056997834,0.2570183111838055,CSNK2A2
P19784,ENSG00000070770,EFO_0000181,head and neck squamous cell carcinoma,slapenrich:0.8274613634158176; europepmc:0.08979644489721651,0.2542491245455413,CSNK2A2
P19784,ENSG00000070770,MONDO_0011962,endometrial cancer,slapenrich:0.8274613634158176,0.2515196233270887,CSNK2A2
P20794,ENSG00000111837,MONDO_0019200,retinitis pigmentosa,eva:0.9178544885139979; uniprot_variants:0.9066612367713315; genomics_england:0.7599134970145264; orphanet:0.607930797611621; gene2phenotype:0.607930797611621; uniprot_literature:0.607930797611621; europepmc:0.16660610548299049,0.7956808191470544,MAK
P20794,ENSG00000111837,HP_0000556,Retinal dystrophy,eva:0.8780383628724552,0.5337865622746536,MAK
P20794,ENSG00000111837,Orphanet_88628,Posterior column ataxia - retinitis pigmentosa,genomics_england:0.607930797611621; eva:0.31425039647994724,0.4173404782301573,MAK
P20794,ENSG00000111837,MONDO_0005301,multiple sclerosis,crispr_screen:0.5688988374835828,0.3458511240317185,MAK
P20794,ENSG00000111837,EFO_0005772,neurodegenerative disease,crispr_screen:0.5688988374835828,0.3458511240317185,MAK
P20794,ENSG00000111837,MONDO_0002561,lysosomal storage disease,crispr_screen:0.5688988374835828,0.3458511240317185,MAK
P20794,ENSG00000111837,MONDO_0004975,Alzheimer disease,crispr_screen:0.5688988374835828,0.3458511240317185,MAK
P20794,ENSG00000111837,MONDO_0005180,Parkinson disease,crispr_screen:0.5688988374835828,0.3458511240317185,MAK
P20794,ENSG00000111837,MONDO_0957048,isolated macular dystrophy,eva:0.5592963338026914,0.3400134663099256,MAK
P20794,ENSG00000111837,EFO_0009768,glutamine measurement,gwas_credible_sets:0.48499790687110944,0.2948451643641203,MAK
P21127,ENSG00000248333,MONDO_0004975,Alzheimer disease,crispr_screen:0.5162945151082745; europepmc:0.2188669080168038,0.3205241330703507,CDK11B
P21127,ENSG00000248333,EFO_0005772,neurodegenerative disease,crispr_screen:0.5162945151082745; europepmc:0.021277577916406734,0.3145181011179767,CDK11B
P21127,ENSG00000248333,MONDO_0005180,Parkinson disease,crispr_screen:0.5162945151082745,0.3138713363722785,CDK11B
P21127,ENSG00000248333,MONDO_0005301,multiple sclerosis,crispr_screen:0.5162945151082745,0.3138713363722785,CDK11B
P21127,ENSG00000248333,MONDO_0002561,lysosomal storage disease,crispr_screen:0.5162945151082745,0.3138713363722785,CDK11B
P21127,ENSG00000248333,EFO_0004340,body mass index,gwas_credible_sets:0.49624605067624483,0.3016832573992264,CDK11B
P21127,ENSG00000248333,EFO_0004458,C-reactive protein measurement,gwas_credible_sets:0.4910631656160841,0.2985324219506736,CDK11B
P21127,ENSG00000248333,EFO_0006335,systolic blood pressure,gwas_credible_sets:0.4735240729888331,0.2878698673804047,CDK11B
P21127,ENSG00000248333,EFO_0004533,alkaline phosphatase measurement,gwas_credible_sets:0.4247232319100621,0.2582023331392695,CDK11B
P21127,ENSG00000248333,OBA_1001085,waist circumference,gwas_credible_sets:0.42185195110669454,0.2564567931103114,CDK11B
P21709,ENSG00000146904,MONDO_0004975,Alzheimer disease,gwas_credible_sets:0.8547434898754341; crispr_screen:0.5531980003521402; europepmc:0.3650407253649043,0.6086329613807167,EPHA1
P21709,ENSG00000146904,EFO_0004532,serum gamma-glutamyl transferase measurement,gwas_credible_sets:0.9383922997391527,0.5704775792530266,EPHA1
P21709,ENSG00000146904,OBA_0003747,glomerular filtration rate,gwas_credible_sets:0.9361749983280356,0.5691296134376207,EPHA1
P21709,ENSG00000146904,EFO_0004838,calcium measurement,gwas_credible_sets:0.9346532000502232,0.5682044653967863,EPHA1
P21709,ENSG00000146904,EFO_0004696,sex hormone-binding globulin measurement,gwas_credible_sets:0.8891790522489154,0.5405593304532283,EPHA1
P21709,ENSG00000146904,OBA_2050096,serum creatinine amount,gwas_credible_sets:0.8719493548571018,0.5300848667752163,EPHA1
P21709,ENSG00000146904,EFO_0004735,serum alanine aminotransferase measurement,gwas_credible_sets:0.8269448470827191,0.5027252404678174,EPHA1
P21709,ENSG00000146904,MONDO_0015277,medullary thyroid gland carcinoma,chembl:0.7935602610177124,0.4824297224333841,EPHA1
P21709,ENSG00000146904,OBA_2050321,ephrin type-A receptor 1 amount,gwas_credible_sets:0.779249896519021,0.4737300111295816,EPHA1
P21709,ENSG00000146904,MONDO_0002108,thyroid cancer,chembl:0.7757534716856291,0.4716044267918286,EPHA1
P21802,ENSG00000066468,MONDO_0007405,Crouzon syndrome,uniprot_variants:0.9842165564905453; genomics_england:0.9492866252137325; eva:0.9394423162861705; gene2phenotype:0.607930797611621; clingen:0.607930797611621; orphanet:0.607930797611621; uniprot_literature:0.607930797611621; europepmc:0.3252410896051332; impc:0.28147195929418056,0.8627989073573494,FGFR2
P21802,ENSG00000066468,MONDO_0007043,Pfeiffer syndrome,uniprot_variants:0.9717353218761373; genomics_england:0.9671529481664186; eva:0.9385223943150409; clingen:0.607930797611621; gene2phenotype:0.607930797611621; uniprot_literature:0.607930797611621; impc:0.3596890111935558; europepmc:0.26299457698143447,0.8506737197984746,FGFR2
P21802,ENSG00000066468,MONDO_0007041,Apert syndrome,genomics_england:0.9565455635647377; eva:0.9244279996727408; uniprot_variants:0.8274613634158176; gene2phenotype:0.607930797611621; orphanet:0.607930797611621; uniprot_literature:0.607930797611621; clingen:0.607930797611621; europepmc:0.891720059071989; impc:0.3409275913005971,0.8358001373276327,FGFR2
P21802,ENSG00000066468,MONDO_0007412,Beare-Stevenson cutis gyrata syndrome,genomics_england:0.9492866252137325; eva:0.9163499054593786; uniprot_variants:0.7599134970145264; gene2phenotype:0.7599134970145264; clingen:0.607930797611621; uniprot_literature:0.607930797611621; europepmc:0.1631230272395353,0.8220279355949636,FGFR2
P21802,ENSG00000066468,MONDO_0007400,Jackson-Weiss syndrome,genomics_england:0.9360722249447112; eva:0.9004679117275604; uniprot_variants:0.8897742701710087; orphanet:0.607930797611621; uniprot_literature:0.607930797611621; gene2phenotype:0.607930797611621; impc:0.327005976035291; europepmc:0.04206400640468386,0.8150644028490464,FGFR2
P21802,ENSG00000066468,MONDO_0020667,Antley-Bixler syndrome without genital anomalies or disordered steroidogenesis,genomics_england:0.9360722249447112; eva:0.8992580704298919; uniprot_variants:0.8274613634158176; orphanet:0.607930797611621; uniprot_literature:0.607930797611621,0.7995139880699299,FGFR2
P21802,ENSG00000066468,MONDO_0013815,bent bone dysplasia syndrome 1,genomics_england:0.9128646122571643; eva:0.8970486610739735; uniprot_variants:0.7599134970145264; orphanet:0.607930797611621; uniprot_literature:0.607930797611621; impc:0.3194068410651457; europepmc:0.12450084995753993,0.7818945520643958,FGFR2
P21802,ENSG00000066468,MONDO_0004992,cancer,reactome:0.9770680154023508; gwas_credible_sets:0.88742550994121; chembl:0.5742816243706258; europepmc:0.8241594683996468,0.7739174599212151,FGFR2
P21802,ENSG00000066468,Orphanet_2363,Lacrimoauriculodentodigital syndrome,eva:0.8945229767346816; uniprot_variants:0.8274613634158176; uniprot_literature:0.607930797611621; gene2phenotype:0.607930797611621; orphanet:0.607930797611621,0.7485142417952632,FGFR2
P21802,ENSG00000066468,MONDO_0007042,Saethre-Chotzen syndrome,eva:0.895565198258372; genomics_england:0.8897742701710087; uniprot_literature:0.607930797611621; uniprot_variants:0.607930797611621; impc:0.3986941044728163; europepmc:0.11630792257934566,0.7461669749466274,FGFR2
P21860,ENSG00000065361,MONDO_8000011,"visceral neuropathy, familial, 1, autosomal recessive",uniprot_variants:0.865457038266544; eva:0.8411663882392586; uniprot_literature:0.607930797611621; genomics_england:0.607930797611621; gene2phenotype:0.607930797611621,0.7329270893070482,ERBB3
P21860,ENSG00000065361,MONDO_0004992,cancer,reactome:0.9549947196932794; cancer_biomarkers:0.8897742701710087; europepmc:0.9407889631695301; chembl:0.16789814847575238,0.6672749102746625,ERBB3
P21860,ENSG00000065361,MONDO_0011868,lethal congenital contracture syndrome 2,eva:0.7814893134948975; genomics_england:0.7599134970145264; uniprot_literature:0.607930797611621; europepmc:0.030396539880581056,0.6318805419743586,ERBB3
P21860,ENSG00000065361,MONDO_0004986,urinary bladder carcinoma,eva_somatic:0.7789113344398895; cancer_gene_census:0.607930797611621; cancer_biomarkers:0.7599134970145264; europepmc:0.7260144005275044,0.5971015015922648,ERBB3
P21860,ENSG00000065361,EFO_0000365,colorectal adenocarcinoma,intogen:0.6744530765238006; cancer_gene_census:0.607930797611621; cancer_biomarkers:0.607930797611621; chembl:0.14353921610274387; europepmc:0.13391392563269217,0.5290531271633888,ERBB3
P21860,ENSG00000065361,EFO_0000304,breast adenocarcinoma,intogen:0.7159631837070484; slapenrich:0.9745661391109449; europepmc:0.059610992099139504,0.5101199846820281,ERBB3
P21860,ENSG00000065361,MONDO_0001187,urinary bladder cancer,intogen:0.7824316419732316; chembl:0.15198269940290526; europepmc:0.012158615952232422,0.498927290812344,ERBB3
P21860,ENSG00000065361,EFO_0000616,neoplasm,chembl:0.6656184362852947; cancer_gene_census:0.4559480982087158; eva:0.24317231904464845; europepmc:0.9803900366295722,0.4978220571603546,ERBB3
P21860,ENSG00000065361,MONDO_0015277,medullary thyroid gland carcinoma,chembl:0.7935602610177124; europepmc:0.01823792392834863,0.4829840922154111,ERBB3
P21860,ENSG00000065361,MONDO_0002108,thyroid cancer,chembl:0.7757534716856291; europepmc:0.23997930460815536,0.4788989672948645,ERBB3
P22455,ENSG00000160867,MONDO_0004992,cancer,reactome:0.9631730517704179; chembl:0.48875246656653093; europepmc:0.600036216385979,0.6679307140454942,FGFR4
P22455,ENSG00000160867,EFO_0002918,rhabdomyosarcoma,reactome:0.8274613634158176; cancer_gene_census:0.4559480982087158; cancer_biomarkers:0.607930797611621; europepmc:0.27519393209095494,0.5949589193896332,FGFR4
P22455,ENSG00000160867,EFO_0000616,neoplasm,chembl:0.8734206944593745; eva:0.24317231904464845; europepmc:0.9447224269054016,0.5807001217574357,FGFR4
P22455,ENSG00000160867,EFO_0005541,bone development disease,reactome:0.9421515329208274,0.5727629328795701,FGFR4
P22455,ENSG00000160867,EFO_0007788,BMI-adjusted waist-hip ratio,gwas_credible_sets:0.9395076940863956,0.5711556618281973,FGFR4
P22455,ENSG00000160867,EFO_0004685,hip geometry,gwas_credible_sets:0.9263424762283676,0.5631521204350357,FGFR4
P22455,ENSG00000160867,EFO_0007789,BMI-adjusted waist circumference,gwas_credible_sets:0.9097910697686471,0.5530900107043836,FGFR4
P22455,ENSG00000160867,EFO_0008528,urothelial carcinoma,chembl:0.790515447123193; cancer_gene_census:0.4559480982087158,0.5498749090472915,FGFR4
P22455,ENSG00000160867,EFO_0005221,cholangiocarcinoma,chembl:0.8442253825603308; europepmc:0.6752628539904612,0.5337562644550738,FGFR4
P22455,ENSG00000160867,EFO_0000305,breast carcinoma,reactome:0.7599134970145264; cancer_gene_census:0.4559480982087158; europepmc:0.08597401055621176,0.5324325133050657,FGFR4
P22607,ENSG00000068078,MONDO_0008546,thanatophoric dysplasia type 1,eva:0.9314250162793457; genomics_england:0.9190679877429972; uniprot_variants:0.9066612367713315; uniprot_literature:0.607930797611621; gene2phenotype:0.607930797611621; orphanet:0.607930797611621; clingen:0.607930797611621; impc:0.4082753471476745; europepmc:0.16454717475929317,0.823880537718084,FGFR3
P22607,ENSG00000068078,MONDO_0007037,Achondroplasia,eva:0.9329880789980286; genomics_england:0.9190679877429972; uniprot_variants:0.865457038266544; orphanet:0.607930797611621; gene2phenotype:0.607930797611621; uniprot_literature:0.607930797611621; clingen:0.607930797611621; chembl:0.15198269940290526; impc:0.49928636881225; europepmc:0.4194199798641472,0.8237279739261808,FGFR3
P22607,ENSG00000068078,MONDO_0011274,Muenke syndrome,genomics_england:0.932319565700195; eva:0.9161132020604104; uniprot_variants:0.607930797611621; clingen:0.607930797611621; gene2phenotype:0.607930797611621; uniprot_literature:0.607930797611621; orphanet:0.607930797611621; impc:0.3852676995030647; europepmc:0.13415954717807607,0.8037073584428743,FGFR3
P22607,ENSG00000068078,MONDO_0007793,hypochondroplasia,eva:0.9327071266751641; genomics_england:0.932319565700195; uniprot_literature:0.607930797611621; clingen:0.607930797611621; gene2phenotype:0.607930797611621; orphanet:0.607930797611621; impc:0.5524304718122017; europepmc:0.39830070081012175,0.8000577608916196,FGFR3
P22607,ENSG00000068078,Orphanet_85165,Severe achondroplasia - developmental delay - acanthosis nigricans,genomics_england:0.9285669064556789; uniprot_variants:0.9190679877429972; eva:0.8946700054303544; uniprot_literature:0.7599134970145264; impc:0.36357301351162996; europepmc:0.15787879152673828,0.7957947665692635,FGFR3
P22607,ENSG00000068078,MONDO_0008547,thanatophoric dysplasia type 2,genomics_england:0.9190679877429972; eva:0.9161384080688793; gene2phenotype:0.607930797611621; clingen:0.607930797611621; orphanet:0.607930797611621; uniprot_variants:0.607930797611621; uniprot_literature:0.607930797611621; impc:0.41970191309778293; europepmc:0.11912996794194991,0.7956980041663403,FGFR3
P22607,ENSG00000068078,Orphanet_93262,Crouzon syndrome - acanthosis nigricans,genomics_england:0.9471757543886921; eva:0.9116542915347924; gene2phenotype:0.607930797611621; uniprot_variants:0.607930797611621; uniprot_literature:0.607930797611621,0.7933193553970895,FGFR3
P22607,ENSG00000068078,MONDO_0004986,urinary bladder carcinoma,eva:0.8901687349650547; uniprot_variants:0.8897742701710087; eva_somatic:0.8281537290464308; cancer_gene_census:0.607930797611621; uniprot_literature:0.607930797611621; cancer_biomarkers:0.7599134970145264; crispr:0.3525998626147402; gwas_credible_sets:0.23269233171068188; europepmc:0.8595544155779126; chembl:0.16929184016823612,0.7855339213680522,FGFR3
P22607,ENSG00000068078,Orphanet_85164,Camptodactyly - tall stature - scoliosis - hearing loss,genomics_england:0.9066612367713315; eva:0.8979113575505476; uniprot_literature:0.607930797611621; gene2phenotype:0.607930797611621; uniprot_variants:0.607930797611621; europepmc:0.3672507047259657; impc:0.340973186110418,0.768687068141024,FGFR3
P22607,ENSG00000068078,EFO_0005584,seborrheic keratosis,uniprot_variants:0.9190679877429972; eva_somatic:0.6839221473130737; uniprot_literature:0.607930797611621; cancer_gene_census:0.607930797611621; gwas_credible_sets:0.45237080883638064; europepmc:0.06777350926096773,0.7380665418568143,FGFR3
P22612,ENSG00000165059,MONDO_0014518,platelet-type bleeding disorder 19,uniprot_variants:0.607930797611621; orphanet:0.607930797611621; uniprot_literature:0.607930797611621; eva:0.547137717850459; clingen:0.006079307976116211,0.5239759454220657,PRKACG
P22612,ENSG00000165059,Orphanet_71202,Rare hemorrhagic disorder due to a constitutional platelet anomaly,uniprot_variants:0.607930797611621; uniprot_literature:0.607930797611621,0.4619748183558771,PRKACG
P22612,ENSG00000165059,EFO_0004736,aspartate aminotransferase measurement,gwas_credible_sets:0.45581688354215916,0.2771051215766282,PRKACG
P22612,ENSG00000165059,EFO_0006335,systolic blood pressure,gwas_credible_sets:0.4512654446613621,0.2743381617075447,PRKACG
P22612,ENSG00000165059,EFO_0000304,breast adenocarcinoma,slapenrich:0.8523205580690065,0.2590759583438365,PRKACG
P22612,ENSG00000165059,MONDO_0011962,endometrial cancer,slapenrich:0.8150986610332283,0.2477617895670474,PRKACG
P22612,ENSG00000165059,EFO_0005772,neurodegenerative disease,crispr_screen:0.3957180701800876,0.2405692020339121,PRKACG
P22612,ENSG00000165059,EFO_0000389,cutaneous melanoma,slapenrich:0.6576760080614769,0.1999107500754202,PRKACG
P22612,ENSG00000165059,MONDO_0008170,ovarian cancer,slapenrich:0.607930797611621,0.1847899273423509,PRKACG
P22612,ENSG00000165059,MONDO_0007576,esophageal cancer,slapenrich:0.6010380746240899,0.1826947780505879,PRKACG
P22694,ENSG00000142875,MONDO_0030877,cardioacrofacial dysplasia 2,uniprot_variants:0.865457038266544; genomics_england:0.8464592008411808; eva:0.8253691027172347; uniprot_literature:0.607930797611621; europepmc:0.01823792392834863,0.7337245038152557,PRKACB
P22694,ENSG00000142875,Orphanet_289,Ellis Van Creveld syndrome,orphanet:0.607930797611621,0.3695798546847018,PRKACB
P22694,ENSG00000142875,EFO_0004833,neutrophil count,gwas_credible_sets:0.5528272152806933,0.3360806899270032,PRKACB
P22694,ENSG00000142875,OBA_1000110,bone tissue density,gwas_credible_sets:0.5238169121122381,0.3184444331828493,PRKACB
P22694,ENSG00000142875,EFO_0004531,urate measurement,gwas_credible_sets:0.5238169121122381,0.3184444331828493,PRKACB
P22694,ENSG00000142875,EFO_0000571,lung adenocarcinoma,slapenrich:0.8394540034063378; europepmc:0.030396539880581056,0.2560889205612534,PRKACB
P22694,ENSG00000142875,EFO_0004612,high density lipoprotein cholesterol measurement,gwas_credible_sets:0.4115626856835459,0.250201631774779,PRKACB
P22694,ENSG00000142875,EFO_0000389,cutaneous melanoma,slapenrich:0.6576760080614769,0.1999107500754202,PRKACB
P22694,ENSG00000142875,EFO_0000508,genetic disorder,eva:0.30888851793413136,0.187782843080768,PRKACB
P22694,ENSG00000142875,EFO_0004309,platelet count,gwas_credible_sets:0.2227418817365643,0.1354116498256229,PRKACB
P23443,ENSG00000108443,EFO_0005772,neurodegenerative disease,crispr_screen:0.842663558160195; europepmc:0.04129763014686579,0.5135364340923066,RPS6KB1
P23443,ENSG00000108443,EFO_0005091,monocyte count,gwas_credible_sets:0.750831395722434,0.4564535292733859,RPS6KB1
P23443,ENSG00000108443,EFO_0009188,Red cell distribution width,gwas_credible_sets:0.7386020008460757,0.449018903491894,RPS6KB1
P23443,ENSG00000108443,EFO_0004309,platelet count,gwas_credible_sets:0.6992416687946742,0.4250905454336272,RPS6KB1
P23443,ENSG00000108443,EFO_0004348,hematocrit,gwas_credible_sets:0.6818399591951215,0.4145115102369654,RPS6KB1
P23443,ENSG00000108443,EFO_0020092,neuroinflammatory disorder,crispr_screen:0.607930797611621,0.3695798546847018,RPS6KB1
P23443,ENSG00000108443,EFO_0004536,total blood protein measurement,gwas_credible_sets:0.5903275624017152,0.3588783058629987,RPS6KB1
P23443,ENSG00000108443,EFO_0005763,pulse pressure measurement,gwas_credible_sets:0.5407982181112422,0.3287678920833108,RPS6KB1
P23443,ENSG00000108443,OBA_2045260,red blood cell density,gwas_credible_sets:0.4997962961402878,0.3038415609558991,RPS6KB1
P23443,ENSG00000108443,EFO_0006335,systolic blood pressure,gwas_credible_sets:0.49156161811318144,0.2988354465748055,RPS6KB1
P23458,ENSG00000162434,EFO_0000685,rheumatoid arthritis,chembl:0.9814739781169841; gwas_credible_sets:0.5754253986941157; europepmc:0.043146199663824776,0.6847058504963568,JAK1
P23458,ENSG00000162434,MONDO_0033558,"autoinflammation, immune dysregulation, and eosinophilia",eva:0.8041128255806073; uniprot_literature:0.607930797611621; genomics_england:0.607930797611621; uniprot_variants:0.607930797611621; clingen:0.607930797611621,0.6601862784996105,JAK1
P23458,ENSG00000162434,HP_0000964,Eczematoid dermatitis,chembl:0.8909392885176157; gwas_credible_sets:0.4840105130567473,0.6151906566057939,JAK1
P23458,ENSG00000162434,EFO_0000274,atopic eczema,chembl:0.9347595155132052; europepmc:0.1878289028743787,0.5739784465779422,JAK1
P23458,ENSG00000162434,EFO_0004842,eosinophil count,gwas_credible_sets:0.9284516142256656,0.564434330380006,JAK1
P23458,ENSG00000162434,EFO_0004458,C-reactive protein measurement,gwas_credible_sets:0.9139599280480809,0.5556243880433296,JAK1
P23458,ENSG00000162434,MONDO_0100096,COVID-19,gwas_credible_sets:0.7420106758537189; chembl:0.6739627072573123; europepmc:0.14715963645034238,0.5555098774464677,JAK1
P23458,ENSG00000162434,EFO_0004346,neuroimaging measurement,gwas_credible_sets:0.8997441493258298,0.5469821783460412,JAK1
P23458,ENSG00000162434,EFO_0002429,polycythemia vera,chembl:0.8798453455738919; europepmc:0.13737885467572516,0.5390609245445077,JAK1
P23458,ENSG00000162434,EFO_0000540,immune system disease,chembl:0.8626369148442898; europepmc:0.05218241549165751,0.5260097125640744,JAK1
P24723,ENSG00000027075,EFO_0000222,acute myeloid leukemia,chembl:0.821713878702987; europepmc:0.1930180282416897,0.5054122538815653,PRKCH
P24723,ENSG00000027075,EFO_0005772,neurodegenerative disease,crispr_screen:0.7949702350061838; europepmc:0.012158615952232422,0.4836564688994918,PRKCH
P24723,ENSG00000027075,EFO_0007359,mast-cell leukemia,chembl:0.7734230702947845,0.4701877040155372,PRKCH
P24723,ENSG00000027075,EFO_0000616,neoplasm,chembl:0.6399944084960267; europepmc:0.6563983936866455,0.4090245511752126,PRKCH
P24723,ENSG00000027075,HP_0002140,Ischemic stroke,uniprot_literature:0.607930797611621; eva:0.19453785523571876; europepmc:0.2362266023998068,0.4023375636553445,PRKCH
P24723,ENSG00000027075,MONDO_0016586,systemic mastocytosis,chembl:0.6383273374922022,0.3880588474189368,PRKCH
P24723,ENSG00000027075,EFO_0009001,Mastocytosis,chembl:0.607930797611621,0.3695798546847018,PRKCH
P24723,ENSG00000027075,EFO_0004842,eosinophil count,gwas_credible_sets:0.6020011269803247,0.3659750252882436,PRKCH
P24723,ENSG00000027075,EFO_0004741,blood urea nitrogen measurement,gwas_credible_sets:0.4963606752091996,0.3017529411829714,PRKCH
P24723,ENSG00000027075,EFO_0000565,leukemia,chembl:0.4718635472815629,0.2868603826627294,PRKCH
P24941,ENSG00000123374,EFO_0005772,neurodegenerative disease,crispr_screen:0.6123367030754887; europepmc:0.029954101355652598,0.3731688413439963,CDK2
P24941,ENSG00000123374,EFO_0020701,receptor tyrosine-protein kinase erbb-3 measurement,gwas_credible_sets:0.6072460756415895,0.3691635911113183,CDK2
P24941,ENSG00000123374,MONDO_0004975,Alzheimer disease,crispr_screen:0.5742311463739955; europepmc:0.23156438908390978,0.35613155501629,CDK2
P24941,ENSG00000123374,EFO_0020092,neuroinflammatory disorder,crispr_screen:0.5784110859355877,0.3516339128202257,CDK2
P24941,ENSG00000123374,MONDO_0005180,Parkinson disease,crispr_screen:0.5742311463739955; europepmc:0.034787151196664985,0.3501502078572598,CDK2
P24941,ENSG00000123374,MONDO_0005301,multiple sclerosis,crispr_screen:0.5742311463739955; europepmc:0.012158615952232422,0.3494623786832633,CDK2
P24941,ENSG00000123374,MONDO_0002561,lysosomal storage disease,crispr_screen:0.5742311463739955,0.3490927988285786,CDK2
P24941,ENSG00000123374,EFO_0000095,chronic lymphocytic leukemia,chembl:0.48844229779223935; europepmc:0.1258915258113674,0.3007657824690414,CDK2
P24941,ENSG00000123374,EFO_0000304,breast adenocarcinoma,slapenrich:0.959159706654506; europepmc:0.012158615952232422,0.2919209426063858,CDK2
P24941,ENSG00000123374,EFO_0000503,gastric adenocarcinoma,slapenrich:0.9332268014477455; europepmc:0.11894841533935378,0.2872842771289295,CDK2
P25098,ENSG00000173020,MONDO_0018770,Jeune syndrome,eva:0.7008091139133965; genomics_england:0.3039653988058105; europepmc:0.28560082262795944,0.4760992706726467,GRK2
P25098,ENSG00000173020,EFO_0004261,osteitis deformans,gwas_credible_sets:0.5751810762461191,0.3496702904534138,GRK2
P25098,ENSG00000173020,EFO_1001754,Abruptio Placentae,gwas_credible_sets:0.4959113157595358,0.301479761734323,GRK2
P25098,ENSG00000173020,EFO_0004842,eosinophil count,gwas_credible_sets:0.26854875161875413,0.1632590567691943,GRK2
P25098,ENSG00000173020,EFO_0000616,neoplasm,europepmc:0.8329431525506098,0.101274359019046,GRK2
P25098,ENSG00000173020,GO_0009410,response to xenobiotic stimulus,gwas_credible_sets:0.15472201835960325,0.0940602800294334,GRK2
P25098,ENSG00000173020,EFO_0005755,rheumatic disease,gwas_credible_sets:0.15472201835960325,0.0940602800294334,GRK2
P25098,ENSG00000173020,HP_0001370,Rheumatoid arthritis,europepmc:0.7584551072887744,0.0922176436653344,GRK2
P25098,ENSG00000173020,OBA_0003277,platelet volume,gwas_credible_sets:0.1502030247277982,0.0913130446264484,GRK2
P25098,ENSG00000173020,EFO_0000182,hepatocellular carcinoma,europepmc:0.729054078334803,0.0886428854688164,GRK2
P27037,ENSG00000121989,OBA_0003747,glomerular filtration rate,gwas_credible_sets:0.8618734530214995,0.5239594157356422,ACVR2A
P27037,ENSG00000121989,OBA_2050096,serum creatinine amount,gwas_credible_sets:0.8486727862511855,0.51593432385696,ACVR2A
P27037,ENSG00000121989,EFO_0005091,monocyte count,gwas_credible_sets:0.7982058923210206,0.4852539447770138,ACVR2A
P27037,ENSG00000121989,EFO_0000182,hepatocellular carcinoma,intogen:0.6782921125420572; cancer_gene_census:0.4559480982087158; europepmc:0.2384627572924834,0.4848724178390011,ACVR2A
P27037,ENSG00000121989,EFO_0006336,diastolic blood pressure,gwas_credible_sets:0.7844222175305691,0.4768744243676354,ACVR2A
P27037,ENSG00000121989,EFO_0004617,cystatin C measurement,gwas_credible_sets:0.7750593307186276,0.4711824371201045,ACVR2A
P27037,ENSG00000121989,EFO_0001663,prostate carcinoma,gwas_credible_sets:0.6552325979330308; cancer_gene_census:0.4559480982087158,0.4676322986359436,ACVR2A
P27037,ENSG00000121989,EFO_0000365,colorectal adenocarcinoma,intogen:0.6094154508833857; cancer_gene_census:0.607930797611621,0.4628773848035578,ACVR2A
P27037,ENSG00000121989,EFO_0003944,tibia fracture,chembl:0.7599134970145264,0.4619748183558772,ACVR2A
P27037,ENSG00000121989,EFO_0803539,basophil measurement,gwas_credible_sets:0.7515188942211253,0.4568714807840521,ACVR2A
P27361,ENSG00000102882,MONDO_0004992,cancer,reactome:0.9717353218761373; europepmc:0.6550432636022142; chembl:0.07599134970145263,0.6157919315184237,MAPK3
P27361,ENSG00000102882,MONDO_0018997,Noonan syndrome,reactome:0.865457038266544; europepmc:0.0805699596725765,0.5285870355643356,MAPK3
P27361,ENSG00000102882,EFO_0000538,hypertrophic cardiomyopathy,reactome:0.8274613634158176; europepmc:0.1442114645819481,0.5074227761885797,MAPK3
P27361,ENSG00000102882,MONDO_0009026,Costello syndrome,reactome:0.8274613634158176,0.5030392466541774,MAPK3
P27361,ENSG00000102882,EFO_0004340,body mass index,gwas_credible_sets:0.8134038853853283,0.4944932728226942,MAPK3
P27361,ENSG00000102882,EFO_0001073,obesity,gwas_credible_sets:0.7959190807529217,0.4838637215964319,MAPK3
P27361,ENSG00000102882,EFO_0004509,hemoglobin measurement,gwas_credible_sets:0.7900244911975404; europepmc:0.04863446380892969,0.4817585384851746,MAPK3
P27361,ENSG00000102882,EFO_0004305,erythrocyte count,gwas_credible_sets:0.7895931553581298,0.4800179967255444,MAPK3
P27361,ENSG00000102882,EFO_0004348,hematocrit,gwas_credible_sets:0.7802277772997964; europepmc:0.0650316049882517,0.4763012307471311,MAPK3
P27361,ENSG00000102882,OBA_2050034,amygdala volume,gwas_credible_sets:0.7623177039578477,0.463436409800554,MAPK3
P27448,ENSG00000075413,MONDO_0004992,cancer,reactome:0.9671529481664186; europepmc:0.3273029026029883,0.5979109389232433,MARK3
P27448,ENSG00000075413,EFO_0005091,monocyte count,gwas_credible_sets:0.8804232522912696,0.535236410001249,MARK3
P27448,ENSG00000075413,MONDO_0018997,Noonan syndrome,reactome:0.865457038266544,0.5261379875719714,MARK3
P27448,ENSG00000075413,EFO_0000538,hypertrophic cardiomyopathy,reactome:0.8274613634158176,0.5030392466541774,MARK3
P27448,ENSG00000075413,MONDO_0009026,Costello syndrome,reactome:0.8274613634158176,0.5030392466541774,MARK3
P27448,ENSG00000075413,OBA_0003460,erythrocyte volume,gwas_credible_sets:0.7743650125588464,0.4707603397274324,MARK3
P27448,ENSG00000075413,EFO_0006335,systolic blood pressure,gwas_credible_sets:0.7672835698575622,0.4664553126177997,MARK3
P27448,ENSG00000075413,EFO_0005772,neurodegenerative disease,crispr_screen:0.7508907525965884,0.4564896141452344,MARK3
P27448,ENSG00000075413,OBA_1000110,bone tissue density,gwas_credible_sets:0.7229662179530012,0.4395134295264251,MARK3
P27448,ENSG00000075413,EFO_0007989,monocyte percentage of leukocytes,gwas_credible_sets:0.7199766724486341,0.4376959927434589,MARK3
P28482,ENSG00000100030,MONDO_0018997,Noonan syndrome,reactome:0.865457038266544; eva:0.820550872050994; uniprot_literature:0.607930797611621; uniprot_variants:0.607930797611621; genomics_england:0.3799567485072632; gene2phenotype:0.3039653988058105; europepmc:0.0932520424944691,0.7296146341979541,MAPK1
P28482,ENSG00000100030,MONDO_0004992,cancer,reactome:0.9741405848000253; europepmc:0.9595759816788951; chembl:0.07599134970145263,0.6265109058361681,MAPK1
P28482,ENSG00000100030,HP_0000708,Atypical behavior,eva:0.8455425487235576; genomics_england:0.607930797611621,0.6064263197312508,MAPK1
P28482,ENSG00000100030,HP_0001249,Intellectual disability,eva:0.8341283378296251; genomics_england:0.607930797611621; europepmc:0.11218399475368461,0.6010028272963921,MAPK1
P28482,ENSG00000100030,EFO_0000538,hypertrophic cardiomyopathy,reactome:0.8274613634158176; impc:0.2820798900917922; europepmc:0.23349546121828774,0.5147679233267987,MAPK1
P28482,ENSG00000100030,HP_0001999,Abnormal facial shape,eva:0.8455425487235576,0.5140313560600753,MAPK1
P28482,ENSG00000100030,HP_0001328,Specific learning disability,eva:0.8455425487235576,0.5140313560600753,MAPK1
P28482,ENSG00000100030,EFO_1000172,cervical squamous cell carcinoma,intogen:0.6868212462411066; cancer_gene_census:0.607930797611621; europepmc:0.15010549753323174,0.5119626129338338,MAPK1
P28482,ENSG00000100030,MONDO_0009026,Costello syndrome,reactome:0.8274613634158176; europepmc:0.03860078158079423,0.5042125768509196,MAPK1
P28482,ENSG00000100030,EFO_0005207,congenital heart disease,eva:0.7962204752052205; europepmc:0.024148362238461615,0.4847809752220458,MAPK1
P29317,ENSG00000142627,Orphanet_98993,Posterior polar cataract,eva:0.9054441749509129; uniprot_variants:0.8274613634158176; genomics_england:0.7599134970145264; uniprot_literature:0.607930797611621; impc:0.6386539107483341; europepmc:0.03951550184475537,0.7538760058677597,EPHA2
P29317,ENSG00000142627,Orphanet_98994,Total congenital cataract,eva:0.9054441749509129; uniprot_variants:0.8274613634158176; genomics_england:0.7599134970145264; uniprot_literature:0.607930797611621; impc:0.6323397243661977,0.7537118377688817,EPHA2
P29317,ENSG00000142627,EFO_0000339,chronic myelogenous leukemia,chembl:0.9580425337083676; europepmc:0.13264712264553566,0.5864555752167256,EPHA2
P29317,ENSG00000142627,MONDO_0011060,early-onset non-syndromic cataract,eva:0.9054633783105964; impc:0.8466686988256645,0.5761948726539678,EPHA2
P29317,ENSG00000142627,EFO_0005772,neurodegenerative disease,crispr_screen:0.9149201550265628; europepmc:0.021277577916406734,0.5568549043419445,EPHA2
P29317,ENSG00000142627,EFO_0000220,acute lymphoblastic leukemia,chembl:0.9036775138582775; europepmc:0.0667035180712751,0.551400947930778,EPHA2
P29317,ENSG00000142627,EFO_0000616,neoplasm,chembl:0.8545637992030427; europepmc:0.9782157098447992,0.5492500248956312,EPHA2
P29317,ENSG00000142627,EFO_0004532,serum gamma-glutamyl transferase measurement,gwas_credible_sets:0.9007510157264991,0.5475942834400884,EPHA2
P29317,ENSG00000142627,EFO_0004735,serum alanine aminotransferase measurement,gwas_credible_sets:0.8781501366226647,0.5338545129797706,EPHA2
P29317,ENSG00000142627,OBA_2050068,serum albumin amount,gwas_credible_sets:0.8547655276986548,0.5196382890247614,EPHA2
P29320,ENSG00000044524,EFO_0004340,body mass index,gwas_credible_sets:0.8917107299205752,0.5420984152794561,EPHA3
P29320,ENSG00000044524,EFO_0005772,neurodegenerative disease,crispr_screen:0.865457038266544; europepmc:0.012158615952232422,0.526507567426656,EPHA3
P29320,ENSG00000044524,EFO_0004346,neuroimaging measurement,gwas_credible_sets:0.8460346682442023,0.5143305306727811,EPHA3
P29320,ENSG00000044524,MONDO_0015277,medullary thyroid gland carcinoma,chembl:0.7935602610177124; cancer_gene_census:0.15198269940290526,0.505528463351178,EPHA3
P29320,ENSG00000044524,OBA_2045210,brain attribute,gwas_credible_sets:0.82395830373773,0.5009096287899966,EPHA3
P29320,ENSG00000044524,OBA_0004528,fat pad mass,gwas_credible_sets:0.8189600099497668,0.4978710120607829,EPHA3
P29320,ENSG00000044524,OBA_2045295,brain connectivity attribute,gwas_credible_sets:0.8071114851903265,0.4906679289532553,EPHA3
P29320,ENSG00000044524,EFO_0007800,body fat percentage,gwas_credible_sets:0.8013831378908652,0.4871854902104974,EPHA3
P29320,ENSG00000044524,OBA_1001085,waist circumference,gwas_credible_sets:0.7998141986429489,0.4862316837221074,EPHA3
P29320,ENSG00000044524,EFO_0008111,diet measurement,gwas_credible_sets:0.7816685844087994,0.4752004059875881,EPHA3
P29322,ENSG00000070886,MONDO_0015277,medullary thyroid gland carcinoma,chembl:0.7935602610177124; europepmc:0.01823792392834863,0.4829840922154111,EPHA8
P29322,ENSG00000070886,MONDO_0002108,thyroid cancer,chembl:0.7757534716856291; europepmc:0.037742370351721476,0.4727516642574124,EPHA8
P29322,ENSG00000070886,EFO_0004833,neutrophil count,gwas_credible_sets:0.7643706425676945,0.4646844544070858,EPHA8
P29322,ENSG00000070886,EFO_0000616,neoplasm,chembl:0.6488816916174039; europepmc:0.3519743484022289,0.4051739666586962,EPHA8
P29322,ENSG00000070886,EFO_0003841,thyroid neoplasm,chembl:0.6383273374922022; europepmc:0.012158615952232422,0.3884284272736215,EPHA8
P29322,ENSG00000070886,EFO_0002892,thyroid carcinoma,chembl:0.6383273374922022,0.3880588474189368,EPHA8
P29322,ENSG00000070886,EFO_0003060,non-small cell lung carcinoma,chembl:0.6255738392759311; europepmc:0.14021106804191044; expression_atlas:0.09499881339462286,0.3858509278285079,EPHA8
P29322,ENSG00000070886,EFO_0000318,cardiomyopathy,gwas_credible_sets:0.5049890055955544,0.3069983689568047,EPHA8
P29322,ENSG00000070886,MONDO_0008903,lung cancer,chembl:0.4852976461600768; europepmc:0.08451153575622604,0.297596243376121,EPHA8
P29322,ENSG00000070886,EFO_0004533,alkaline phosphatase measurement,gwas_credible_sets:0.47043826688075324; europepmc:0.03343619386863916,0.2870102554122279,EPHA8
P29323,ENSG00000133216,OBA_2050305,ephrin type-B receptor 2 amount,gwas_credible_sets:0.8114203768657893,0.4932874369063414,EPHB2
P29323,ENSG00000133216,MONDO_0015277,medullary thyroid gland carcinoma,chembl:0.7935602610177124; europepmc:0.2168654384561001,0.4890216813821346,EPHB2
P29323,ENSG00000133216,MONDO_0002108,thyroid cancer,chembl:0.7757534716856291; europepmc:0.5160313828430586,0.487289995300049,EPHB2
P29323,ENSG00000133216,Orphanet_1331,Familial prostate cancer,eva_somatic:0.7184559940107339; eva:0.19453785523571876,0.4663379138625716,EPHB2
P29323,ENSG00000133216,Orphanet_71202,Rare hemorrhagic disorder due to a constitutional platelet anomaly,eva:0.6295461148600343; uniprot_literature:0.3039653988058105; uniprot_variants:0.3039653988058105; clingen:0.006079307976116211,0.4496811551340736,EPHB2
P29323,ENSG00000133216,EFO_0000616,neoplasm,chembl:0.6488816916174039; europepmc:0.9660119542704605,0.4238385852336464,EPHB2
P29323,ENSG00000133216,EFO_1000786,"osteoarthritis, hip",gwas_credible_sets:0.6928494863411744,0.4212045408561921,EPHB2
P29323,ENSG00000133216,EFO_0003060,non-small cell lung carcinoma,chembl:0.6255738392759311; europepmc:0.6129182807753562,0.3989361980411061,EPHB2
P29323,ENSG00000133216,EFO_0003841,thyroid neoplasm,chembl:0.6383273374922022; europepmc:0.14664106782275488,0.3925162284851422,EPHB2
P29323,ENSG00000133216,EFO_0002892,thyroid carcinoma,chembl:0.6383273374922022; europepmc:0.12753957865562154,0.391935609307895,EPHB2
P29376,ENSG00000062524,EFO_0004305,erythrocyte count,gwas_credible_sets:0.6793083504533993,0.4129724673153697,LTK
P29376,ENSG00000062524,MONDO_0005148,type 2 diabetes mellitus,gwas_credible_sets:0.597345287092555; europepmc:0.03647584785669726,0.3642533363957738,LTK
P29376,ENSG00000062524,EFO_0007010,drug use measurement,gwas_credible_sets:0.5324915175618625,0.3237179929928056,LTK
P29376,ENSG00000062524,EFO_0009284,chloride measurement,gwas_credible_sets:0.5318296338994875,0.3233156135300118,LTK
P29376,ENSG00000062524,EFO_0004285,albuminuria,gwas_credible_sets:0.5318296338994875,0.3233156135300118,LTK
P29376,ENSG00000062524,EFO_0004541,HbA1c measurement,gwas_credible_sets:0.4932545317023411,0.2998646208833508,LTK
P29376,ENSG00000062524,EFO_0802627,inositol-trisphosphate 3-kinase A measurement,gwas_credible_sets:0.36175055217128643,0.2199193017179345,LTK
P29376,ENSG00000062524,EFO_0004612,high density lipoprotein cholesterol measurement,gwas_credible_sets:0.3573847630542186,0.2172652040577913,LTK
P29376,ENSG00000062524,EFO_0005772,neurodegenerative disease,crispr_screen:0.26234345372489576,0.1594866650711632,LTK
P29376,ENSG00000062524,EFO_0004574,total cholesterol measurement,gwas_credible_sets:0.1934673085721621,0.1176147352120481,LTK
P29597,ENSG00000105397,MONDO_0012682,immunodeficiency 35,eva:0.9258001370631919; genomics_england:0.8274613634158176; uniprot_literature:0.607930797611621; orphanet:0.607930797611621; impc:0.5798473499811192; europepmc:0.037995674850726316,0.7556937794675811,TYK2
P29597,ENSG00000105397,EFO_0000685,rheumatoid arthritis,chembl:0.9620953987938542; gwas_credible_sets:0.9458417388208566; europepmc:0.02735688589252295,0.7290085836958345,TYK2
P29597,ENSG00000105397,EFO_0000676,psoriasis,chembl:0.9516300798420755; gwas_credible_sets:0.9341727998035039; europepmc:0.5500220951639657,0.7279339010928887,TYK2
P29597,ENSG00000105397,MONDO_0100096,COVID-19,gwas_credible_sets:0.9400089141663532; chembl:0.48360894950004457; europepmc:0.4932014441827834,0.6516235036037216,TYK2
P29597,ENSG00000105397,EFO_0004587,lymphocyte count,gwas_credible_sets:0.9376022859681812; gene_burden:0.5038241123251203,0.64656985416656,TYK2
P29597,ENSG00000105397,EFO_1001494,psoriasis vulgaris,gwas_credible_sets:0.8741234445619943; chembl:0.6123720698275059; europepmc:0.20301916221730731,0.6272192253241909,TYK2
P29597,ENSG00000105397,EFO_0003778,psoriatic arthritis,chembl:0.8571254647048375; gwas_credible_sets:0.5540588509458366; europepmc:0.2896242278961206,0.6091930269365642,TYK2
P29597,ENSG00000105397,EFO_0004309,platelet count,gwas_credible_sets:0.9342864763997496; gene_burden:0.1900298470498371,0.5968627719172062,TYK2
P29597,ENSG00000105397,EFO_0007993,lymphocyte percentage of leukocytes,gwas_credible_sets:0.8143362309249366; gene_burden:0.607930797611621,0.5874550380614134,TYK2
P29597,ENSG00000105397,MONDO_0007915,systemic lupus erythematosus,gwas_credible_sets:0.8981936563211574; chembl:0.18645577576640945; europepmc:0.024317231904464845,0.5747061534436476,TYK2
P30291,ENSG00000166483,EFO_0005772,neurodegenerative disease,crispr_screen:0.8370254128717327; europepmc:0.26665614238861485,0.5169589509348264,WEE1
P30291,ENSG00000166483,OBA_0003784,"chromosome, telomeric region length",gwas_credible_sets:0.7038557710363167,0.4278956002896505,WEE1
P30291,ENSG00000166483,EFO_0002496,actinic keratosis,gwas_credible_sets:0.6829566309674712; europepmc:0.01823792392834863,0.4157447391802273,WEE1
P30291,ENSG00000166483,EFO_0000707,squamous cell carcinoma,gwas_credible_sets:0.661586791647269; chembl:0.06079307976116211; europepmc:0.10634724833743846,0.4128751882471236,WEE1
P30291,ENSG00000166483,EFO_1001927,cutaneous squamous cell carcinoma,gwas_credible_sets:0.6619443776264543,0.4024163734649784,WEE1
P30291,ENSG00000166483,EFO_0020092,neuroinflammatory disorder,crispr_screen:0.6139333724991795; europepmc:0.18237923928348632,0.3787727026440891,WEE1
P30291,ENSG00000166483,EFO_0000684,respiratory system disease,gwas_credible_sets:0.5563004375513505; europepmc:0.030396539880581056,0.3391161183489981,WEE1
P30291,ENSG00000166483,MONDO_0002898,skin cancer,gwas_credible_sets:0.5369472733656306; europepmc:0.07117856422036063,0.3285903662385196,WEE1
P30291,ENSG00000166483,EFO_0004517,arterial stiffness measurement,gwas_credible_sets:0.5004051635504554,0.304211710206202,WEE1
P30291,ENSG00000166483,EFO_0000519,glioblastoma multiforme,slapenrich:0.8612549755878822; europepmc:0.7697505450935828; expression_atlas:0.2756255512343682; chembl:0.030396539880581056,0.2900679858982973,WEE1
P30530,ENSG00000167601,EFO_0000222,acute myeloid leukemia,chembl:0.8871647193649189; europepmc:0.9361363228345657,0.5677900605271066,AXL
P30530,ENSG00000167601,EFO_0005772,neurodegenerative disease,crispr_screen:0.9282553691221662; europepmc:0.0733536055184822,0.5665447227332352,AXL
P30530,ENSG00000167601,EFO_0004530,triglyceride measurement,gwas_credible_sets:0.9059236000691949,0.5507388567652569,AXL
P30530,ENSG00000167601,MONDO_0004975,Alzheimer disease,crispr_screen:0.865457038266544; europepmc:0.2703541269760336,0.534355817574478,AXL
P30530,ENSG00000167601,MONDO_0005301,multiple sclerosis,crispr_screen:0.865457038266544; europepmc:0.16965153255682305,0.5312948071471365,AXL
P30530,ENSG00000167601,MONDO_0005180,Parkinson disease,crispr_screen:0.865457038266544; europepmc:0.052751506266088384,0.5277414508359493,AXL
P30530,ENSG00000167601,MONDO_0002561,lysosomal storage disease,crispr_screen:0.865457038266544,0.5261379875719714,AXL
P30530,ENSG00000167601,EFO_0004541,HbA1c measurement,gwas_credible_sets:0.8013840634472268,0.4871860528847145,AXL
P30530,ENSG00000167601,EFO_0004574,total cholesterol measurement,gwas_credible_sets:0.7211339107347169,0.438399513537744,AXL
P30530,ENSG00000167601,OBA_0003460,erythrocyte volume,gwas_credible_sets:0.7110730559215781,0.4322832100465378,AXL
P31152,ENSG00000141639,EFO_0006336,diastolic blood pressure,gwas_credible_sets:0.8992047615568923,0.546654267909449,MAPK4
P31152,ENSG00000141639,EFO_0006335,systolic blood pressure,gwas_credible_sets:0.8691275756770708,0.5283694203076162,MAPK4
P31152,ENSG00000141639,EFO_0004833,neutrophil count,gwas_credible_sets:0.8657866753047561,0.5263383840795339,MAPK4
P31152,ENSG00000141639,EFO_0005091,monocyte count,gwas_credible_sets:0.8321078722251655,0.5058640024607537,MAPK4
P31152,ENSG00000141639,EFO_0000537,hypertension,gwas_credible_sets:0.7951412645916501,0.4833908631971149,MAPK4
P31152,ENSG00000141639,EFO_0004468,glucose measurement,gwas_credible_sets:0.7811681255824725,0.4748961616541275,MAPK4
P31152,ENSG00000141639,EFO_0004612,high density lipoprotein cholesterol measurement,gwas_credible_sets:0.7546446414139893,0.4587717187681423,MAPK4
P31152,ENSG00000141639,OBA_2045223,myeloid leukocyte count,gwas_credible_sets:0.7521373893582962,0.4572474830261114,MAPK4
P31152,ENSG00000141639,EFO_0004541,HbA1c measurement,gwas_credible_sets:0.6991166919709517,0.4250145681734987,MAPK4
P31152,ENSG00000141639,EFO_0009188,Red cell distribution width,gwas_credible_sets:0.583617337609406,0.3547989535528569,MAPK4
P31749,ENSG00000142208,MONDO_0008318,Proteus syndrome,genomics_england:0.9190679877429972; eva:0.6722614362300552; uniprot_variants:0.607930797611621; gene2phenotype:0.607930797611621; uniprot_literature:0.607930797611621; cancer_gene_census:0.607930797611621; eva_somatic:0.5592963338026914; chembl:0.13678442946261474; europepmc:0.5055917469438749,0.7591115930354126,AKT1
P31749,ENSG00000142208,MONDO_0004992,cancer,reactome:0.9671529481664186; chembl:0.49064962736314655; cancer_biomarkers:0.8274613634158176; europepmc:0.9605103559163725,0.6977779906678739,AKT1
P31749,ENSG00000142208,MONDO_0014048,Cowden syndrome 6,eva:0.8142518860747864; uniprot_variants:0.7599134970145264; genomics_england:0.6839221473130737; uniprot_literature:0.607930797611621; clingen:0.006079307976116211; europepmc:0.012158615952232422,0.6799876222707348,AKT1
P31749,ENSG00000142208,EFO_0000304,breast adenocarcinoma,intogen:0.9168934977953029; eva_somatic:0.547137717850459; slapenrich:0.9802615355154657; chembl:0.06079307976116211; europepmc:0.10611358658131928,0.6764965021937291,AKT1
P31749,ENSG00000142208,EFO_0000305,breast carcinoma,reactome:0.865457038266544; cancer_gene_census:0.4559480982087158; crispr:0.3275531137531414; chembl:0.16665747337858577; europepmc:0.33587779429236553,0.6255255111054868,AKT1
P31749,ENSG00000142208,EFO_0000365,colorectal adenocarcinoma,reactome:0.865457038266544; cancer_gene_census:0.4559480982087158; intogen:0.2919626169195252; europepmc:0.23007127883559456,0.6169040048678299,AKT1
P31749,ENSG00000142208,EFO_0001075,ovarian carcinoma,reactome:0.865457038266544; cancer_gene_census:0.3039653988058105; chembl:0.12158615952232422; europepmc:0.34678303792388326,0.5831836061777597,AKT1
P31749,ENSG00000142208,EFO_0004612,high density lipoprotein cholesterol measurement,gwas_credible_sets:0.8911149959109022,0.5417362502277911,AKT1
P31749,ENSG00000142208,MONDO_0011962,endometrial cancer,intogen:0.7035024209905246; slapenrich:0.9723677468722394; chembl:0.14353921610274387; europepmc:0.6338748338753184,0.5160849936149091,AKT1
P31749,ENSG00000142208,MONDO_0007254,breast cancer,chembl:0.6469300526161448; uniprot_literature:0.607930797611621; europepmc:0.989009553081918,0.4990447635892719,AKT1
P31751,ENSG00000105221,MONDO_0009416,hypoinsulinemic hypoglycemia and body hemihypertrophy,genomics_england:0.9331218710658447; eva:0.7707604363678517; orphanet:0.607930797611621; uniprot_literature:0.607930797611621; uniprot_variants:0.607930797611621; gene2phenotype:0.607930797611621; impc:0.5630085479006198; europepmc:0.012158615952232422,0.7750483656467739,AKT2
P31751,ENSG00000105221,MONDO_0005148,type 2 diabetes mellitus,genomics_england:0.8860591375189377; eva:0.7710205915168025; uniprot_literature:0.607930797611621; gwas_credible_sets:0.5628720536345618; impc:0.7078103996049905; europepmc:0.5910922297387604,0.7237343097022398,AKT2
P31751,ENSG00000105221,MONDO_0004992,cancer,reactome:0.607930797611621; chembl:0.49064962736314655; cancer_biomarkers:0.607930797611621; europepmc:0.4355696758156329,0.4679922764169578,AKT2
P31751,ENSG00000105221,MONDO_0007254,breast cancer,chembl:0.6469300526161448; europepmc:0.860254254797677,0.419437455649258,AKT2
P31751,ENSG00000105221,EFO_0000389,cutaneous melanoma,cancer_gene_census:0.607930797611621; slapenrich:0.46246973986249534; europepmc:0.07176960805137193,0.4056931311921979,AKT2
P31751,ENSG00000105221,EFO_0001663,prostate carcinoma,cancer_gene_census:0.607930797611621; chembl:0.12158615952232422; europepmc:0.0667035180712751,0.3889599834843718,AKT2
P31751,ENSG00000105221,EFO_0005772,neurodegenerative disease,crispr_screen:0.6328614901526678; europepmc:0.060417053731751276,0.3865724598694148,AKT2
P31751,ENSG00000105221,MONDO_0019192,AKT2-related familial partial lipodystrophy,orphanet:0.607930797611621; impc:0.419755951390904,0.3823389832012666,AKT2
P31751,ENSG00000105221,MONDO_0018531,carcinoma of liver and intrahepatic biliary tract,cancer_gene_census:0.607930797611621; chembl:0.06079307976116211,0.3788193510518193,AKT2
P31751,ENSG00000105221,EFO_0001071,lung carcinoma,cancer_gene_census:0.607930797611621; europepmc:0.11467432409281209,0.3730655573502676,AKT2
P32298,ENSG00000125388,EFO_0011015,educational attainment,gwas_credible_sets:0.7177709684825344,0.4363550773720528,GRK4
P32298,ENSG00000125388,MONDO_0024470,benign chondrogenic neoplasm,gwas_credible_sets:0.5144049432104557,0.312722607421293,GRK4
P32298,ENSG00000125388,EFO_0006525,cigarettes per day measurement,gwas_credible_sets:0.5043061956483924,0.3065832677610094,GRK4
P32298,ENSG00000125388,EFO_0010639,pain measurement,gwas_credible_sets:0.4848118252595911,0.2947320396216091,GRK4
P32298,ENSG00000125388,EFO_0004314,forced expiratory volume,gwas_credible_sets:0.4353844067783205,0.2646835896804069,GRK4
P32298,ENSG00000125388,EFO_0005772,neurodegenerative disease,crispr_screen:0.36632748318086855,0.2227017590372031,GRK4
P32298,ENSG00000125388,EFO_0000694,severe acute respiratory syndrome,gwas_credible_sets:0.30493849670165735,0.1853815035223272,GRK4
P32298,ENSG00000125388,MONDO_0100096,COVID-19,gwas_credible_sets:0.30493849670165735,0.1853815035223272,GRK4
P32298,ENSG00000125388,EFO_0004340,body mass index,gwas_credible_sets:0.28954364368021357,0.1760224982458872,GRK4
P32298,ENSG00000125388,OBA_0003277,platelet volume,gwas_credible_sets:0.22729046435189793,0.138176873282965,GRK4
P33981,ENSG00000112742,EFO_0005772,neurodegenerative disease,crispr_screen:0.9071487967840962,0.551483691581378,TTK
P33981,ENSG00000112742,MONDO_0004975,Alzheimer disease,crispr_screen:0.6171051604145935; europepmc:0.08173291834556239,0.3776416302931383,TTK
P33981,ENSG00000112742,MONDO_0002561,lysosomal storage disease,crispr_screen:0.6171051604145935; europepmc:0.012158615952232422,0.3755268122357759,TTK
P33981,ENSG00000112742,MONDO_0005180,Parkinson disease,crispr_screen:0.6171051604145935,0.3751572323810912,TTK
P33981,ENSG00000112742,MONDO_0005301,multiple sclerosis,crispr_screen:0.6171051604145935,0.3751572323810912,TTK
P33981,ENSG00000112742,OBA_2045216,macula attribute,gwas_credible_sets:0.5014989192061261,0.3048766379543461,TTK
P33981,ENSG00000112742,OBA_2050110,retinal layer thickness,gwas_credible_sets:0.4765678216292015,0.2897202559190732,TTK
P33981,ENSG00000112742,EFO_0003957,radius fracture,gwas_credible_sets:0.4761420862577942,0.2894614382751621,TTK
P33981,ENSG00000112742,EFO_0003950,ulna fracture,gwas_credible_sets:0.4761420862577942,0.2894614382751621,TTK
P33981,ENSG00000112742,EFO_0000305,breast carcinoma,gwas_credible_sets:0.3942642671563683; expression_atlas:0.1758020625991336; europepmc:0.10026288340650516,0.2463836735796854,TTK
P34925,ENSG00000163785,EFO_0006335,systolic blood pressure,gwas_credible_sets:0.837340745399159,0.5090452272232201,RYK
P34925,ENSG00000163785,EFO_0006336,diastolic blood pressure,gwas_credible_sets:0.8183051989574697,0.4974729322919508,RYK
P34925,ENSG00000163785,EFO_0000537,hypertension,gwas_credible_sets:0.779296339405785,0.4737582451907755,RYK
P34925,ENSG00000163785,EFO_0009927,Antihypertensive use measurement,gwas_credible_sets:0.6482694320966779,0.394102952921766,RYK
P34925,ENSG00000163785,EFO_0000319,cardiovascular disease,gwas_credible_sets:0.6339482702829741,0.3853966775976359,RYK
P34925,ENSG00000163785,HP_0032263,Increased blood pressure,gwas_credible_sets:0.6333287244399494,0.385020036599129,RYK
P34925,ENSG00000163785,HP_0000924,Abnormality of the skeletal system,gwas_credible_sets:0.6254945611164119,0.3802574074412311,RYK
P34925,ENSG00000163785,MONDO_0001134,essential hypertension,gwas_credible_sets:0.5993806533623474,0.3643819586715464,RYK
P34925,ENSG00000163785,EFO_0006945,diastolic blood pressure change measurement,gwas_credible_sets:0.5960194316723618,0.362338568488604,RYK
P34925,ENSG00000163785,EFO_0004459,ferritin measurement,gwas_credible_sets:0.5950594892823129,0.3617549899457603,RYK
P34947,ENSG00000198873,EFO_0004286,venous thromboembolism,gwas_credible_sets:0.8919291437242582; europepmc:0.02262853524443256,0.542919024931335,GRK5
P34947,ENSG00000198873,OBA_0003277,platelet volume,gwas_credible_sets:0.8595128435921023,0.5225243285623793,GRK5
P34947,ENSG00000198873,EFO_0004309,platelet count,gwas_credible_sets:0.8592011123419125,0.5223348175348109,GRK5
P34947,ENSG00000198873,EFO_0004587,lymphocyte count,gwas_credible_sets:0.8376973714190934,0.5092620311639678,GRK5
P34947,ENSG00000198873,EFO_0007984,platelet component distribution width,gwas_credible_sets:0.7832961343410663,0.4761898437160639,GRK5
P34947,ENSG00000198873,EFO_0003777,heart disease,gwas_credible_sets:0.7789641374404278; europepmc:0.040714373083786864,0.4747938654501619,GRK5
P34947,ENSG00000198873,HP_0002140,Ischemic stroke,gwas_credible_sets:0.7580681208060245,0.4608529573255492,GRK5
P34947,ENSG00000198873,EFO_0003907,deep vein thrombosis,gwas_credible_sets:0.7268164078215399,0.441854078524162,GRK5
P34947,ENSG00000198873,EFO_0003827,pulmonary embolism,gwas_credible_sets:0.7160640237518084; europepmc:0.06383273374922022,0.4372576673375183,GRK5
P34947,ENSG00000198873,EFO_1001408,Pulmonary Infarction,gwas_credible_sets:0.7160640237518084,0.4353173731004237,GRK5
P35590,ENSG00000066056,EFO_0004346,neuroimaging measurement,gwas_credible_sets:0.8886987609527367,0.5402673465824566,TIE1
P35590,ENSG00000066056,EFO_0004509,hemoglobin measurement,gwas_credible_sets:0.846386933950165,0.5145446838443782,TIE1
P35590,ENSG00000066056,EFO_0006335,systolic blood pressure,gwas_credible_sets:0.8386589175608665,0.5098465846768764,TIE1
P35590,ENSG00000066056,EFO_0004348,hematocrit,gwas_credible_sets:0.8169189454791304,0.4966301861091721,TIE1
P35590,ENSG00000066056,EFO_0005091,monocyte count,gwas_credible_sets:0.7558477005175677,0.4595030954485546,TIE1
P35590,ENSG00000066056,EFO_0004612,high density lipoprotein cholesterol measurement,gwas_credible_sets:0.7516866122316299,0.456973441727952,TIE1
P35590,ENSG00000066056,EFO_0004528,mean corpuscular hemoglobin concentration,gwas_credible_sets:0.7202886627027835,0.437885661227511,TIE1
P35590,ENSG00000066056,EFO_0004309,platelet count,gwas_credible_sets:0.6615363847547884; gene_burden:0.15198269940290526,0.4252670829508806,TIE1
P35590,ENSG00000066056,OBA_2045210,brain attribute,gwas_credible_sets:0.6637130271292554,0.4034915899679117,TIE1
P35590,ENSG00000066056,EFO_0004527,mean corpuscular hemoglobin,gwas_credible_sets:0.6587063756658116,0.4004478923503769,TIE1
P35626,ENSG00000100077,EFO_0004612,high density lipoprotein cholesterol measurement,gwas_credible_sets:0.6575329811261008,0.3997345496719374,GRK3
P35626,ENSG00000100077,OBA_2050135,growth differentiation factor 15 amount,gwas_credible_sets:0.48469917550692776,0.2946635563676217,GRK3
P35626,ENSG00000100077,EFO_0004264,vascular disease,gwas_credible_sets:0.4595856106022319,0.2793962468242387,GRK3
P35626,ENSG00000100077,EFO_0009431,intestinal disease,gwas_credible_sets:0.4595856106022319,0.2793962468242387,GRK3
P35626,ENSG00000100077,EFO_0001061,cervical carcinoma,gwas_credible_sets:0.4595856106022319,0.2793962468242387,GRK3
P35626,ENSG00000100077,EFO_0005423,adolescent idiopathic scoliosis,gwas_credible_sets:0.4550553524824444,0.2766421633920898,GRK3
P35626,ENSG00000100077,OBA_0003747,glomerular filtration rate,gwas_credible_sets:0.454569189491576,0.2763466099372819,GRK3
P35626,ENSG00000100077,MONDO_0004390,ocular hypotension,gwas_credible_sets:0.44524797528859245,0.2706799567521533,GRK3
P35626,ENSG00000100077,MONDO_0000833,bone remodeling disease,gwas_credible_sets:0.43782334229307507,0.2661662936932149,GRK3
P35626,ENSG00000100077,EFO_0010967,urinary microalbumin measurement,gwas_credible_sets:0.43012515676642077,0.2614863296258337,GRK3
P35916,ENSG00000037280,MONDO_0007919,lymphatic malformation 1,uniprot_variants:0.9421515329208274; genomics_england:0.8274613634158176; uniprot_literature:0.607930797611621; clingen:0.607930797611621; impc:0.4351729075486687; europepmc:0.03250741070562141,0.7649121441732586,FLT4
P35916,ENSG00000037280,Orphanet_79452,Milroy disease,eva:0.8901662614208975; genomics_england:0.865457038266544; orphanet:0.607930797611621; gene2phenotype:0.607930797611621; europepmc:0.21500440863363696,0.7379028138346934,FLT4
P35916,ENSG00000037280,MONDO_0032913,"congenital heart defects, multiple types, 7",eva:0.893974651022788; uniprot_variants:0.7599134970145264; uniprot_literature:0.607930797611621; clingen:0.607930797611621; eva_somatic:0.547137717850459; europepmc:0.012158615952232422,0.7364775356428651,FLT4
P35916,ENSG00000037280,MONDO_0011719,gastrointestinal stromal tumor,chembl:0.9459646138456874; cancer_gene_census:0.4559480982087158; europepmc:0.17479773223867998,0.6467386877338609,FLT4
P35916,ENSG00000037280,MONDO_0011191,capillary infantile hemangioma,uniprot_variants:0.7599134970145264; genomics_england:0.607930797611621; uniprot_literature:0.607930797611621; eva_somatic:0.547137717850459; eva:0.5333039148114744,0.6291915521233968,FLT4
P35916,ENSG00000037280,EFO_0000616,neoplasm,chembl:0.9497246997891065; eva:0.19453785523571876; europepmc:0.9345303445309342,0.6195583888010906,FLT4
P35916,ENSG00000037280,EFO_0000681,renal cell carcinoma,chembl:0.9854657093678905; europepmc:0.3485940874155205,0.6096910087951842,FLT4
P35916,ENSG00000037280,EFO_0002892,thyroid carcinoma,chembl:0.8830048521864403; cancer_gene_census:0.4559480982087158; europepmc:0.012158615952232422,0.606266324551209,FLT4
P35916,ENSG00000037280,EFO_1001901,neuroendocrine neoplasm,chembl:0.8857330381738904; europepmc:0.20599555868444636,0.5447259445827919,FLT4
P35916,ENSG00000037280,EFO_0004142,colorectal neoplasm,chembl:0.8878479352684523; europepmc:0.07734230702947845,0.5421010419656588,FLT4
P35968,ENSG00000128052,EFO_0000616,neoplasm,chembl:0.9623786380248446; cancer_gene_census:0.4559480982087158; europepmc:0.9920907884566859; eva:0.19453785523571876,0.6751501560732297,KDR
P35968,ENSG00000128052,MONDO_0011719,gastrointestinal stromal tumor,chembl:0.9460685268605575; cancer_gene_census:0.4559480982087158; europepmc:0.6685743526716477,0.6534725710936906,KDR
P35968,ENSG00000128052,EFO_0002892,thyroid carcinoma,chembl:0.9131078664684261; cancer_gene_census:0.4559480982087158; europepmc:0.11494983447099193,0.6259555395333168,KDR
P35968,ENSG00000128052,EFO_0000182,hepatocellular carcinoma,chembl:0.8790647105474478; cancer_gene_census:0.4559480982087158; europepmc:0.883525292669557; progeny:0.3039653988058105,0.6214174683044498,KDR
P35968,ENSG00000128052,EFO_0003060,non-small cell lung carcinoma,chembl:0.8737477302103861; cancer_gene_census:0.4559480982087158; europepmc:0.9115314873705366; expression_atlas:0.10404735601122893,0.6135794486190362,KDR
P35968,ENSG00000128052,EFO_0000681,renal cell carcinoma,chembl:0.9869344810783449; europepmc:0.3745195252585452,0.6113719639579472,KDR
P35968,ENSG00000128052,EFO_0000222,acute myeloid leukemia,chembl:0.84423851540699; cancer_gene_census:0.4559480982087158; europepmc:0.6898896159431669,0.5918549311210773,KDR
P35968,ENSG00000128052,MONDO_0004992,cancer,reactome:0.7599134970145264; chembl:0.6572536095100697; cancer_biomarkers:0.607930797611621; europepmc:0.8710346582738546,0.5890173202025681,KDR
P35968,ENSG00000128052,EFO_0001065,endometriosis,gwas_credible_sets:0.9196192200311761; europepmc:0.5492764305597141; chembl:0.07599134970145263,0.5808940023967888,KDR
P35968,ENSG00000128052,MONDO_0002108,thyroid cancer,chembl:0.8976075635799474; europepmc:0.7381911633928822,0.5681217392069456,KDR
P36507,ENSG00000126934,MONDO_0015280,cardiofaciocutaneous syndrome,genomics_england:0.9702861444362525; eva:0.9244765674170928; uniprot_variants:0.865457038266544; reactome:0.7599134970145264; gene2phenotype:0.607930797611621; uniprot_literature:0.607930797611621; orphanet:0.607930797611621; clingen:0.607930797611621; europepmc:0.11657583543004706,0.8562458967535359,MAP2K2
P36507,ENSG00000126934,MONDO_0004992,cancer,reactome:0.9688369669963677; chembl:0.5000341493026225; europepmc:0.19004057199452098,0.6675497369399557,MAP2K2
P36507,ENSG00000126934,EFO_0000756,melanoma,chembl:0.9296400782511536; cancer_gene_census:0.607930797611621; europepmc:0.5891269163804459,0.6655106511823432,MAP2K2
P36507,ENSG00000126934,MONDO_0018997,Noonan syndrome,reactome:0.865457038266544; eva:0.7606607273654136; clingen:0.006079307976116211; europepmc:0.01823792392834863,0.642294494975234,MAP2K2
P36507,ENSG00000126934,EFO_1001502,rasopathy,eva:0.9324556000978064; europepmc:0.1646670533421841,0.5718737853588157,MAP2K2
P36507,ENSG00000126934,EFO_0000616,neoplasm,chembl:0.8882596800933636; europepmc:0.1966966652763744,0.5459793138358525,MAP2K2
P36507,ENSG00000126934,EFO_0002617,metastatic melanoma,chembl:0.8558778880065561; europepmc:0.044901835294470234,0.521679387541215,MAP2K2
P36507,ENSG00000126934,EFO_0000538,hypertrophic cardiomyopathy,reactome:0.8274613634158176; eva:0.012158615952232422,0.5048871459276009,MAP2K2
P36507,ENSG00000126934,MONDO_0009026,Costello syndrome,reactome:0.8274613634158176; europepmc:0.04382832972488639,0.5043714762265592,MAP2K2
P36507,ENSG00000126934,EFO_0000389,cutaneous melanoma,cancer_gene_census:0.607930797611621; chembl:0.4951194271316122; cancer_biomarkers:0.865457038266544; slapenrich:0.8274613634158176; europepmc:0.06687238773727831,0.4901045366754927,MAP2K2
P36888,ENSG00000122025,EFO_0000222,acute myeloid leukemia,chembl:0.9340378346279871; intogen:0.8814615120460061; eva_somatic:0.8271611889686975; cancer_gene_census:0.607930797611621; cancer_biomarkers:0.9513974960387728; eva:0.4377101742803672; crispr:0.39637088004277693; slapenrich:0.788677134253267; uniprot_literature:0.3039653988058105; europepmc:0.998347019756615,0.8118869278171049,FLT3
P36888,ENSG00000122025,EFO_0005091,monocyte count,gwas_credible_sets:0.9708606849193879; gene_burden:0.9063935261870498,0.727972245384034,FLT3
P36888,ENSG00000122025,MONDO_0004992,cancer,reactome:0.9823861300927456; chembl:0.4886116176684425; europepmc:0.3417289342787863,0.6760999083223705,FLT3
P36888,ENSG00000122025,EFO_0007989,monocyte percentage of leukocytes,gene_burden:0.8938738562290709; gwas_credible_sets:0.8452702993988981,0.671879908209261,FLT3
P36888,ENSG00000122025,EFO_0000616,neoplasm,chembl:0.9490155744341912; gwas_credible_sets:0.4750260258285191; europepmc:0.7940261001329749; eva:0.012158615952232422,0.660320461408221,FLT3
P36888,ENSG00000122025,MONDO_0011719,gastrointestinal stromal tumor,chembl:0.9435011912436234; cancer_gene_census:0.4559480982087158; europepmc:0.15321213402413847,0.6449494850456561,FLT3
P36888,ENSG00000122025,EFO_0000681,renal cell carcinoma,chembl:0.9732645322954; cancer_gene_census:0.3039653988058105; europepmc:0.07868705286816473,0.6389379937479617,FLT3
P36888,ENSG00000122025,EFO_0000220,acute lymphoblastic leukemia,eva_somatic:0.7447152270742359; intogen:0.607930797611621; chembl:0.45761516921254053; cancer_gene_census:0.4559480982087158; slapenrich:0.42415104521756597; europepmc:0.9641161350314743,0.6017785587202136,FLT3
P36888,ENSG00000122025,EFO_0004340,body mass index,gwas_credible_sets:0.9362498674443834,0.5691751286792385,FLT3
P36888,ENSG00000122025,EFO_0004833,neutrophil count,gwas_credible_sets:0.9264206333994932,0.5631996345864171,FLT3
P36894,ENSG00000107779,MONDO_0017380,juvenile polyposis syndrome,eva:0.9472811815533305; genomics_england:0.9285669064556789; uniprot_variants:0.9190679877429972; uniprot_literature:0.607930797611621; gene2phenotype:0.607930797611621; clingen:0.607930797611621; europepmc:0.24085284427859519,0.8278342733650152,BMPR1A
P36894,ENSG00000107779,MONDO_0011023,hereditary mixed polyposis syndrome,genomics_england:0.9190679877429972; eva:0.8773407676425757; orphanet:0.607930797611621; europepmc:0.15908018069384938,0.7343436530729115,BMPR1A
P36894,ENSG00000107779,MONDO_0008276,generalized juvenile polyposis/juvenile polyposis coli,eva:0.8915328506801785; orphanet:0.607930797611621,0.6343852406821386,BMPR1A
P36894,ENSG00000107779,MONDO_0015356,hereditary neoplastic syndrome,eva:0.9450786571253063; europepmc:0.04255515583281348,0.5758359513233037,BMPR1A
P36894,ENSG00000107779,Orphanet_140162,Inherited cancer-predisposing syndrome,eva:0.9450786571253063,0.5745424218319072,BMPR1A
P36894,ENSG00000107779,EFO_0003944,tibia fracture,chembl:0.8274613634158176,0.5030392466541774,BMPR1A
P36894,ENSG00000107779,EFO_0004260,bone disease,chembl:0.7599134970145264; europepmc:0.06079307976116211,0.4638227176293007,BMPR1A
P36894,ENSG00000107779,EFO_0005772,neurodegenerative disease,crispr_screen:0.689855428200458,0.4193843607026108,BMPR1A
P36894,ENSG00000107779,MONDO_0005575,colorectal cancer,genomics_england:0.607930797611621; europepmc:0.076391286765412,0.3719018854793955,BMPR1A
P36894,ENSG00000107779,EFO_0009259,skin carcinoma,cancer_gene_census:0.607930797611621,0.3695798546847018,BMPR1A
P36896,ENSG00000135503,EFO_0002618,pancreatic carcinoma,eva_somatic:0.6839221473130737; cancer_gene_census:0.4559480982087158; europepmc:0.18541889327154443,0.4875784893998673,ACVR1B
P36896,ENSG00000135503,EFO_1000044,pancreatic adenocarcinoma,intogen:0.6430041896130619; slapenrich:0.8274613634158176; cancer_gene_census:0.3039653988058105,0.4743141698400051,ACVR1B
P36896,ENSG00000135503,EFO_0004713,FEV/FVC ratio,gwas_credible_sets:0.710821431101572,0.4321302395690126,ACVR1B
P36896,ENSG00000135503,EFO_0000365,colorectal adenocarcinoma,cancer_gene_census:0.607930797611621; intogen:0.32458962844897715,0.4189118626145634,ACVR1B
P36896,ENSG00000135503,EFO_0003860,pancreatic neoplasm,eva_somatic:0.6839221473130737; europepmc:0.06813891023230254,0.417848523622585,ACVR1B
P36896,ENSG00000135503,MONDO_0015278,familial pancreatic carcinoma,eva_somatic:0.6839221473130737,0.4157773365202895,ACVR1B
P36896,ENSG00000135503,EFO_0004348,hematocrit,gwas_credible_sets:0.6677324842908143,0.405935141766104,ACVR1B
P36896,ENSG00000135503,EFO_0007869,wellbeing measurement,gwas_credible_sets:0.6260609333961741,0.380601722593012,ACVR1B
P36896,ENSG00000135503,EFO_0004541,HbA1c measurement,gwas_credible_sets:0.6079413871014894,0.3695862923617237,ACVR1B
P36896,ENSG00000135503,EFO_0008515,nodular melanoma,cancer_gene_census:0.607930797611621,0.3695798546847018,ACVR1B
P36897,ENSG00000106799,MONDO_0012212,Loeys-Dietz syndrome 1,genomics_england:0.9513974960387728; uniprot_variants:0.9360722249447112; eva:0.9271597880718406; uniprot_literature:0.607930797611621; europepmc:0.07349619699666352,0.806734473424144,TGFBR1
P36897,ENSG00000106799,MONDO_0007566,multiple self-healing squamous epithelioma,eva:0.8809948538090913; uniprot_variants:0.865457038266544; clingen:0.607930797611621; orphanet:0.607930797611621; uniprot_literature:0.607930797611621; gene2phenotype:0.607930797611621; impc:0.25885693362302825; europepmc:0.18259420199373058,0.7573200757379235,TGFBR1
P36897,ENSG00000106799,MONDO_0018954,Loeys-Dietz syndrome,eva:0.9012890937372143; genomics_england:0.7599134970145264; gene2phenotype:0.607930797611621; clingen:0.607930797611621; orphanet:0.607930797611621; impc:0.4025329341552348; europepmc:0.18477580375863098,0.7441794711462577,TGFBR1
P36897,ENSG00000106799,MONDO_0019625,familial thoracic aortic aneurysm and aortic dissection,eva:0.9418046575178849; clingen:0.607930797611621; orphanet:0.607930797611621; impc:0.5465783039971541; europepmc:0.07086277794493459,0.7105096082334268,TGFBR1
P36897,ENSG00000106799,Orphanet_285014,Rare disease with thoracic aortic aneurysm and aortic dissection,eva:0.9418046575178849,0.5725520566391874,TGFBR1
P36897,ENSG00000106799,MONDO_0004992,cancer,reactome:0.865457038266544; europepmc:0.7750931501691051,0.5496981374222518,TGFBR1
P36897,ENSG00000106799,EFO_0004627,IGF-1 measurement,gwas_credible_sets:0.826255888214458,0.5023064011535139,TGFBR1
P36897,ENSG00000106799,MONDO_0004975,Alzheimer disease,crispr_screen:0.7470115184097132; europepmc:0.6489336557336887; expression_atlas:0.04348228890499464,0.4744440731266008,TGFBR1
P36897,ENSG00000106799,MONDO_0005180,Parkinson disease,crispr_screen:0.7470115184097132; europepmc:0.030396539880581056,0.4550552578485969,TGFBR1
P36897,ENSG00000106799,EFO_0005772,neurodegenerative disease,crispr_screen:0.7470115184097132; europepmc:0.012158615952232422,0.4545008880665698,TGFBR1
P37023,ENSG00000139567,MONDO_0019180,hereditary hemorrhagic telangiectasia,eva:0.9667455603005546; gene_burden:0.9572785811700094; genomics_england:0.9190679877429972; clingen:0.607930797611621; orphanet:0.607930797611621; impc:0.4321307205156205; europepmc:0.3632496198015279,0.8355280240863104,ACVRL1
P37023,ENSG00000139567,EFO_0001361,pulmonary arterial hypertension,eva:0.8347252384895286; genomics_england:0.607930797611621; europepmc:0.5977342123607845,0.6079252778366707,ACVRL1
P37023,ENSG00000139567,EFO_0004264,vascular disease,gene_burden:0.965287599739487; europepmc:0.062317917747888724,0.5887223095063321,ACVRL1
P37023,ENSG00000139567,EFO_0004309,platelet count,gwas_credible_sets:0.9169406645933089; gene_burden:0.1899783742536316,0.5863098957359826,ACVRL1
P37023,ENSG00000139567,HP_0001626,Abnormality of the cardiovascular system,eva:0.9172126062338971,0.5576017912872068,ACVRL1
P37023,ENSG00000139567,EFO_0005091,monocyte count,gwas_credible_sets:0.89941993626878,0.5467850792436728,ACVRL1
P37023,ENSG00000139567,EFO_0004833,neutrophil count,gwas_credible_sets:0.8970180132925962,0.5453248762929598,ACVRL1
P37023,ENSG00000139567,OBA_0003277,platelet volume,gwas_credible_sets:0.8961197597992338,0.5447788003302825,ACVRL1
P37023,ENSG00000139567,EFO_0004509,hemoglobin measurement,gwas_credible_sets:0.8848461117786228,0.5379252024971198,ACVRL1
P37023,ENSG00000139567,EFO_0004348,hematocrit,gwas_credible_sets:0.8777850926784947; europepmc:0.08257726667557853,0.5361426547033616,ACVRL1
P37173,ENSG00000163513,MONDO_0018954,Loeys-Dietz syndrome,uniprot_variants:0.9717353218761373; genomics_england:0.9549947196932794; eva:0.9349353656341363; gene2phenotype:0.607930797611621; clingen:0.607930797611621; orphanet:0.607930797611621; uniprot_literature:0.607930797611621; europepmc:0.12037208072677977,0.8549625629974985,TGFBR2
P37173,ENSG00000163513,MONDO_0019625,familial thoracic aortic aneurysm and aortic dissection,eva:0.943610010722723; clingen:0.607930797611621; orphanet:0.607930797611621; impc:0.5996815819752297; europepmc:0.0751661303604732,0.7120316061476581,TGFBR2
P37173,ENSG00000163513,EFO_0005922,esophageal squamous cell carcinoma,eva:0.8518902909662464; eva_somatic:0.547137717850459; cancer_gene_census:0.4559480982087158; europepmc:0.7007114977579733,0.6371689338390846,TGFBR2
P37173,ENSG00000163513,Orphanet_284973,Marfan syndrome type 2,genomics_england:0.8897742701710087; orphanet:0.607930797611621; europepmc:0.10391468993382498,0.6347199885490911,TGFBR2
P37173,ENSG00000163513,EFO_1000044,pancreatic adenocarcinoma,intogen:0.8456914076421637; slapenrich:0.9458254311034322; europepmc:0.07801778569349137,0.5870503900656929,TGFBR2
P37173,ENSG00000163513,Orphanet_285014,Rare disease with thoracic aortic aneurysm and aortic dissection,eva:0.9436094981783416,0.5736492748614607,TGFBR2
P37173,ENSG00000163513,EFO_0005772,neurodegenerative disease,crispr_screen:0.9385998688803595; europepmc:0.07734230702947845,0.5729547054466776,TGFBR2
P37173,ENSG00000163513,MONDO_0005835,Lynch syndrome,eva:0.7433341761406375; eva_somatic:0.6839221473130737; europepmc:0.1184418063413441,0.5574401709854419,TGFBR2
P37173,ENSG00000163513,EFO_0000305,breast carcinoma,gwas_credible_sets:0.7758829996743009; cancer_gene_census:0.4559480982087158; expression_atlas:0.16761450979408593; europepmc:0.1100099512123653,0.544079774568896,TGFBR2
P37173,ENSG00000163513,MONDO_0004992,cancer,reactome:0.865457038266544; europepmc:0.5671583581788028,0.5433776392249582,TGFBR2
P41240,ENSG00000103653,MONDO_0004992,cancer,reactome:0.9671529481664186; europepmc:0.5545912239224604,0.604819717446621,CSK
P41240,ENSG00000103653,EFO_0005772,neurodegenerative disease,crispr_screen:0.9059297460614099,0.5507425931032063,CSK
P41240,ENSG00000103653,MONDO_0018997,Noonan syndrome,reactome:0.865457038266544,0.5261379875719714,CSK
P41240,ENSG00000103653,MONDO_0009026,Costello syndrome,reactome:0.8274613634158176,0.5030392466541774,CSK
P41240,ENSG00000103653,EFO_0000538,hypertrophic cardiomyopathy,reactome:0.8274613634158176,0.5030392466541774,CSK
P41240,ENSG00000103653,MONDO_0015280,cardiofaciocutaneous syndrome,reactome:0.607930797611621,0.3695798546847018,CSK
P41240,ENSG00000103653,EFO_0000519,glioblastoma multiforme,slapenrich:0.9737678313778304,0.2959917272090315,CSK
P41240,ENSG00000103653,EFO_0006335,systolic blood pressure,gwas_credible_sets:0.48587343291393464,0.2953774236096647,CSK
P41240,ENSG00000103653,EFO_0006336,diastolic blood pressure,gwas_credible_sets:0.4696470508818227,0.285512906238532,CSK
P41240,ENSG00000103653,MONDO_0011962,endometrial cancer,slapenrich:0.9128221834348869; europepmc:0.030396539880581056,0.2783903086632878,CSK
P41279,ENSG00000107968,EFO_0004458,C-reactive protein measurement,gwas_credible_sets:0.8188436535998067,0.4978002754521444,MAP3K8
P41279,ENSG00000107968,EFO_0000384,Crohn's disease,gwas_credible_sets:0.776934860053769; impc:0.2591608990218341; europepmc:0.05370055378902653; expression_atlas:0.02179422933783445,0.4810913126242771,MAP3K8
P41279,ENSG00000107968,EFO_0003767,inflammatory bowel disease,gwas_credible_sets:0.7129181891236696; europepmc:0.5234379400277779; expression_atlas:0.020147750326410453,0.4495878130743154,MAP3K8
P41279,ENSG00000107968,EFO_0000729,ulcerative colitis,gwas_credible_sets:0.6474433175468747; chembl:0.12158615952232422; europepmc:0.2721823355777515; impc:0.2591608990218341; expression_atlas:0.11093318039883028,0.4182657086122828,MAP3K8
P41279,ENSG00000107968,EFO_0009188,Red cell distribution width,gwas_credible_sets:0.6677832416119831,0.4059659987048467,MAP3K8
P41279,ENSG00000107968,EFO_0005091,monocyte count,gwas_credible_sets:0.562313230548923,0.3418475307551741,MAP3K8
P41279,ENSG00000107968,EFO_0004574,total cholesterol measurement,gwas_credible_sets:0.5530329108259611,0.336205738583903,MAP3K8
P41279,ENSG00000107968,EFO_0005772,neurodegenerative disease,crispr_screen:0.5458898619630029; europepmc:0.012158615952232422,0.3322328390459507,MAP3K8
P41279,ENSG00000107968,EFO_0000676,psoriasis,gwas_credible_sets:0.541482112306862; europepmc:0.034787151196664985,0.3302410614558172,MAP3K8
P41279,ENSG00000107968,EFO_0003898,ankylosing spondylitis,gwas_credible_sets:0.541482112306862,0.329183652427136,MAP3K8
P41743,ENSG00000163558,EFO_0000222,acute myeloid leukemia,chembl:0.821713878702987; europepmc:0.012158615952232422,0.4999147535431303,PRKCI
P41743,ENSG00000163558,EFO_0001663,prostate carcinoma,gwas_credible_sets:0.7874314403731982; europepmc:0.06535256074324927,0.4806903153294763,PRKCI
P41743,ENSG00000163558,EFO_0007359,mast-cell leukemia,chembl:0.7734230702947845,0.4701877040155372,PRKCI
P41743,ENSG00000163558,OBA_0003784,"chromosome, telomeric region length",gwas_credible_sets:0.7323108867738204,0.4451943414960821,PRKCI
P41743,ENSG00000163558,EFO_0000616,neoplasm,chembl:0.6399944084960267; europepmc:0.904126186480579,0.4165546189084017,PRKCI
P41743,ENSG00000163558,MONDO_0016586,systemic mastocytosis,chembl:0.6383273374922022,0.3880588474189368,PRKCI
P41743,ENSG00000163558,EFO_0009001,Mastocytosis,chembl:0.607930797611621,0.3695798546847018,PRKCI
P41743,ENSG00000163558,EFO_0004340,body mass index,gwas_credible_sets:0.5340673773866343,0.3246760067130032,PRKCI
P41743,ENSG00000163558,EFO_0000565,leukemia,chembl:0.4718635472815629; europepmc:0.01654922726831635,0.2873634219093836,PRKCI
P41743,ENSG00000163558,EFO_0004305,erythrocyte count,gwas_credible_sets:0.4380165755932324,0.2662837661675047,PRKCI
P42679,ENSG00000007264,EFO_0005772,neurodegenerative disease,crispr_screen:0.597642267698244,0.3633251404882114,MATK
P42679,ENSG00000007264,EFO_0000519,glioblastoma multiforme,slapenrich:0.7599134970145264; expression_atlas:0.23108575144466262; europepmc:0.0697431720593332,0.2389538169312936,MATK
P42679,ENSG00000007264,EFO_0000571,lung adenocarcinoma,slapenrich:0.7599134970145264,0.2309874091779386,MATK
P42679,ENSG00000007264,EFO_0000304,breast adenocarcinoma,slapenrich:0.6785755261688918,0.2062634804317899,MATK
P42679,ENSG00000007264,MONDO_0011962,endometrial cancer,slapenrich:0.607930797611621; europepmc:0.012158615952232422,0.1851595071970355,MATK
P42679,ENSG00000007264,EFO_0000181,head and neck squamous cell carcinoma,slapenrich:0.4386767318428985; europepmc:0.02279740491043579,0.13403550996899,MATK
P42679,ENSG00000007264,MONDO_0021637,low grade glioma,slapenrich:0.3575227006998013,0.1086745303003455,MATK
P42679,ENSG00000007264,EFO_0000637,osteosarcoma,europepmc:0.6587605670785927,0.0800961673958345,MATK
P42679,ENSG00000007264,EFO_0004587,lymphocyte count,gwas_credible_sets:0.12366572776629127,0.075180204518183,MATK
P42679,ENSG00000007264,EFO_0000544,infection,europepmc:0.5062076992523358,0.0615478500727232,MATK
P42680,ENSG00000135605,OBA_0003277,platelet volume,gwas_credible_sets:0.8821912971724797,0.5363112589360962,TEC
P42680,ENSG00000135605,EFO_0000685,rheumatoid arthritis,gwas_credible_sets:0.7761876895710192; chembl:0.15198269940290526,0.4949671421350249,TEC
P42680,ENSG00000135605,EFO_0004192,alopecia areata,chembl:0.7419795384849834,0.4510722126426785,TEC
P42680,ENSG00000135605,EFO_0007791,rheumatoid factor seropositivity measurement,gwas_credible_sets:0.6851041439997051,0.4164959087087676,TEC
P42680,ENSG00000135605,EFO_0007837,anti-citrullinated protein antibody seropositivity,gwas_credible_sets:0.6851041439997051,0.4164959087087676,TEC
P42680,ENSG00000135605,EFO_0004305,erythrocyte count,gwas_credible_sets:0.6782676565587514,0.4123397974459268,TEC
P42680,ENSG00000135605,EFO_0004309,platelet count,gwas_credible_sets:0.6498664645657917,0.395073838144526,TEC
P42680,ENSG00000135605,EFO_0004208,Vitiligo,chembl:0.5868220893612175,0.3567472208414829,TEC
P42680,ENSG00000135605,OBA_0003460,erythrocyte volume,gwas_credible_sets:0.5105290438844686,0.3103663288525833,TEC
P42680,ENSG00000135605,EFO_0005670,smoking initiation,gwas_credible_sets:0.5070431177262856,0.3082471269828239,TEC
P42681,ENSG00000074966,OBA_0003277,platelet volume,gwas_credible_sets:0.8692037190641329,0.5284157102176457,TXK
P42681,ENSG00000074966,EFO_0004309,platelet count,gwas_credible_sets:0.8181156585551937,0.4973577048440156,TXK
P42681,ENSG00000074966,EFO_0004192,alopecia areata,chembl:0.7419795384849834,0.4510722126426785,TXK
P42681,ENSG00000074966,EFO_0004611,low density lipoprotein cholesterol measurement,gwas_credible_sets:0.6260754777600246,0.3806105645597284,TXK
P42681,ENSG00000074966,EFO_0007984,platelet component distribution width,gwas_credible_sets:0.6140067308858052,0.3732736016463115,TXK
P42681,ENSG00000074966,EFO_0004208,Vitiligo,chembl:0.5868220893612175,0.3567472208414829,TXK
P42681,ENSG00000074966,EFO_0004725,metabolite measurement,gwas_credible_sets:0.5554908858602498,0.3377000173070076,TXK
P42681,ENSG00000074966,OBA_0003460,erythrocyte volume,gwas_credible_sets:0.5126677029039772,0.3116664855361324,TXK
P42681,ENSG00000074966,EFO_0005772,neurodegenerative disease,crispr_screen:0.4952726129064552,0.3010914745994129,TXK
P42681,ENSG00000074966,MONDO_0005301,multiple sclerosis,gwas_credible_sets:0.4383162633674549,0.2664659555951222,TXK
P42684,ENSG00000143322,EFO_0005772,neurodegenerative disease,crispr_screen:0.910323519279251; europepmc:0.03951550184475537,0.5546148376877783,ABL2
P42684,ENSG00000143322,EFO_0000478,esophageal adenocarcinoma,cancer_gene_census:0.607930797611621; europepmc:0.14895486629146737,0.3741075672183369,ABL2
P42684,ENSG00000143322,EFO_0001071,lung carcinoma,cancer_gene_census:0.607930797611621; europepmc:0.03343619386863916,0.3705961992850847,ABL2
P42684,ENSG00000143322,MONDO_0005184,pancreatic ductal adenocarcinoma,cancer_gene_census:0.607930797611621; europepmc:0.03343619386863916,0.3705961992850847,ABL2
P42684,ENSG00000143322,MONDO_0018531,carcinoma of liver and intrahepatic biliary tract,cancer_gene_census:0.607930797611621,0.3695798546847018,ABL2
P42684,ENSG00000143322,EFO_0003865,kidney neoplasm,cancer_gene_census:0.607930797611621,0.3695798546847018,ABL2
P42684,ENSG00000143322,EFO_1000233,Endometrial Endometrioid Adenocarcinoma,cancer_gene_census:0.607930797611621,0.3695798546847018,ABL2
P42684,ENSG00000143322,MONDO_0016748,hemangioblastoma,cancer_gene_census:0.607930797611621,0.3695798546847018,ABL2
P42684,ENSG00000143322,EFO_0006318,breast ductal adenocarcinoma,cancer_gene_census:0.607930797611621,0.3695798546847018,ABL2
P42684,ENSG00000143322,EFO_1000294,HER2 Positive Breast Carcinoma,cancer_gene_census:0.607930797611621,0.3695798546847018,ABL2
P42685,ENSG00000111816,EFO_0000339,chronic myelogenous leukemia,chembl:0.9580573757688562,0.5824325846088573,FRK
P42685,ENSG00000111816,EFO_0000220,acute lymphoblastic leukemia,chembl:0.9037244220988341; europepmc:0.021277577916406734,0.5500486734933437,FRK
P42685,ENSG00000111816,EFO_0004574,total cholesterol measurement,gwas_credible_sets:0.8963739522127099,0.5449333317269538,FRK
P42685,ENSG00000111816,EFO_0004611,low density lipoprotein cholesterol measurement,gwas_credible_sets:0.8801985624708761,0.535099814139522,FRK
P42685,ENSG00000111816,EFO_0004735,serum alanine aminotransferase measurement,gwas_credible_sets:0.8679847350183082,0.5276746522743917,FRK
P42685,ENSG00000111816,EFO_0004612,high density lipoprotein cholesterol measurement,gwas_credible_sets:0.8654028589842598,0.5261050503176783,FRK
P42685,ENSG00000111816,EFO_0004614,apolipoprotein A 1 measurement,gwas_credible_sets:0.8288240035956578,0.5038676375855653,FRK
P42685,ENSG00000111816,EFO_0004741,blood urea nitrogen measurement,gwas_credible_sets:0.8219989051423748,0.4997184500390831,FRK
P42685,ENSG00000111816,OBA_0003747,glomerular filtration rate,gwas_credible_sets:0.8199561877885089,0.4984766192488523,FRK
P42685,ENSG00000111816,EFO_0000616,neoplasm,chembl:0.7991226365109066; europepmc:0.41520658579662045,0.4984321053474239,FRK
P43250,ENSG00000198055,EFO_0007990,neutrophil percentage of leukocytes,gene_burden:0.8486480989554522; gwas_credible_sets:0.5232101474513974,0.5954382062542295,GRK6
P43250,ENSG00000198055,MONDO_0009315,congenital factor XII deficiency,eva:0.8627952043434467,0.5245197767519931,GRK6
P43250,ENSG00000198055,MONDO_0012526,hereditary angioedema type 3,eva:0.8365301772894776,0.508552457905783,GRK6
P43250,ENSG00000198055,EFO_0004833,neutrophil count,gwas_credible_sets:0.7120252242021129; gene_burden:0.21114873975093776,0.4649530179116529,GRK6
P43250,ENSG00000198055,EFO_0007993,lymphocyte percentage of leukocytes,gene_burden:0.574925215701259; gwas_credible_sets:0.5232101474513974,0.4290336355129551,GRK6
P43250,ENSG00000198055,EFO_0005772,neurodegenerative disease,crispr_screen:0.693347431995462,0.4215072573549704,GRK6
P43250,ENSG00000198055,MONDO_0019623,hereditary angioedema,eva:0.5657090559795726,0.3439119576177787,GRK6
P43250,ENSG00000198055,EFO_0000537,hypertension,eva:0.5592963338026914; europepmc:0.03647584785669726,0.3411222058739797,GRK6
P43250,ENSG00000198055,MONDO_0005044,hypertensive disorder,eva:0.5592963338026914,0.3400134663099256,GRK6
P43250,ENSG00000198055,EFO_0005532,angioedema,eva:0.5592963338026914,0.3400134663099256,GRK6
P43403,ENSG00000115085,MONDO_0010023,combined immunodeficiency due to ZAP70 deficiency,eva:0.9061748956306077; uniprot_variants:0.8897742701710087; genomics_england:0.607930797611621; uniprot_literature:0.607930797611621; clingen:0.607930797611621; orphanet:0.607930797611621; impc:0.551456553398001; europepmc:0.030396539880581056,0.7767604966724749,ZAP70
P43403,ENSG00000115085,EFO_0005140,autoimmune disease,genomics_england:0.8464592008411808; eva:0.7862198654797056; uniprot_variants:0.7599134970145264; gwas_credible_sets:0.7421777327088053; uniprot_literature:0.607930797611621; impc:0.4852852151316974; europepmc:0.1829711678058727,0.7304867225532897,ZAP70
P43403,ENSG00000115085,MONDO_0015131,combined immunodeficiency,eva:0.7612644543425522; genomics_england:0.7599134970145264; europepmc:0.14876446535687537,0.5802995559570497,ZAP70
P43403,ENSG00000115085,MONDO_0015974,severe combined immunodeficiency,eva:0.8676828786060956; genomics_england:0.3039653988058105; europepmc:0.06975660962398171,0.5746310083300363,ZAP70
P43403,ENSG00000115085,EFO_0004842,eosinophil count,gwas_credible_sets:0.9099001022266648,0.5531562948935519,ZAP70
P43403,ENSG00000115085,MONDO_0019338,sarcoidosis,gwas_credible_sets:0.7977575197786471; impc:0.25794503742661085; europepmc:0.012158615952232422,0.4929862596300306,ZAP70
P43403,ENSG00000115085,EFO_0004875,mathematical ability,gwas_credible_sets:0.7899125803910363,0.4802121850405764,ZAP70
P43403,ENSG00000115085,HP_0005387,Combined immunodeficiency,genomics_england:0.7599134970145264; europepmc:0.10045151192623211,0.4650281967442076,ZAP70
P43403,ENSG00000115085,Orphanet_101972,Combined T and B cell immunodeficiency,eva:0.7612644543425522,0.4627961069218432,ZAP70
P43403,ENSG00000115085,OBA_0003460,erythrocyte volume,gwas_credible_sets:0.7581208452583147,0.4608850101438836,ZAP70
P43405,ENSG00000165025,MONDO_0030308,immunodeficiency 82 with systemic inflammation,eva:0.7770690008469915; uniprot_literature:0.607930797611621; uniprot_variants:0.607930797611621,0.6058635694536526,SYK
P43405,ENSG00000165025,EFO_0005046,cutaneous Leishmaniasis,reactome:0.9421515329208274; europepmc:0.01823792392834863,0.5733173026615971,SYK
P43405,ENSG00000165025,EFO_0004309,platelet count,gwas_credible_sets:0.9416102290095719,0.5724338575610503,SYK
P43405,ENSG00000165025,HP_0002721,Immunodeficiency,eva:0.7828932811642456; genomics_england:0.607930797611621; europepmc:0.026070099037578353,0.5686920964475062,SYK
P43405,ENSG00000165025,HP_0004313,Decreased circulating antibody concentration,eva:0.775111766954817; genomics_england:0.607930797611621,0.5636092783941703,SYK
P43405,ENSG00000165025,EFO_0005091,monocyte count,gwas_credible_sets:0.8831404337893419,0.5368882683166276,SYK
P43405,ENSG00000165025,EFO_0007160,autoimmune thrombocytopenic purpura,chembl:0.840632399164039; europepmc:0.1760987846668643,0.516399118653013,SYK
P43405,ENSG00000165025,OBA_0003460,erythrocyte volume,gwas_credible_sets:0.8404954096677092,0.5109630447881967,SYK
P43405,ENSG00000165025,EFO_0004570,bilirubin measurement,gwas_credible_sets:0.8263177670804616,0.5023440192218788,SYK
P43405,ENSG00000165025,EFO_0004536,total blood protein measurement,gwas_credible_sets:0.822683478817159,0.5001346234592187,SYK
P45983,ENSG00000107643,MONDO_0004992,cancer,reactome:0.8897742701710087; europepmc:0.8888444124338727,0.5679389763895373,MAPK8
P45983,ENSG00000107643,EFO_0005772,neurodegenerative disease,crispr_screen:0.607930797611621; europepmc:0.19008829296248206,0.3753578810625674,MAPK8
P45983,ENSG00000107643,EFO_0010486,glucuronate measurement,gwas_credible_sets:0.5481988257426043,0.3332669493834554,MAPK8
P45983,ENSG00000107643,EFO_0005405,response to antihypertensive drug,gwas_credible_sets:0.5173464251056054,0.3145108248559714,MAPK8
P45983,ENSG00000107643,EFO_0000519,glioblastoma multiforme,slapenrich:0.9439174545374108; europepmc:0.7787606439348569,0.3105898744790225,MAPK8
P45983,ENSG00000107643,EFO_0004528,mean corpuscular hemoglobin concentration,gwas_credible_sets:0.5055019098912096,0.3073101792743608,MAPK8
P45983,ENSG00000107643,MONDO_0008170,ovarian cancer,slapenrich:0.9360722249447112; europepmc:0.6486376500460026,0.3042499073640312,MAPK8
P45983,ENSG00000107643,EFO_0000181,head and neck squamous cell carcinoma,slapenrich:0.8897742701710087; europepmc:0.6989833648294457,0.2917072666045806,MAPK8
P45983,ENSG00000107643,EFO_0000304,breast adenocarcinoma,slapenrich:0.9352667824353047; europepmc:0.0914226597808276,0.2870676730367913,MAPK8
P45983,ENSG00000107643,EFO_0000571,lung adenocarcinoma,slapenrich:0.8897742701710087; europepmc:0.2822652188972693,0.2790404768627915,MAPK8
P45984,ENSG00000050748,MONDO_0004992,cancer,reactome:0.8897742701710087; europepmc:0.5255304306717034,0.5568954884537307,MAPK9
P45984,ENSG00000050748,EFO_0007789,BMI-adjusted waist circumference,gwas_credible_sets:0.752097697382444,0.4572233530515728,MAPK9
P45984,ENSG00000050748,OBA_1001087,heart rate,gwas_credible_sets:0.6166232748175475,0.3748642792857214,MAPK9
P45984,ENSG00000050748,EFO_0011015,educational attainment,gwas_credible_sets:0.5552636095822575,0.3375618490580496,MAPK9
P45984,ENSG00000050748,OBA_1000110,bone tissue density,gwas_credible_sets:0.5043141593792081,0.3065881091582361,MAPK9
P45984,ENSG00000050748,OBA_0003277,platelet volume,gwas_credible_sets:0.4492705759089882,0.2731254195557835,MAPK9
P45984,ENSG00000050748,MONDO_0008170,ovarian cancer,slapenrich:0.7599134970145264; europepmc:0.05091813501906969,0.2325351442996906,MAPK9
P45984,ENSG00000050748,EFO_0004995,lean body mass,gwas_credible_sets:0.34265777430249655,0.2083122140395395,MAPK9
P45984,ENSG00000050748,EFO_0000181,head and neck squamous cell carcinoma,slapenrich:0.607930797611621; europepmc:0.3785473760600791,0.1962964577554503,MAPK9
P45984,ENSG00000050748,EFO_0000571,lung adenocarcinoma,slapenrich:0.607930797611621; europepmc:0.12614564050441138,0.1886243183347046,MAPK9
P45985,ENSG00000065559,EFO_0000304,breast adenocarcinoma,intogen:0.8570824146924543; slapenrich:0.8702234819322152,0.5871762529168046,MAP2K4
P45985,ENSG00000065559,EFO_0005772,neurodegenerative disease,crispr_screen:0.9047158595639438; europepmc:0.024317231904464845,0.5507437938259612,MAP2K4
P45985,ENSG00000065559,EFO_1000044,pancreatic adenocarcinoma,intogen:0.607930797611621; slapenrich:0.9142172541502059; cancer_gene_census:0.3039653988058105; europepmc:0.0667035180712751,0.460091560933889,MAP2K4
P45985,ENSG00000065559,EFO_0004346,neuroimaging measurement,gwas_credible_sets:0.7534659106850901,0.4580551320559532,MAP2K4
P45985,ENSG00000065559,MONDO_0002561,lysosomal storage disease,crispr_screen:0.7288012563564357,0.4430607290771194,MAP2K4
P45985,ENSG00000065559,HP_0000023,Inguinal hernia,gwas_credible_sets:0.7067445221821413,0.4296517610778332,MAP2K4
P45985,ENSG00000065559,EFO_0020865,aortic measurement,gwas_credible_sets:0.6592366873676424,0.4007702851662537,MAP2K4
P45985,ENSG00000065559,OBA_1001087,heart rate,gwas_credible_sets:0.6516253620092399,0.3961431260702385,MAP2K4
P45985,ENSG00000065559,EFO_0000365,colorectal adenocarcinoma,intogen:0.5003549135938943; cancer_gene_census:0.4559480982087158,0.3734773844634114,MAP2K4
P45985,ENSG00000065559,MONDO_0005184,pancreatic ductal adenocarcinoma,cancer_gene_census:0.607930797611621; europepmc:0.08038196101753656,0.3720231881684506,MAP2K4
P46734,ENSG00000034152,EFO_0005772,neurodegenerative disease,crispr_screen:0.7462302976996561; europepmc:0.06079307976116211,0.4555042793559328,MAP2K3
P46734,ENSG00000034152,EFO_0004541,HbA1c measurement,gwas_credible_sets:0.7301016264182433,0.4438512640859844,MAP2K3
P46734,ENSG00000034152,OBA_0003460,erythrocyte volume,gwas_credible_sets:0.6100318168076077,0.3708571289603152,MAP2K3
P46734,ENSG00000034152,EFO_0020092,neuroinflammatory disorder,crispr_screen:0.607930797611621,0.3695798546847018,MAP2K3
P46734,ENSG00000034152,EFO_0000778,anthrax infection,reactome:0.607930797611621,0.3695798546847018,MAP2K3
P46734,ENSG00000034152,EFO_0007352,lymphatic system disease,gwas_credible_sets:0.5742907684538714,0.3491290449271528,MAP2K3
P46734,ENSG00000034152,HP_0002619,Varicose veins,gwas_credible_sets:0.5742907684538714,0.3491290449271528,MAP2K3
P46734,ENSG00000034152,MONDO_0004634,vein disorder,gwas_credible_sets:0.5742907684538714,0.3491290449271528,MAP2K3
P46734,ENSG00000034152,EFO_0007629,hemoglobin A1 measurement,gwas_credible_sets:0.5606912342354443,0.3408614692425979,MAP2K3
P46734,ENSG00000034152,EFO_0004309,platelet count,gwas_credible_sets:0.5475036178885215,0.3328443111182171,MAP2K3
P48729,ENSG00000113712,MONDO_0004992,cancer,reactome:0.865457038266544; europepmc:0.6256861341424703,0.5451566811011596,CSNK1A1
P48729,ENSG00000113712,EFO_0005772,neurodegenerative disease,crispr_screen:0.8574627658084717; europepmc:0.10640020389469161,0.5245122211811978,CSNK1A1
P48729,ENSG00000113712,MONDO_0004975,Alzheimer disease,crispr_screen:0.8162783862259035; europepmc:0.2316365422236572; expression_atlas:0.05454141221640363,0.504018551010088,CSNK1A1
P48729,ENSG00000113712,MONDO_0005180,Parkinson disease,crispr_screen:0.8162783862259035; europepmc:0.032149407013694564,0.4972180011438692,CSNK1A1
P48729,ENSG00000113712,MONDO_0002561,lysosomal storage disease,crispr_screen:0.8162783862259035,0.4962407704114404,CSNK1A1
P48729,ENSG00000113712,MONDO_0005301,multiple sclerosis,crispr_screen:0.8162783862259035,0.4962407704114404,CSNK1A1
P48729,ENSG00000113712,EFO_0020092,neuroinflammatory disorder,crispr_screen:0.6155450011629968,0.3742087635228668,CSNK1A1
P48729,ENSG00000113712,EFO_0000339,chronic myelogenous leukemia,reactome:0.607930797611621; europepmc:0.0547137717850459,0.3712429640307829,CSNK1A1
P48729,ENSG00000113712,MONDO_0100096,COVID-19,reactome:0.607930797611621,0.3695798546847018,CSNK1A1
P48729,ENSG00000113712,EFO_0004530,triglyceride measurement,gwas_credible_sets:0.580533344663716,0.352924099261555,CSNK1A1
P48730,ENSG00000141551,Orphanet_164736,Familial advanced sleep-phase syndrome,uniprot_variants:0.7599134970145264; eva:0.6839221473130737; orphanet:0.607930797611621; uniprot_literature:0.607930797611621; genomics_england:0.3799567485072632; europepmc:0.041349979743326784,0.6394614732145313,CSNK1D
P48730,ENSG00000141551,EFO_0005772,neurodegenerative disease,crispr_screen:0.5102500170506459; europepmc:0.0667035180712751,0.312224255994171,CSNK1D
P48730,ENSG00000141551,EFO_0005091,monocyte count,gwas_credible_sets:0.31089823940275435,0.1890046146561651,CSNK1D
P48730,ENSG00000141551,EFO_0004612,high density lipoprotein cholesterol measurement,gwas_credible_sets:0.20874849535924112,0.1269046392839692,CSNK1D
P48730,ENSG00000141551,EFO_0000182,hepatocellular carcinoma,europepmc:0.8076377880638039,0.0981975769357827,CSNK1D
P48730,ENSG00000141551,MONDO_0004992,cancer,europepmc:0.7335900209151061,0.0891943933069692,CSNK1D
P48730,ENSG00000141551,EFO_0000616,neoplasm,europepmc:0.6745975118014577,0.082021720683255,CSNK1D
P48730,ENSG00000141551,EFO_0007010,drug use measurement,gwas_credible_sets:0.13342344027534014,0.081112218466674,CSNK1D
P48730,ENSG00000141551,MONDO_0001627,dementia,gwas_credible_sets:0.13342344027534014,0.081112218466674,CSNK1D
P48730,ENSG00000141551,MONDO_0007254,breast cancer,europepmc:0.48546792047827186,0.0590261800222421,CSNK1D
P49137,ENSG00000162889,EFO_0005772,neurodegenerative disease,crispr_screen:0.8745799887973978; europepmc:0.06991204172533642,0.5338091943292017,MAPKAPK2
P49137,ENSG00000162889,EFO_0008225,MAP kinase-activated protein kinase 2 measurement,gwas_credible_sets:0.6829667346384766,0.4151965117309734,MAPKAPK2
P49137,ENSG00000162889,EFO_0020092,neuroinflammatory disorder,crispr_screen:0.6434982996286663,0.391202434554977,MAPKAPK2
P49137,ENSG00000162889,EFO_0020578,mitogen-activated protein kinase 14 measurement,gwas_credible_sets:0.5653750015362056,0.3437088756335769,MAPKAPK2
P49137,ENSG00000162889,MONDO_0002561,lysosomal storage disease,crispr_screen:0.5556645201604374,0.3378055749456134,MAPKAPK2
P49137,ENSG00000162889,EFO_0004527,mean corpuscular hemoglobin,gwas_credible_sets:0.5533526439525049,0.3364001141985457,MAPKAPK2
P49137,ENSG00000162889,EFO_0004468,glucose measurement,gwas_credible_sets:0.5164128331177168,0.3139432655341305,MAPKAPK2
P49137,ENSG00000162889,EFO_0004587,lymphocyte count,gwas_credible_sets:0.5135765682549299,0.3122190127738587,MAPKAPK2
P49137,ENSG00000162889,MONDO_0005277,migraine disorder,gwas_credible_sets:0.5022037688997755,0.3053051377908027,MAPKAPK2
P49137,ENSG00000162889,EFO_0000519,glioblastoma multiforme,slapenrich:0.8625355145507617; europepmc:0.6700823304461876,0.2825491359452775,MAPKAPK2
P49336,ENSG00000132964,MONDO_0032897,intellectual developmental disorder with hypotonia and behavioral abnormalities,uniprot_variants:0.9190679877429972; eva:0.8815263766386501; genomics_england:0.8274613634158176; uniprot_literature:0.607930797611621,0.771698483710348,CDK8
P49336,ENSG00000132964,MONDO_0000508,syndromic intellectual disability,gene2phenotype:0.607930797611621; genomics_england:0.607930797611621,0.4619748183558771,CDK8
P49336,ENSG00000132964,MONDO_0005148,type 2 diabetes mellitus,gwas_credible_sets:0.676363999178399; europepmc:0.01823792392834863,0.4117368752783369,CDK8
P49336,ENSG00000132964,MONDO_0004992,cancer,reactome:0.607930797611621; europepmc:0.7053051128844022,0.3910186896764702,CDK8
P49336,ENSG00000132964,EFO_0009924,Drugs used in diabetes use measurement,gwas_credible_sets:0.6105136995282415,0.3711500803070254,CDK8
P49336,ENSG00000132964,MONDO_0100038,complex neurodevelopmental disorder,orphanet:0.607930797611621,0.3695798546847018,CDK8
P49336,ENSG00000132964,EFO_0020092,neuroinflammatory disorder,crispr_screen:0.607930797611621,0.3695798546847018,CDK8
P49336,ENSG00000132964,EFO_0005772,neurodegenerative disease,crispr_screen:0.5873501884467226,0.357068268539752,CDK8
P49336,ENSG00000132964,EFO_0005207,congenital heart disease,eva:0.5592963338026914,0.3400134663099256,CDK8
P49336,ENSG00000132964,HP_0002119,Ventriculomegaly,eva:0.5592963338026914,0.3400134663099256,CDK8
P49674,ENSG00000213923,MONDO_0018906,follicular lymphoma,chembl:0.7957531733981749; europepmc:0.012158615952232422,0.4841324412606157,CSNK1E
P49674,ENSG00000213923,EFO_0000616,neoplasm,chembl:0.607930797611621; europepmc:0.6121102947386692,0.38818588967004,CSNK1E
P49674,ENSG00000213923,EFO_0000095,chronic lymphocytic leukemia,chembl:0.5727133690600129; slapenrich:0.4583624334987497,0.3830016752295047,CSNK1E
P49674,ENSG00000213923,EFO_0005772,neurodegenerative disease,crispr_screen:0.607930797611621; europepmc:0.044074982826842524,0.3709195816579338,CSNK1E
P49674,ENSG00000213923,EFO_1000630,marginal zone B-cell lymphoma,chembl:0.607930797611621; europepmc:0.02735688589252295,0.3704114093577423,CSNK1E
P49674,ENSG00000213923,MONDO_0018097,West syndrome,eva:0.547137717850459; europepmc:0.012158615952232422,0.3329914490709162,CSNK1E
P49674,ENSG00000213923,MONDO_0010632,"developmental and epileptic encephalopathy, 1",eva:0.547137717850459,0.3326218692162316,CSNK1E
P49674,ENSG00000213923,MONDO_0100062,developmental and epileptic encephalopathy,eva:0.547137717850459,0.3326218692162316,CSNK1E
P49674,ENSG00000213923,MONDO_0018226,infantile epileptic-dyskinetic encephalopathy,eva:0.547137717850459,0.3326218692162316,CSNK1E
P49674,ENSG00000213923,Orphanet_3175,Spasticity - intellectual disability - X-linked epilepsy,eva:0.547137717850459,0.3326218692162316,CSNK1E
P49759,ENSG00000013441,EFO_0004612,high density lipoprotein cholesterol measurement,gwas_credible_sets:0.537473462739984,0.3267466708985984,CLK1
P49759,ENSG00000013441,EFO_0005537,triple-negative breast cancer,gwas_credible_sets:0.4872246282897088; europepmc:0.1305362518204953,0.3001667072765115,CLK1
P49759,ENSG00000013441,EFO_0000305,breast carcinoma,gwas_credible_sets:0.4872246282897088; expression_atlas:0.037930589489666273,0.2973518155683048,CLK1
P49759,ENSG00000013441,EFO_0011021,BRCA1 mutation carier status,gwas_credible_sets:0.4872246282897088,0.2961988568921883,CLK1
P49759,ENSG00000013441,EFO_0005772,neurodegenerative disease,crispr_screen:0.3429501344672786; europepmc:0.04008628131584628,0.2097084330363867,CLK1
P49759,ENSG00000013441,EFO_1001223,ulcerative proctosigmoiditis,gwas_credible_sets:0.3014268009933334,0.1832466355493965,CLK1
P49759,ENSG00000013441,EFO_0000616,neoplasm,europepmc:0.6464349343630486,0.0785975410502688,CLK1
P49759,ENSG00000013441,EFO_0003860,pancreatic neoplasm,europepmc:0.607930797611621,0.0739159709369403,CLK1
P49759,ENSG00000013441,EFO_0000199,oral squamous cell carcinoma,europepmc:0.547137717850459,0.0665243738432463,CLK1
P49759,ENSG00000013441,EFO_0007352,lymphatic system disease,gwas_credible_sets:0.06995359054849148,0.0425269420979411,CLK1
P49760,ENSG00000176444,MONDO_0004975,Alzheimer disease,crispr_screen:0.7250106610709864; europepmc:0.05150524813098457,0.4423218907906862,CLK2
P49760,ENSG00000176444,EFO_0005772,neurodegenerative disease,crispr_screen:0.7250106610709864; europepmc:0.029954101355652598,0.4416668104982575,CLK2
P49760,ENSG00000176444,MONDO_0002561,lysosomal storage disease,crispr_screen:0.7250106610709864,0.4407563094618134,CLK2
P49760,ENSG00000176444,MONDO_0005301,multiple sclerosis,crispr_screen:0.7250106610709864,0.4407563094618134,CLK2
P49760,ENSG00000176444,MONDO_0005180,Parkinson disease,crispr_screen:0.7250106610709864,0.4407563094618134,CLK2
P49760,ENSG00000176444,EFO_0020092,neuroinflammatory disorder,crispr_screen:0.6449744674974734,0.3920998424648696,CLK2
P49760,ENSG00000176444,EFO_0005091,monocyte count,gwas_credible_sets:0.48426580965781557,0.2944000999213133,CLK2
P49760,ENSG00000176444,EFO_0004842,eosinophil count,gwas_credible_sets:0.40032637573989455,0.2433707329085236,CLK2
P49760,ENSG00000176444,EFO_0004833,neutrophil count,gwas_credible_sets:0.39180683553593726,0.2381914420370476,CLK2
P49760,ENSG00000176444,EFO_0803539,basophil measurement,gwas_credible_sets:0.3253462157737412,0.197787984455253,CLK2
P49761,ENSG00000179335,EFO_0005772,neurodegenerative disease,crispr_screen:0.8901184926558107,0.5411304452091008,CLK3
P49761,ENSG00000179335,MONDO_0005180,Parkinson disease,crispr_screen:0.6744061158249716,0.4099922479076303,CLK3
P49761,ENSG00000179335,MONDO_0002561,lysosomal storage disease,crispr_screen:0.6744061158249716,0.4099922479076303,CLK3
P49761,ENSG00000179335,MONDO_0005301,multiple sclerosis,crispr_screen:0.6744061158249716,0.4099922479076303,CLK3
P49761,ENSG00000179335,MONDO_0004975,Alzheimer disease,crispr_screen:0.6744061158249716,0.4099922479076303,CLK3
P49761,ENSG00000179335,OBA_0003277,platelet volume,gwas_credible_sets:0.41348264345321023,0.2513688332330716,CLK3
P49761,ENSG00000179335,EFO_0004842,eosinophil count,gwas_credible_sets:0.3583621731637978,0.2178594017653014,CLK3
P49761,ENSG00000179335,EFO_0011011,sitting height measurement,gwas_credible_sets:0.24374432091561632,0.1481796794275335,CLK3
P49761,ENSG00000179335,EFO_0021166,piperine measurement,gwas_credible_sets:0.18437553268234416,0.112087564643645,CLK3
P49761,ENSG00000179335,MONDO_0004986,urinary bladder carcinoma,gwas_credible_sets:0.17036124471069788,0.1035678473790831,CLK3
P49840,ENSG00000105723,MONDO_0004985,bipolar disorder,chembl:0.9933685708774438; europepmc:0.048984024017556374,0.6053882924554015,GSK3A
P49840,ENSG00000105723,MONDO_0002050,depressive disorder,chembl:0.9571687630744835; europepmc:0.057886729419655135,0.5836519258641605,GSK3A
P49840,ENSG00000105723,EFO_0009963,bipolar I disorder,chembl:0.9499383088172922,0.5774967537611309,GSK3A
P49840,ENSG00000105723,MONDO_0002009,major depressive disorder,chembl:0.76952218101011,0.4678162332813104,GSK3A
P49840,ENSG00000105723,MONDO_0100096,COVID-19,reactome:0.607930797611621; europepmc:0.07903100368951074,0.3719821237401523,GSK3A
P49840,ENSG00000105723,EFO_0000694,severe acute respiratory syndrome,reactome:0.607930797611621; europepmc:0.030396539880581056,0.3705038043214135,GSK3A
P49840,ENSG00000105723,MONDO_0018076,tuberculosis,reactome:0.607930797611621,0.3695798546847018,GSK3A
P49840,ENSG00000105723,EFO_0020092,neuroinflammatory disorder,crispr_screen:0.5879922024011942,0.3574585685951717,GSK3A
P49840,ENSG00000105723,HP_0000256,Macrocephaly,eva:0.547137717850459,0.3326218692162316,GSK3A
P49840,ENSG00000105723,MONDO_0005090,schizophrenia,chembl:0.5319394479101685; europepmc:0.16471375959011283,0.3283891012113754,GSK3A
P49841,ENSG00000082701,MONDO_0004985,bipolar disorder,chembl:0.9933685708774438; europepmc:0.7250010505423555,0.6259368709621145,GSK3B
P49841,ENSG00000082701,MONDO_0002050,depressive disorder,chembl:0.9571687630744835; europepmc:0.2744215107821628,0.5902338339813789,GSK3B
P49841,ENSG00000082701,EFO_0009963,bipolar I disorder,chembl:0.9499383088172922; europepmc:0.04863446380892969,0.5789750731798697,GSK3B
P49841,ENSG00000082701,MONDO_0004992,cancer,reactome:0.865457038266544; europepmc:0.8273779109073242; chembl:0.06079307976116211,0.5553938560670076,GSK3B
P49841,ENSG00000082701,MONDO_0004975,Alzheimer disease,crispr_screen:0.8434018784372057; europepmc:0.9496044849747866; chembl:0.1587374860430344; expression_atlas:0.01687786532291258,0.5524453029404931,GSK3B
P49841,ENSG00000082701,MONDO_0005180,Parkinson disease,crispr_screen:0.8434018784372057; europepmc:0.8124956547636535; chembl:0.07599134970145263,0.5425600867755798,GSK3B
P49841,ENSG00000082701,EFO_0005772,neurodegenerative disease,crispr_screen:0.8538956205157161; europepmc:0.17773940331593377,0.5245121085184329,GSK3B
P49841,ENSG00000082701,MONDO_0005301,multiple sclerosis,crispr_screen:0.8434018784372057; chembl:0.06079307976116211; europepmc:0.1290135342271944,0.5237123908273749,GSK3B
P49841,ENSG00000082701,EFO_0004533,alkaline phosphatase measurement,gwas_credible_sets:0.8492988109469211; europepmc:0.012158615952232422,0.5166844834042478,GSK3B
P49841,ENSG00000082701,MONDO_0002561,lysosomal storage disease,crispr_screen:0.8434018784372057,0.5127299766654699,GSK3B
P50613,ENSG00000134058,EFO_0000764,HIV infection,reactome:0.9751960202125455,0.5928516943954913,CDK7
P50613,ENSG00000134058,EFO_0005772,neurodegenerative disease,crispr_screen:0.865457038266544; europepmc:0.012158615952232422,0.526507567426656,CDK7
P50613,ENSG00000134058,EFO_0004833,neutrophil count,gwas_credible_sets:0.7067707654618619,0.4296677151758056,CDK7
P50613,ENSG00000134058,EFO_0000319,cardiovascular disease,gwas_credible_sets:0.6086361931214951,0.3700086863396511,CDK7
P50613,ENSG00000134058,EFO_0000537,hypertension,gwas_credible_sets:0.5915330801473208,0.3596111772276197,CDK7
P50613,ENSG00000134058,OBA_0003747,glomerular filtration rate,gwas_credible_sets:0.5889446376581287,0.3580375833205933,CDK7
P50613,ENSG00000134058,OBA_2050096,serum creatinine amount,gwas_credible_sets:0.568502481743529,0.3456101671705296,CDK7
P50613,ENSG00000134058,EFO_0000519,glioblastoma multiforme,slapenrich:0.9056496650132781; europepmc:0.6563186083185948; chembl:0.06079307976116211,0.2993424191860634,CDK7
P50613,ENSG00000134058,MONDO_0011962,endometrial cancer,slapenrich:0.9090332591207735; chembl:0.12158615952232422,0.2947936498706267,CDK7
P50613,ENSG00000134058,EFO_0000304,breast adenocarcinoma,slapenrich:0.8902217699873928,0.2705966153398323,CDK7
P50750,ENSG00000136807,EFO_0000764,HIV infection,reactome:0.9717353218761373; europepmc:0.10420217387973459,0.5939152148295241,CDK9
P50750,ENSG00000136807,HP_0001263,Global developmental delay,genomics_england:0.6839221473130737; europepmc:0.03343619386863916,0.4167936811206724,CDK9
P50750,ENSG00000136807,MONDO_0012155,choanal atresia,genomics_england:0.6839221473130737; europepmc:0.012158615952232422,0.4161469163749741,CDK9
P50750,ENSG00000136807,MONDO_0020356,coloboma of iris,genomics_england:0.6839221473130737,0.4157773365202895,CDK9
P50750,ENSG00000136807,HP_0001627,Abnormal heart morphology,genomics_england:0.6839221473130737,0.4157773365202895,CDK9
P50750,ENSG00000136807,HP_0000365,Hearing impairment,genomics_england:0.6839221473130737,0.4157773365202895,CDK9
P50750,ENSG00000136807,HP_0000384,Preauricular skin tag,genomics_england:0.6839221473130737,0.4157773365202895,CDK9
P50750,ENSG00000136807,HP_0003468,Abnormal vertebral morphology,genomics_england:0.6839221473130737,0.4157773365202895,CDK9
P50750,ENSG00000136807,HP_0000519,Developmental cataract,genomics_england:0.6839221473130737,0.4157773365202895,CDK9
P50750,ENSG00000136807,HP_0040064,Abnormality of limbs,genomics_england:0.6839221473130737,0.4157773365202895,CDK9
P51451,ENSG00000136573,MONDO_0007915,systemic lupus erythematosus,gwas_credible_sets:0.8929667432203086; eva:0.814197187429467; eva_somatic:0.5501773718385171; europepmc:0.03647584785669726,0.7040463633393326,BLK
P51451,ENSG00000136573,EFO_0000339,chronic myelogenous leukemia,chembl:0.9580573757688562; europepmc:0.6249837650936928,0.6014299285492434,BLK
P51451,ENSG00000136573,EFO_0004246,mucocutaneous lymph node syndrome,gwas_credible_sets:0.7480200857851766; genomics_england:0.607930797611621; europepmc:0.7896703591470242,0.5578075206362156,BLK
P51451,ENSG00000136573,EFO_0000220,acute lymphoblastic leukemia,chembl:0.9037244220988341; europepmc:0.19053469641352083,0.5551935042458135,BLK
P51451,ENSG00000136573,EFO_0004529,lipid measurement,gwas_credible_sets:0.9114748711641758,0.5541136454297869,BLK
P51451,ENSG00000136573,Orphanet_552,MODY,eva:0.6791921065824502; orphanet:0.607930797611621; uniprot_literature:0.607930797611621; europepmc:0.47073912851613786,0.5499384012289844,BLK
P51451,ENSG00000136573,EFO_0004574,total cholesterol measurement,gwas_credible_sets:0.8877049227326761,0.5396631617206382,BLK
P51451,ENSG00000136573,EFO_0000685,rheumatoid arthritis,gwas_credible_sets:0.8799327236310538,0.5349382025215926,BLK
P51451,ENSG00000136573,EFO_0010351,cholesteryl ester measurement,gwas_credible_sets:0.822936601485776,0.5002885045250446,BLK
P51451,ENSG00000136573,EFO_0000717,systemic scleroderma,gwas_credible_sets:0.8010060402230528; europepmc:0.3093161858616787,0.4963583827037804,BLK
P51617,ENSG00000184216,MONDO_0007915,systemic lupus erythematosus,gwas_credible_sets:0.6372821122842015; europepmc:0.20669647118795118,0.3937062803541932,IRAK1
P51617,ENSG00000184216,EFO_0005772,neurodegenerative disease,crispr_screen:0.6298798105219476,0.3829233356100643,IRAK1
P51617,ENSG00000184216,EFO_0020092,neuroinflammatory disorder,crispr_screen:0.607930797611621,0.3695798546847018,IRAK1
P51617,ENSG00000184216,EFO_0001378,multiple myeloma,intogen:0.607930797611621,0.3695798546847018,IRAK1
P51617,ENSG00000184216,MONDO_0010726,Rett syndrome,eva:0.547137717850459; europepmc:0.06862525487039182,0.3347078395127145,IRAK1
P51617,ENSG00000184216,EFO_0000685,rheumatoid arthritis,gwas_credible_sets:0.42912152101582685,0.2608761885434636,IRAK1
P51617,ENSG00000184216,EFO_0010700,reticulocyte measurement,gwas_credible_sets:0.3905900770267981,0.2374517370660858,IRAK1
P51617,ENSG00000184216,EFO_0005140,autoimmune disease,gwas_credible_sets:0.21530644003259405; impc:0.7004882615479904; europepmc:0.08179841104920363,0.1532888968262338,IRAK1
P51617,ENSG00000184216,EFO_0007990,neutrophil percentage of leukocytes,gwas_credible_sets:0.22092222991849927,0.1343054274444912,IRAK1
P51617,ENSG00000184216,EFO_0007993,lymphocyte percentage of leukocytes,gwas_credible_sets:0.22092222991849927,0.1343054274444912,IRAK1
P51812,ENSG00000177189,MONDO_0010561,Coffin-Lowry syndrome,eva:0.9388619049517762; uniprot_variants:0.9360722249447112; genomics_england:0.865457038266544; gene2phenotype:0.607930797611621; clingen:0.607930797611621; orphanet:0.607930797611621; uniprot_literature:0.607930797611621; eva_somatic:0.4377101742803672; europepmc:0.45623873607127746,0.832022731667749,RPS6KA3
P51812,ENSG00000177189,MONDO_0010447,"intellectual disability, X-linked 19",eva:0.9313996235776743; uniprot_variants:0.865457038266544; uniprot_literature:0.607930797611621; genomics_england:0.607930797611621,0.761924182165826,RPS6KA3
P51812,ENSG00000177189,Orphanet_777,X-linked non-syndromic intellectual disability,uniprot_variants:0.865457038266544; orphanet:0.607930797611621; uniprot_literature:0.607930797611621; genomics_england:0.607930797611621,0.6826961204592409,RPS6KA3
P51812,ENSG00000177189,EFO_0000508,genetic disorder,eva:0.8877263372391447; europepmc:0.034787151196664985,0.5407335892873174,RPS6KA3
P51812,ENSG00000177189,HP_0001249,Intellectual disability,eva:0.7287570436369308; genomics_england:0.607930797611621; europepmc:0.10425442025539,0.5368372472046927,RPS6KA3
P51812,ENSG00000177189,EFO_0000182,hepatocellular carcinoma,intogen:0.8425496983935229; europepmc:0.7392360874084116,0.5346821293838796,RPS6KA3
P51812,ENSG00000177189,EFO_0004611,low density lipoprotein cholesterol measurement,gwas_credible_sets:0.6401849696584813,0.3891881592234519,RPS6KA3
P51812,ENSG00000177189,HP_0001263,Global developmental delay,eva:0.607930797611621; europepmc:0.043146199663824776,0.3708913498634787,RPS6KA3
P51812,ENSG00000177189,MONDO_0017193,symptomatic form of Coffin-Lowry syndrome in female carriers,orphanet:0.607930797611621,0.3695798546847018,RPS6KA3
P51812,ENSG00000177189,HP_0001270,Motor delay,eva:0.607930797611621,0.3695798546847018,RPS6KA3
P51813,ENSG00000102010,EFO_0004192,alopecia areata,chembl:0.7419795384849834,0.4510722126426785,BMX
P51813,ENSG00000102010,EFO_0004208,Vitiligo,chembl:0.5868220893612175,0.3567472208414829,BMX
P51813,ENSG00000102010,EFO_0000304,breast adenocarcinoma,slapenrich:0.8889370972486474,0.2702061192784647,BMX
P51813,ENSG00000102010,MONDO_0011962,endometrial cancer,slapenrich:0.7599134970145264; europepmc:0.06079307976116211,0.2328353084513621,BMX
P51813,ENSG00000102010,MONDO_0008170,ovarian cancer,slapenrich:0.7599134970145264; europepmc:0.04863446380892969,0.2324657285966774,BMX
P51813,ENSG00000102010,MONDO_0100096,COVID-19,gwas_credible_sets:0.3792611908860395; europepmc:0.030396539880581056,0.2314885079151949,BMX
P51813,ENSG00000102010,EFO_0000181,head and neck squamous cell carcinoma,slapenrich:0.6724229034730538; europepmc:0.06079307976116211,0.2062411952937713,BMX
P51813,ENSG00000102010,MONDO_0007576,esophageal cancer,slapenrich:0.48513701622265126,0.1474648666115791,BMX
P51813,ENSG00000102010,EFO_0000503,gastric adenocarcinoma,slapenrich:0.4433678671014728; europepmc:0.06079307976116211,0.1366163898146043,BMX
P51813,ENSG00000102010,EFO_0000616,neoplasm,europepmc:0.8374146259781432,0.101818028300506,BMX
P51817,ENSG00000183943,EFO_0004587,lymphocyte count,gwas_credible_sets:0.8607635420985463,0.5232846667029735,PRKX
P51817,ENSG00000183943,EFO_0005772,neurodegenerative disease,crispr_screen:0.8000459910850253,0.4863725974862993,PRKX
P51817,ENSG00000183943,EFO_0004741,blood urea nitrogen measurement,gwas_credible_sets:0.7181920187533228,0.4366110467990078,PRKX
P51817,ENSG00000183943,OBA_1000983,thyroid stimulating hormone amount,gwas_credible_sets:0.5457371912746773,0.3317704459779404,PRKX
P51817,ENSG00000183943,EFO_0003779,Hashimoto's thyroiditis,gwas_credible_sets:0.5418464986406509,0.3294051741016751,PRKX
P51817,ENSG00000183943,EFO_0007993,lymphocyte percentage of leukocytes,gwas_credible_sets:0.525777553611187,0.3196363675331358,PRKX
P51817,ENSG00000183943,EFO_0007991,eosinophil percentage of leukocytes,gwas_credible_sets:0.5251117364046048,0.3192315967476747,PRKX
P51817,ENSG00000183943,EFO_0007990,neutrophil percentage of leukocytes,gwas_credible_sets:0.5178520803227176,0.3148182282354269,PRKX
P51817,ENSG00000183943,Orphanet_552,MODY,impc:0.6461212670684019,0.0785594034485449,PRKX
P51817,ENSG00000183943,MONDO_0017771,Mayer-Rokitansky-Kuster-Hauser syndrome,europepmc:0.6114770605976889,0.0743471474340725,PRKX
P51955,ENSG00000117650,EFO_0009188,Red cell distribution width,gwas_credible_sets:0.8867776486326147,0.5390994432373832,NEK2
P51955,ENSG00000117650,MONDO_0019200,retinitis pigmentosa,eva:0.6186337570429056; orphanet:0.607930797611621; uniprot_literature:0.607930797611621; europepmc:0.06383273374922022; gene2phenotype:0.006079307976116211,0.5101788108191906,NEK2
P51955,ENSG00000117650,HP_0000556,Retinal dystrophy,eva:0.6717743207078477,0.4083922986029268,NEK2
P51955,ENSG00000117650,EFO_0004528,mean corpuscular hemoglobin concentration,gwas_credible_sets:0.6009932161221377,0.3653622852363045,NEK2
P51955,ENSG00000117650,EFO_0004533,alkaline phosphatase measurement,gwas_credible_sets:0.5940856583070085,0.3611629681042047,NEK2
P51955,ENSG00000117650,EFO_0004527,mean corpuscular hemoglobin,gwas_credible_sets:0.5207868263143335,0.3166023507068975,NEK2
P51955,ENSG00000117650,EFO_0005772,neurodegenerative disease,crispr_screen:0.4717027411969479,0.2867626236914486,NEK2
P51955,ENSG00000117650,OBA_0003460,erythrocyte volume,gwas_credible_sets:0.3986603830854203,0.2423579246652739,NEK2
P51955,ENSG00000117650,EFO_0800120,4-hydroxyphenylpyruvate measurement,gwas_credible_sets:0.3905607828097453,0.2374339282093475,NEK2
P51955,ENSG00000117650,EFO_0007442,placenta praevia,gwas_credible_sets:0.3905607828097453,0.2374339282093475,NEK2
P51956,ENSG00000136098,OBA_0003460,erythrocyte volume,gwas_credible_sets:0.5321892371409137,0.3235342274153958,NEK3
P51956,ENSG00000136098,EFO_0005772,neurodegenerative disease,crispr_screen:0.5223686751804598,0.3175640053497827,NEK3
P51956,ENSG00000136098,EFO_0010233,genotoxic compound exposure measurement,gwas_credible_sets:0.2567082683856083,0.1560608623531609,NEK3
P51956,ENSG00000136098,EFO_0009578,placental retention,gwas_credible_sets:0.2567082683856083,0.1560608623531609,NEK3
P51956,ENSG00000136098,MONDO_0004390,ocular hypotension,gwas_credible_sets:0.2567082683856083,0.1560608623531609,NEK3
P51956,ENSG00000136098,EFO_0007427,pericarditis,gwas_credible_sets:0.24093565030271455,0.1464722020616038,NEK3
P51956,ENSG00000136098,MONDO_0003582,hereditary breast ovarian cancer syndrome,eva:0.19453785523571876,0.1182655534991045,NEK3
P51956,ENSG00000136098,Orphanet_145,Hereditary breast and ovarian cancer syndrome,eva:0.19453785523571876,0.1182655534991045,NEK3
P51956,ENSG00000136098,MONDO_0001056,gastric cancer,europepmc:0.6352622496646522,0.0772390972262369,NEK3
P51956,ENSG00000136098,MONDO_0005129,cataract,gwas_credible_sets:0.08411864447953232,0.0511383146324504,NEK3
P51957,ENSG00000114904,EFO_0004527,mean corpuscular hemoglobin,gwas_credible_sets:0.6778050474491205,0.4120585631209265,NEK4
P51957,ENSG00000114904,EFO_0005772,neurodegenerative disease,crispr_screen:0.5912012266577451,0.3594094332710117,NEK4
P51957,ENSG00000114904,EFO_0009188,Red cell distribution width,gwas_credible_sets:0.5712217566643942,0.3472632981420965,NEK4
P51957,ENSG00000114904,EFO_1000786,"osteoarthritis, hip",gwas_credible_sets:0.553359398362528,0.3364042204124184,NEK4
P51957,ENSG00000114904,EFO_0004528,mean corpuscular hemoglobin concentration,gwas_credible_sets:0.5158300485418347,0.3135889728420787,NEK4
P51957,ENSG00000114904,EFO_0004309,platelet count,gwas_credible_sets:0.5044336134568153,0.3066607289709138,NEK4
P51957,ENSG00000114904,EFO_0010726,total joint arthroplasty,gwas_credible_sets:0.4911706367144998,0.2985977569412536,NEK4
P51957,ENSG00000114904,EFO_0004616,"osteoarthritis, knee",gwas_credible_sets:0.4911706367144998,0.2985977569412536,NEK4
P51957,ENSG00000114904,EFO_0004348,hematocrit,gwas_credible_sets:0.4627009849804476,0.2812901788548462,NEK4
P51957,ENSG00000114904,EFO_0003900,ciliopathy,eva:0.42555155832813474; europepmc:0.02262853524443256,0.2593937274532877,NEK4
P52333,ENSG00000105639,MONDO_0010938,T-B+ severe combined immunodeficiency due to JAK3 deficiency,eva:0.9635928307304167; uniprot_variants:0.9066612367713315; genomics_england:0.865457038266544; clingen:0.607930797611621; orphanet:0.607930797611621; uniprot_literature:0.607930797611621; gene2phenotype:0.607930797611621; impc:0.6242384939286211,0.8389307631001127,JAK3
P52333,ENSG00000105639,EFO_0000685,rheumatoid arthritis,chembl:0.9622200640763949; europepmc:0.09422927362980127,0.5878274549056743,JAK3
P52333,ENSG00000105639,MONDO_0015974,severe combined immunodeficiency,eva:0.8695814380574398; europepmc:0.23870958116982938,0.5359012825304253,JAK3
P52333,ENSG00000105639,EFO_0003778,psoriatic arthritis,chembl:0.8475863979650713; europepmc:0.06985771938774711,0.5173973079130028,JAK3
P52333,ENSG00000105639,EFO_0000729,ulcerative colitis,chembl:0.6681099654461135; cancer_gene_census:0.4559480982087158; impc:0.309375982904554; europepmc:0.19716078350741384; expression_atlas:0.10574779121881082,0.4816529345686939,JAK3
P52333,ENSG00000105639,EFO_0000540,immune system disease,chembl:0.788199166070067; europepmc:0.04396595850267902,0.480506960716805,JAK3
P52333,ENSG00000105639,MONDO_0011338,Omenn syndrome,genomics_england:0.7599134970145264; impc:0.5176482586237584; europepmc:0.15637331071898922,0.4798220709934825,JAK3
P52333,ENSG00000105639,EFO_0004192,alopecia areata,chembl:0.7831817649290458; europepmc:0.10539844792821222,0.4793240631539932,JAK3
P52333,ENSG00000105639,MONDO_0044200,T-B+ severe combined immunodeficiency,genomics_england:0.7599134970145264,0.4619748183558772,JAK3
P52333,ENSG00000105639,EFO_0005565,janus kinase-3 deficiency,genomics_england:0.7599134970145264,0.4619748183558772,JAK3
P52564,ENSG00000108984,EFO_1000786,"osteoarthritis, hip",gwas_credible_sets:0.8809765699085503,0.535572788821655,MAP2K6
P52564,ENSG00000108984,EFO_0004616,"osteoarthritis, knee",gwas_credible_sets:0.8763310176238559,0.5327486145158743,MAP2K6
P52564,ENSG00000108984,EFO_0005772,neurodegenerative disease,crispr_screen:0.8270372725767159; europepmc:0.012158615952232422,0.5031510086267872,MAP2K6
P52564,ENSG00000108984,MONDO_0005178,osteoarthritis,gwas_credible_sets:0.7987257943858223; europepmc:0.01823792392834863,0.4861243790359756,MAP2K6
P52564,ENSG00000108984,EFO_0007788,BMI-adjusted waist-hip ratio,gwas_credible_sets:0.758092034253328,0.4608674950466421,MAP2K6
P52564,ENSG00000108984,EFO_0004980,appendicular lean mass,gwas_credible_sets:0.7525311537215306,0.4574868645095235,MAP2K6
P52564,ENSG00000108984,EFO_0004995,lean body mass,gwas_credible_sets:0.748526325469257,0.4550522060758213,MAP2K6
P52564,ENSG00000108984,EFO_0009806,total hip arthroplasty,gwas_credible_sets:0.7457774250517805,0.4533810648524699,MAP2K6
P52564,ENSG00000108984,EFO_0002571,medical procedure,gwas_credible_sets:0.698241548534569,0.4244825415261939,MAP2K6
P52564,ENSG00000108984,EFO_0004725,metabolite measurement,gwas_credible_sets:0.6968569000177083,0.423640771048927,MAP2K6
P53350,ENSG00000166851,EFO_0005772,neurodegenerative disease,crispr_screen:0.8940632846222184; europepmc:0.03782680518472309,0.5446784097280034,PLK1
P53350,ENSG00000166851,MONDO_0004975,Alzheimer disease,crispr_screen:0.865457038266544; europepmc:0.5209056042911244,0.5419717155468247,PLK1
P53350,ENSG00000166851,MONDO_0005180,Parkinson disease,crispr_screen:0.865457038266544; europepmc:0.03630697819069404,0.5272415940824882,PLK1
P53350,ENSG00000166851,MONDO_0005301,multiple sclerosis,crispr_screen:0.865457038266544,0.5261379875719714,PLK1
P53350,ENSG00000166851,MONDO_0002561,lysosomal storage disease,crispr_screen:0.865457038266544,0.5261379875719714,PLK1
P53350,ENSG00000166851,OBA_0003460,erythrocyte volume,gwas_credible_sets:0.7811126866541407,0.474862458622208,PLK1
P53350,ENSG00000166851,HP_0000252,Microcephaly,genomics_england:0.607930797611621; europepmc:0.05066089980096842,0.371119770745888,PLK1
P53350,ENSG00000166851,HP_0001249,Intellectual disability,genomics_england:0.607930797611621; europepmc:0.012158615952232422,0.3699494345393864,PLK1
P53350,ENSG00000166851,EFO_0000474,epilepsy,genomics_england:0.607930797611621,0.3695798546847018,PLK1
P53350,ENSG00000166851,MONDO_0100062,developmental and epileptic encephalopathy,genomics_england:0.607930797611621,0.3695798546847018,PLK1
P53355,ENSG00000196730,EFO_0006336,diastolic blood pressure,gwas_credible_sets:0.6875177643861491,0.4179632228754302,DAPK1
P53355,ENSG00000196730,EFO_0004612,high density lipoprotein cholesterol measurement,gwas_credible_sets:0.6789135651513329,0.4127324651717991,DAPK1
P53355,ENSG00000196730,EFO_0005772,neurodegenerative disease,crispr_screen:0.6703956410600667; europepmc:0.16922421492068043,0.4126979873825968,DAPK1
P53355,ENSG00000196730,OBA_2045267,cerebral cortex area attribute,gwas_credible_sets:0.6422021113016521,0.3904144417514804,DAPK1
P53355,ENSG00000196730,EFO_0004528,mean corpuscular hemoglobin concentration,gwas_credible_sets:0.5896471160463514,0.3584646415674505,DAPK1
P53355,ENSG00000196730,EFO_0004725,metabolite measurement,gwas_credible_sets:0.5544021635937267,0.3370381495111427,DAPK1
P53355,ENSG00000196730,EFO_0004842,eosinophil count,gwas_credible_sets:0.5392953178724867,0.3278542327424336,DAPK1
P53355,ENSG00000196730,OBA_2050135,growth differentiation factor 15 amount,gwas_credible_sets:0.5342088302196566,0.3247620002466069,DAPK1
P53355,ENSG00000196730,OBA_2045210,brain attribute,gwas_credible_sets:0.5288796869947118,0.3215222499552796,DAPK1
P53355,ENSG00000196730,EFO_0001378,multiple myeloma,gwas_credible_sets:0.5096126614828825; europepmc:0.1329645976176217,0.3138508954624592,DAPK1
P53667,ENSG00000106683,EFO_0005091,monocyte count,gwas_credible_sets:0.7557287600473256,0.459430787873612,LIMK1
P53667,ENSG00000106683,EFO_0005763,pulse pressure measurement,gwas_credible_sets:0.7073204272658128,0.4300018715146981,LIMK1
P53667,ENSG00000106683,EFO_0009959,diverticular disease,gwas_credible_sets:0.5873368222709913,0.3570601428298786,LIMK1
P53667,ENSG00000106683,EFO_0005772,neurodegenerative disease,crispr_screen:0.5503069493015951; europepmc:0.03822871498981077,0.3357105632799077,LIMK1
P53667,ENSG00000106683,MONDO_0018614,undetermined early-onset epileptic encephalopathy,eva:0.547137717850459,0.3326218692162316,LIMK1
P53667,ENSG00000106683,OBA_0003747,glomerular filtration rate,gwas_credible_sets:0.5385642118284738,0.3274097708619581,LIMK1
P53667,ENSG00000106683,EFO_0004340,body mass index,gwas_credible_sets:0.5219512481931935,0.3173102386284693,LIMK1
P53667,ENSG00000106683,EFO_0004530,triglyceride measurement,gwas_credible_sets:0.5144402318149616,0.3127440604507768,LIMK1
P53667,ENSG00000106683,EFO_0004617,cystatin C measurement,gwas_credible_sets:0.5004384388580383,0.3042319392904817,LIMK1
P53667,ENSG00000106683,HP_0004936,Venous thrombosis,gwas_credible_sets:0.49433484453857757,0.3005213763275541,LIMK1
P53671,ENSG00000182541,EFO_0020092,neuroinflammatory disorder,crispr_screen:0.607930797611621,0.3695798546847018,LIMK2
P53671,ENSG00000182541,EFO_0009188,Red cell distribution width,gwas_credible_sets:0.5129429776530567,0.3118338335339027,LIMK2
P53671,ENSG00000182541,EFO_0003868,mouth neoplasm,gwas_credible_sets:0.49513684925939955,0.3010089396971717,LIMK2
P53671,ENSG00000182541,MONDO_0005301,multiple sclerosis,gwas_credible_sets:0.4226388685556605,0.2569351844627158,LIMK2
P53671,ENSG00000182541,EFO_0004468,glucose measurement,gwas_credible_sets:0.3929959546237434,0.2389143441525527,LIMK2
P53671,ENSG00000182541,EFO_0007986,reticulocyte count,gwas_credible_sets:0.39055350684633133,0.2374295049271059,LIMK2
P53671,ENSG00000182541,EFO_0004842,eosinophil count,gwas_credible_sets:0.36093791845037515,0.2194252766518148,LIMK2
P53671,ENSG00000182541,EFO_0005091,monocyte count,gwas_credible_sets:0.33912486196921,0.2061644478268727,LIMK2
P53671,ENSG00000182541,OBA_2050096,serum creatinine amount,gwas_credible_sets:0.30196866700400943,0.1835760525854654,LIMK2
P53671,ENSG00000182541,EFO_0004833,neutrophil count,gwas_credible_sets:0.2361807446654153,0.1435815484849525,LIMK2
P53778,ENSG00000188130,EFO_0005772,neurodegenerative disease,crispr_screen:0.7557311042760574,0.4594322130024547,MAPK12
P53778,ENSG00000188130,EFO_0004340,body mass index,gwas_credible_sets:0.6182841141311536,0.3758739546543467,MAPK12
P53778,ENSG00000188130,EFO_0000389,cutaneous melanoma,slapenrich:0.7599134970145264,0.2309874091779386,MAPK12
P53778,ENSG00000188130,OBA_0003277,platelet volume,gwas_credible_sets:0.36300095434350327,0.2206794597078256,MAPK12
P53778,ENSG00000188130,OBA_2050096,serum creatinine amount,gwas_credible_sets:0.32195949163197285,0.1957290905464573,MAPK12
P53778,ENSG00000188130,OBA_0003747,glomerular filtration rate,gwas_credible_sets:0.31247642499290623,0.1899640422807653,MAPK12
P53778,ENSG00000188130,EFO_0004309,platelet count,gwas_credible_sets:0.27836824383346087,0.169228628503422,MAPK12
P53778,ENSG00000188130,EFO_0020092,neuroinflammatory disorder,crispr_screen:0.27168916165160206,0.1651682087452911,MAPK12
P53778,ENSG00000188130,EFO_0009534,biliary tract disease,gwas_credible_sets:0.24419373115735207,0.1484528897542468,MAPK12
P53778,ENSG00000188130,OBA_2050413,level of Ethyl 2-ethylhexanoate in blood,gwas_credible_sets:0.24419373115735207,0.1484528897542468,MAPK12
P53779,ENSG00000109339,EFO_0006335,systolic blood pressure,gwas_credible_sets:0.8783382603732072,0.5339688792014875,MAPK10
P53779,ENSG00000109339,EFO_0005763,pulse pressure measurement,gwas_credible_sets:0.8389643672109005,0.5100322769262517,MAPK10
P53779,ENSG00000109339,EFO_0006336,diastolic blood pressure,gwas_credible_sets:0.7966065759324701,0.4842816710892889,MAPK10
P53779,ENSG00000109339,EFO_0000537,hypertension,gwas_credible_sets:0.78665335740566,0.4782308030114825,MAPK10
P53779,ENSG00000109339,EFO_0004531,urate measurement,gwas_credible_sets:0.7815248848220244,0.4751130465831836,MAPK10
P53779,ENSG00000109339,OBA_1000110,bone tissue density,gwas_credible_sets:0.7768772847051325,0.4722876273371416,MAPK10
P53779,ENSG00000109339,EFO_0004761,uric acid measurement,gwas_credible_sets:0.7499756318357353,0.455933284051178,MAPK10
P53779,ENSG00000109339,EFO_0009270,heel bone mineral density,gwas_credible_sets:0.7308412789161577,0.444300921618997,MAPK10
P53779,ENSG00000109339,EFO_0004530,triglyceride measurement,gwas_credible_sets:0.7280449874561516,0.4426009699213609,MAPK10
P53779,ENSG00000109339,EFO_0004995,lean body mass,gwas_credible_sets:0.7021446538433004,0.4268553594496931,MAPK10
P54646,ENSG00000162409,EFO_0004611,low density lipoprotein cholesterol measurement,gwas_credible_sets:0.8332193756655106,0.5065397196337909,PRKAA2
P54646,ENSG00000162409,EFO_0020943,cholesterol:total lipids ratio,gwas_credible_sets:0.7921072407621466,0.4815463866704721,PRKAA2
P54646,ENSG00000162409,EFO_0020946,phospholipids:total lipids ratio,gwas_credible_sets:0.7878754915625683,0.4789737760042802,PRKAA2
P54646,ENSG00000162409,EFO_0020944,cholesteryl esters:total lipids ratio,gwas_credible_sets:0.7820938909056343,0.4754589629054384,PRKAA2
P54646,ENSG00000162409,EFO_0008589,esterified cholesterol measurement,gwas_credible_sets:0.7668478964729445,0.4661904533495909,PRKAA2
P54646,ENSG00000162409,EFO_0004612,high density lipoprotein cholesterol measurement,gwas_credible_sets:0.7500646039085335,0.4559873729143593,PRKAA2
P54646,ENSG00000162409,EFO_0020945,free cholesterol:total lipids ratio,gwas_credible_sets:0.7465858470659907,0.4538725294923755,PRKAA2
P54646,ENSG00000162409,EFO_0004833,neutrophil count,gwas_credible_sets:0.711859334878975,0.4327612132402533,PRKAA2
P54646,ENSG00000162409,EFO_0020947,triglycerides:total lipids ratio,gwas_credible_sets:0.7117607025436552,0.432701251605972,PRKAA2
P54646,ENSG00000162409,EFO_0008595,intermediate density lipoprotein measurement,gwas_credible_sets:0.7079469835942402,0.4303827744031877,PRKAA2
P54753,ENSG00000182580,MONDO_0015277,medullary thyroid gland carcinoma,chembl:0.7935602610177124; europepmc:0.01823792392834863,0.4829840922154111,EPHB3
P54753,ENSG00000182580,MONDO_0002108,thyroid cancer,chembl:0.7757534716856291; europepmc:0.07903100368951074,0.4740066958472792,EPHB3
P54753,ENSG00000182580,EFO_0007985,platelet crit,gwas_credible_sets:0.6795094309573659,0.4130947103465302,EPHB3
P54753,ENSG00000182580,EFO_0000616,neoplasm,chembl:0.6488816916174039; europepmc:0.47487566143320514,0.408909741321618,EPHB3
P54753,ENSG00000182580,EFO_0003841,thyroid neoplasm,chembl:0.6383273374922022; europepmc:0.04863446380892969,0.3895371668376757,EPHB3
P54753,ENSG00000182580,EFO_0002892,thyroid carcinoma,chembl:0.6383273374922022,0.3880588474189368,EPHB3
P54753,ENSG00000182580,EFO_0003060,non-small cell lung carcinoma,chembl:0.6255738392759311; europepmc:0.21908153377793937,0.3869649236545608,EPHB3
P54753,ENSG00000182580,EFO_0004725,metabolite measurement,gwas_credible_sets:0.5664051841610678,0.344335155378395,EPHB3
P54753,ENSG00000182580,MONDO_0008903,lung cancer,chembl:0.4852976461600768; europepmc:0.08719659299950541,0.297677859825698,EPHB3
P54753,ENSG00000182580,EFO_0020092,neuroinflammatory disorder,crispr_screen:0.48342701495223667,0.2938901707869183,EPHB3
P54756,ENSG00000145242,EFO_0005772,neurodegenerative disease,crispr_screen:0.865457038266544,0.5261379875719714,EPHA5
P54756,ENSG00000145242,EFO_0004346,neuroimaging measurement,gwas_credible_sets:0.8030079748017023,0.4881732786096914,EPHA5
P54756,ENSG00000145242,MONDO_0015277,medullary thyroid gland carcinoma,chembl:0.7935602610177124,0.4824297224333841,EPHA5
P54756,ENSG00000145242,OBA_2050009,brain volume,gwas_credible_sets:0.7911458491278304,0.4809619270874051,EPHA5
P54756,ENSG00000145242,EFO_0004784,self reported educational attainment,gwas_credible_sets:0.7904382914313457,0.480531780972625,EPHA5
P54756,ENSG00000145242,EFO_0004875,mathematical ability,gwas_credible_sets:0.7854485454744146,0.4774983607331484,EPHA5
P54756,ENSG00000145242,MONDO_0002108,thyroid cancer,chembl:0.7757534716856291,0.4716044267918286,EPHA5
P54756,ENSG00000145242,EFO_0004528,mean corpuscular hemoglobin concentration,gwas_credible_sets:0.6913770071285466,0.4203093753939927,EPHA5
P54756,ENSG00000145242,EFO_0008579,risk-taking behaviour,gwas_credible_sets:0.6786379049686,0.4125648828570405,EPHA5
P54756,ENSG00000145242,EFO_0000616,neoplasm,chembl:0.6488816916174039; europepmc:0.5095545522369028,0.409963859608947,EPHA5
P54760,ENSG00000196411,Orphanet_137667,Capillary malformation - arteriovenous malformation,uniprot_variants:0.9770680154023508; eva:0.9313977355047612; genomics_england:0.8586178167934132; uniprot_literature:0.607930797611621; eva_somatic:0.607930797611621; orphanet:0.607930797611621; gene2phenotype:0.006079307976116211; europepmc:0.012158615952232422,0.841790446943466,EPHB4
P54760,ENSG00000196411,MONDO_0015009,lymphatic malformation 7,eva:0.8714640931651012; genomics_england:0.865457038266544; uniprot_variants:0.7599134970145264; uniprot_literature:0.607930797611621; eva_somatic:0.5592963338026914,0.749354173083807,EPHB4
P54760,ENSG00000196411,HP_0001626,Abnormality of the cardiovascular system,eva:0.8529815330520372,0.5185537437363082,EPHB4
P54760,ENSG00000196411,MONDO_0700080,EPHB4-associated vascular malformation spectrum,eva:0.6903391946211964; clingen:0.607930797611621,0.5120734208798036,EPHB4
P54760,ENSG00000196411,MONDO_0015196,vein of Galen aneurysm,eva:0.6839221473130737; orphanet:0.607930797611621; europepmc:0.10442562406307618,0.5095830458120817,EPHB4
P54760,ENSG00000196411,MONDO_0015277,medullary thyroid gland carcinoma,chembl:0.7935602610177124,0.4824297224333841,EPHB4
P54760,ENSG00000196411,MONDO_0002108,thyroid cancer,chembl:0.7757534716856291,0.4716044267918286,EPHB4
P54760,ENSG00000196411,MONDO_0012016,capillary malformation-arteriovenous malformation syndrome,eva:0.6991204172533643; europepmc:0.06822334506530414,0.4270905865164712,EPHB4
P54760,ENSG00000196411,EFO_0000616,neoplasm,chembl:0.6513134148078504; europepmc:0.9710135975798986,0.425468937302709,EPHB4
P54760,ENSG00000196411,Orphanet_79452,Milroy disease,eva:0.6687238773727833,0.406537840153172,EPHB4
P54762,ENSG00000154928,EFO_0004340,body mass index,gwas_credible_sets:0.8152153213900595,0.4955945005578728,EPHB1
P54762,ENSG00000154928,MONDO_0015277,medullary thyroid gland carcinoma,chembl:0.7935602610177124; europepmc:0.030396539880581056,0.4833536720700959,EPHB1
P54762,ENSG00000154928,MONDO_0002108,thyroid cancer,chembl:0.7757534716856291,0.4716044267918286,EPHB1
P54762,ENSG00000154928,EFO_0000616,neoplasm,chembl:0.6488816916174039; europepmc:0.7228541932498929,0.4164474306535119,EPHB1
P54762,ENSG00000154928,EFO_0004517,arterial stiffness measurement,gwas_credible_sets:0.6640041452900396,0.4036685696635965,EPHB1
P54762,ENSG00000154928,EFO_0004991,Myasthenia gravis,gwas_credible_sets:0.6619609519378554,0.4024264494993284,EPHB1
P54762,ENSG00000154928,OBA_0003460,erythrocyte volume,gwas_credible_sets:0.6534841719391961,0.3972731538735652,EPHB1
P54762,ENSG00000154928,EFO_0010118,sphingomyelin measurement,gwas_credible_sets:0.6500688459412506,0.3951968720155305,EPHB1
P54762,ENSG00000154928,EFO_0003060,non-small cell lung carcinoma,chembl:0.6255738392759311; europepmc:0.29950882493039394,0.3894096350175635,EPHB1
P54762,ENSG00000154928,EFO_0003841,thyroid neoplasm,chembl:0.6383273374922022; europepmc:0.01823792392834863,0.3886132172009639,EPHB1
P54764,ENSG00000116106,OBA_0002313,strand of hair color,gwas_credible_sets:0.858031809415239,0.5216239622739487,EPHA4
P54764,ENSG00000116106,MONDO_0015277,medullary thyroid gland carcinoma,chembl:0.7935602610177124,0.4824297224333841,EPHA4
P54764,ENSG00000116106,MONDO_0002108,thyroid cancer,chembl:0.7757534716856291; europepmc:0.01823792392834863,0.4721587965738557,EPHA4
P54764,ENSG00000116106,EFO_0009270,heel bone mineral density,gwas_credible_sets:0.7034590319502371,0.4276544103806065,EPHA4
P54764,ENSG00000116106,EFO_0004747,protein measurement,gwas_credible_sets:0.7024495678687732,0.4270407260764018,EPHA4
P54764,ENSG00000116106,OBA_1000110,bone tissue density,gwas_credible_sets:0.7001630309573412,0.4256506698680666,EPHA4
P54764,ENSG00000116106,EFO_0000616,neoplasm,chembl:0.6488816916174039; europepmc:0.8440138850147602,0.4201302660561616,EPHA4
P54764,ENSG00000116106,EFO_0004340,body mass index,gwas_credible_sets:0.6797094778857096,0.4132163250352379,EPHA4
P54764,ENSG00000116106,EFO_0004842,eosinophil count,gwas_credible_sets:0.6716794333818847,0.4083346136751709,EPHA4
P54764,ENSG00000116106,EFO_0004338,body weight,gwas_credible_sets:0.6545718611395566,0.3979343936366939,EPHA4
P57059,ENSG00000142178,EFO_1001900,myoclonic epilepsy,uniprot_variants:0.8274613634158176; genomics_england:0.607930797611621; uniprot_literature:0.607930797611621; europepmc:0.024317231904464845,0.6366834285509954,SIK1
P57059,ENSG00000142178,MONDO_0100062,developmental and epileptic encephalopathy,eva:0.8398911410356527; orphanet:0.607930797611621; europepmc:0.25079340707137415; clingen:0.006079307976116211,0.6066097542681286,SIK1
P57059,ENSG00000142178,OBA_0002313,strand of hair color,gwas_credible_sets:0.7244778387854256,0.4404323903847672,SIK1
P57059,ENSG00000142178,EFO_0000537,hypertension,gwas_credible_sets:0.7074487083108435; europepmc:0.23365313597204648,0.4371821043785193,SIK1
P57059,ENSG00000142178,EFO_0006335,systolic blood pressure,gwas_credible_sets:0.6894554334306842,0.4191411915631817,SIK1
P57059,ENSG00000142178,EFO_0006336,diastolic blood pressure,gwas_credible_sets:0.6838470013251664,0.4157316529599237,SIK1
P57059,ENSG00000142178,MONDO_0021454,benign neoplasm of eye,gwas_credible_sets:0.6709609500438003,0.4078978255263785,SIK1
P57059,ENSG00000142178,HP_0032263,Increased blood pressure,gwas_credible_sets:0.6425836235783816,0.3906463748141712,SIK1
P57059,ENSG00000142178,MONDO_0018097,West syndrome,orphanet:0.607930797611621,0.3695798546847018,SIK1
P57059,ENSG00000142178,EFO_0003924,hair color,gwas_credible_sets:0.5667441957150717,0.3445412509428202,SIK1
P57078,ENSG00000183421,MONDO_0009901,Bartsocas-Papas syndrome 1,genomics_england:0.8982177534711702; uniprot_variants:0.865457038266544; eva:0.8412512608721475; orphanet:0.607930797611621; uniprot_literature:0.607930797611621; gene2phenotype:0.607930797611621; europepmc:0.1488833357708005,0.7829309338428544,RIPK4
P57078,ENSG00000183421,MONDO_0008959,CHAND syndrome,eva:0.7062973780585015; genomics_england:0.6839221473130737; orphanet:0.607930797611621; uniprot_variants:0.3799567485072632; uniprot_literature:0.3039653988058105; europepmc:0.13340703614255017,0.5966675690225067,RIPK4
P57078,ENSG00000183421,EFO_0004193,basal cell carcinoma,gwas_credible_sets:0.7236815703464837,0.4399483142775683,RIPK4
P57078,ENSG00000183421,EFO_0004198,skin neoplasm,gwas_credible_sets:0.5069511465399745; europepmc:0.015198269940290528,0.3086531896845284,RIPK4
P57078,ENSG00000183421,EFO_0004192,alopecia areata,gwas_credible_sets:0.5004051635504554,0.304211710206202,RIPK4
P57078,ENSG00000183421,EFO_0021427,N-acetylmethionine measurement,gwas_credible_sets:0.48397009416962894,0.2942203253687139,RIPK4
P57078,ENSG00000183421,EFO_0009188,Red cell distribution width,gwas_credible_sets:0.46260401104550036,0.2812312254132262,RIPK4
P57078,ENSG00000183421,EFO_0004587,lymphocyte count,gwas_credible_sets:0.44647337356519173,0.2714249141038383,RIPK4
P57078,ENSG00000183421,MONDO_0002898,skin cancer,gwas_credible_sets:0.42807586958499855; europepmc:0.021277577916406734,0.2608872695807946,RIPK4
P57078,ENSG00000183421,MONDO_0004975,Alzheimer disease,crispr_screen:0.4038909535259041; europepmc:0.06079307976116211,0.2473856487985445,RIPK4
P68400,ENSG00000101266,MONDO_0014893,Okur-Chung neurodevelopmental syndrome,eva:0.9311612059209673; genomics_england:0.8897742701710087; uniprot_variants:0.865457038266544; uniprot_literature:0.607930797611621; europepmc:0.20724184996519926,0.7838782970002348,CSNK2A1
P68400,ENSG00000101266,EFO_0005772,neurodegenerative disease,crispr_screen:0.8548531751624091; europepmc:0.01823792392834863,0.5202459423993372,CSNK2A1
P68400,ENSG00000101266,EFO_0000508,genetic disorder,eva:0.8350203960600775; europepmc:0.012158615952232422,0.5080041952534593,CSNK2A1
P68400,ENSG00000101266,EFO_0020092,neuroinflammatory disorder,crispr_screen:0.7158355695487825,0.4351784887545604,CSNK2A1
P68400,ENSG00000101266,EFO_0010642,Neurodevelopmental disorder,gene2phenotype:0.607930797611621; eva:0.19453785523571876; europepmc:0.026450055786085617,0.3995035720263869,CSNK2A1
P68400,ENSG00000101266,MONDO_0000508,syndromic intellectual disability,clingen:0.607930797611621; europepmc:0.012158615952232422,0.3699494345393864,CSNK2A1
P68400,ENSG00000101266,MONDO_0100038,complex neurodevelopmental disorder,orphanet:0.607930797611621,0.3695798546847018,CSNK2A1
P68400,ENSG00000101266,HP_0012758,Neurodevelopmental delay,eva:0.5592963338026914; europepmc:0.024148362238461615,0.3407474929657577,CSNK2A1
P68400,ENSG00000101266,EFO_0005548,developmental disorder of mental health,eva:0.5592963338026914,0.3400134663099256,CSNK2A1
P68400,ENSG00000101266,OBA_2050135,growth differentiation factor 15 amount,gwas_credible_sets:0.4680420977331724,0.2845372057907438,CSNK2A1
P78362,ENSG00000135250,MONDO_0005090,schizophrenia,gwas_credible_sets:0.7313466786218016; europepmc:0.030396539880581056,0.4455321193018735,SRPK2
P78362,ENSG00000135250,EFO_0007788,BMI-adjusted waist-hip ratio,gwas_credible_sets:0.6676001469778343,0.4058546898378702,SRPK2
P78362,ENSG00000135250,MONDO_0100096,COVID-19,reactome:0.607930797611621; gwas_credible_sets:0.05165114071245665; europepmc:0.06991204172533642,0.3783744163282811,SRPK2
P78362,ENSG00000135250,EFO_0004319,smoking cessation,gwas_credible_sets:0.6156954939870278,0.3743002527454149,SRPK2
P78362,ENSG00000135250,EFO_0005772,neurodegenerative disease,crispr_screen:0.607930797611621; europepmc:0.01823792392834863,0.3701342244667288,SRPK2
P78362,ENSG00000135250,EFO_0004735,serum alanine aminotransferase measurement,gwas_credible_sets:0.606714174739627,0.3688402321717378,SRPK2
P78362,ENSG00000135250,MONDO_0004985,bipolar disorder,gwas_credible_sets:0.6014116336717081,0.3656166541509495,SRPK2
P78362,ENSG00000135250,MONDO_0004631,tongue cancer,gwas_credible_sets:0.5804531843315981,0.3528753673269137,SRPK2
P78362,ENSG00000135250,EFO_0004343,waist-hip ratio,gwas_credible_sets:0.5704984106456141,0.3468235538199503,SRPK2
P78362,ENSG00000135250,EFO_0007789,BMI-adjusted waist circumference,gwas_credible_sets:0.5623333148081882,0.3418597405949286,SRPK2
P78368,ENSG00000133275,EFO_0009188,Red cell distribution width,gwas_credible_sets:0.7700060239208015,0.4681103762879258,CSNK1G2
P78368,ENSG00000133275,EFO_0004340,body mass index,gwas_credible_sets:0.6903232148509191,0.4196687426141376,CSNK1G2
P78368,ENSG00000133275,EFO_0004531,urate measurement,gwas_credible_sets:0.49309792945740744,0.2997694175556805,CSNK1G2
P78368,ENSG00000133275,EFO_0004338,body weight,gwas_credible_sets:0.4593172395043706,0.27923309576866,CSNK1G2
P78368,ENSG00000133275,OBA_1001085,waist circumference,gwas_credible_sets:0.4122268969685088,0.2506054262710291,CSNK1G2
P78368,ENSG00000133275,EFO_0004458,C-reactive protein measurement,gwas_credible_sets:0.37761551071680904,0.2295640986205893,CSNK1G2
P78368,ENSG00000133275,EFO_0004468,glucose measurement,gwas_credible_sets:0.3304399780640792,0.2008846394272622,CSNK1G2
P78368,ENSG00000133275,EFO_0009283,potassium measurement,gwas_credible_sets:0.32439918038233795,0.1972122524743908,CSNK1G2
P78368,ENSG00000133275,EFO_0005772,neurodegenerative disease,crispr_screen:0.3176786858209021,0.1931266568553125,CSNK1G2
P78368,ENSG00000133275,MONDO_0011962,endometrial cancer,slapenrich:0.607930797611621,0.1847899273423509,CSNK1G2
P80192,ENSG00000006432,EFO_0005772,neurodegenerative disease,crispr_screen:0.8242366527841936; europepmc:0.012158615952232422,0.5014484256025122,MAP3K9
P80192,ENSG00000006432,EFO_0004698,insomnia,gwas_credible_sets:0.6289581683547538,0.3823630409522497,MAP3K9
P80192,ENSG00000006432,MONDO_0002009,major depressive disorder,gwas_credible_sets:0.5747724159411689,0.3494218532682732,MAP3K9
P80192,ENSG00000006432,EFO_0008623,dysthymic disorder,gwas_credible_sets:0.5747724159411689,0.3494218532682732,MAP3K9
P80192,ENSG00000006432,MONDO_0002050,depressive disorder,gwas_credible_sets:0.5702444805497029; europepmc:0.030396539880581056,0.3475931315309172,MAP3K9
P80192,ENSG00000006432,EFO_0004247,mood disorder,gwas_credible_sets:0.5702444805497029,0.3466691818942054,MAP3K9
P80192,ENSG00000006432,EFO_0800152,3-phosphoglycerate measurement,gwas_credible_sets:0.548480191853617,0.3334380005077443,MAP3K9
P80192,ENSG00000006432,HP_0002373,Febrile seizure (within the age range of 3 months to 6 years),gwas_credible_sets:0.5106536224233771; europepmc:0.030396539880581056,0.3113660136198189,MAP3K9
P80192,ENSG00000006432,EFO_0800643,2'-deoxyuridine measurement,gwas_credible_sets:0.5118723363230291,0.311182957696183,MAP3K9
P80192,ENSG00000006432,OBA_2050135,growth differentiation factor 15 amount,gwas_credible_sets:0.48353005139758837,0.293952809815324,MAP3K9
Q00526,ENSG00000250506,OBA_0003784,"chromosome, telomeric region length",gwas_credible_sets:0.4064896998747816,0.2471176074657844,CDK3
Q00526,ENSG00000250506,EFO_0000616,neoplasm,chembl:0.15440030225563323; europepmc:0.3206671560469722,0.1036118708989167,CDK3
Q00526,ENSG00000250506,MONDO_0007254,breast cancer,europepmc:0.7492175221558246,0.0910944811657585,CDK3
Q00526,ENSG00000250506,EFO_0000702,small cell lung carcinoma,chembl:0.13678442946261474,0.0831554673040579,CDK3
Q00526,ENSG00000250506,MONDO_0005575,colorectal cancer,europepmc:0.6491306709851672,0.0789253053132359,CDK3
Q00526,ENSG00000250506,OBA_1001087,heart rate,gwas_credible_sets:0.1251628209688137,0.0760903335828914,CDK3
Q00526,ENSG00000250506,MONDO_0018899,posterior cortical atrophy,europepmc:0.607930797611621,0.0739159709369403,CDK3
Q00526,ENSG00000250506,EFO_1001469,Mantle cell lymphoma,chembl:0.12158615952232422,0.0739159709369403,CDK3
Q00526,ENSG00000250506,EFO_0000095,chronic lymphocytic leukemia,chembl:0.12158615952232422,0.0739159709369403,CDK3
Q00526,ENSG00000250506,MONDO_0004992,cancer,europepmc:0.36571815962809473,0.0444662664967523,CDK3
Q00532,ENSG00000100490,OBA_0003460,erythrocyte volume,gwas_credible_sets:0.7251670828676114,0.4408514030893995,CDKL1
Q00532,ENSG00000100490,EFO_0006335,systolic blood pressure,gwas_credible_sets:0.7208706260966184,0.4382394546977059,CDKL1
Q00532,ENSG00000100490,EFO_0004528,mean corpuscular hemoglobin concentration,gwas_credible_sets:0.6700119983459702,0.4073209285638218,CDKL1
Q00532,ENSG00000100490,EFO_0006336,diastolic blood pressure,gwas_credible_sets:0.6672856042016905,0.4056634695970861,CDKL1
Q00532,ENSG00000100490,EFO_0010934,aspartate aminotransferase to alanine aminotransferase ratio,gwas_credible_sets:0.6105474490225016,0.3711705976639899,CDKL1
Q00532,ENSG00000100490,EFO_0004527,mean corpuscular hemoglobin,gwas_credible_sets:0.6002368980460712,0.3649024961850733,CDKL1
Q00532,ENSG00000100490,OBA_0002313,strand of hair color,gwas_credible_sets:0.5541553822332914,0.3368881235218576,CDKL1
Q00532,ENSG00000100490,EFO_0004736,aspartate aminotransferase measurement,gwas_credible_sets:0.5499320464643516,0.3343206276392643,CDKL1
Q00532,ENSG00000100490,EFO_0000707,squamous cell carcinoma,gwas_credible_sets:0.5081797125043864; europepmc:0.024317231904464845,0.3096772576622053,CDKL1
Q00532,ENSG00000100490,EFO_0004534,creatine kinase measurement,gwas_credible_sets:0.4906187975237593,0.2982622769018734,CDKL1
Q00534,ENSG00000105810,MONDO_0007254,breast cancer,chembl:0.9772938068708036; europepmc:0.5907042751663765,0.6120823695695896,CDK6
Q00534,ENSG00000105810,EFO_0000305,breast carcinoma,chembl:0.8877872597795584; cancer_gene_census:0.4559480982087158; expression_atlas:0.0628044653054016; europepmc:0.023388448741447087,0.6100356332057032,CDK6
Q00534,ENSG00000105810,EFO_0000616,neoplasm,chembl:0.8563932150025091; cancer_gene_census:0.3039653988058105; europepmc:0.951616690361155,0.5796812275143944,CDK6
Q00534,ENSG00000105810,EFO_0004842,eosinophil count,gwas_credible_sets:0.9447490242207552,0.5743420278373245,CDK6
Q00534,ENSG00000105810,EFO_0003869,breast neoplasm,chembl:0.9262571355773339; europepmc:0.21595709694994508,0.5696645877349176,CDK6
Q00534,ENSG00000105810,EFO_0004587,lymphocyte count,gwas_credible_sets:0.9303407913348208,0.5655828193268043,CDK6
Q00534,ENSG00000105810,EFO_0005091,monocyte count,gwas_credible_sets:0.9272266876637197,0.5636896597981866,CDK6
Q00534,ENSG00000105810,EFO_0004833,neutrophil count,gwas_credible_sets:0.9139438491185964,0.5556146131669034,CDK6
Q00534,ENSG00000105810,EFO_0004735,serum alanine aminotransferase measurement,gwas_credible_sets:0.8725152722026239,0.5304289053584619,CDK6
Q00534,ENSG00000105810,EFO_0000702,small cell lung carcinoma,chembl:0.7421136481874233; cancer_gene_census:0.4559480982087158; europepmc:0.640500666160888,0.5291028554999865,CDK6
Q00535,ENSG00000164885,MONDO_0004975,Alzheimer disease,reactome:0.9513974960387728; crispr_screen:0.5815971270495844; europepmc:0.8978531586704308; expression_atlas:0.08977986793197987,0.6795884023225071,CDK5
Q00535,ENSG00000164885,EFO_0005772,neurodegenerative disease,crispr_screen:0.7717564987048677; europepmc:0.2741322460487558,0.4775072155691764,CDK5
Q00535,ENSG00000164885,MONDO_0019450,lissencephaly with cerebellar hypoplasia,eva:0.5957721816593886; clingen:0.3039653988058105; europepmc:0.01823792392834863,0.4086321259963852,CDK5
Q00535,ENSG00000164885,MONDO_0005180,Parkinson disease,crispr_screen:0.5815971270495844; europepmc:0.681465614654676,0.3742850020689767,CDK5
Q00535,ENSG00000164885,EFO_0020092,neuroinflammatory disorder,crispr_screen:0.6008742916799368,0.3652899874053018,CDK5
Q00535,ENSG00000164885,MONDO_0005301,multiple sclerosis,crispr_screen:0.5815971270495844; europepmc:0.030227670214577826,0.3544896219190556,CDK5
Q00535,ENSG00000164885,MONDO_0002561,lysosomal storage disease,crispr_screen:0.5815971270495844,0.3535708053358812,CDK5
Q00535,ENSG00000164885,EFO_0000095,chronic lymphocytic leukemia,chembl:0.468934175524364; europepmc:0.04371697913491568,0.2864083722536075,CDK5
Q00535,ENSG00000164885,EFO_0000304,breast adenocarcinoma,slapenrich:0.8478462860000532,0.2577159344500315,CDK5
Q00535,ENSG00000164885,OBA_0003460,erythrocyte volume,gwas_credible_sets:0.4005889151594753,0.2435303387072738,CDK5
Q00536,ENSG00000102225,HP_0001249,Intellectual disability,genomics_england:0.607930797611621; europepmc:0.061026119900246555; gene2phenotype:0.006079307976116211,0.3718454818549898,CDK16
Q00536,ENSG00000102225,EFO_0000279,azoospermia,eva:0.48634463808929684; impc:0.8267613915852788,0.320794569358808,CDK16
Q00536,ENSG00000102225,HP_0012864,Abnormal sperm morphology,eva:0.48634463808929684; europepmc:0.030396539880581056,0.2965878333844731,CDK16
Q00536,ENSG00000102225,HP_0012207,Reduced sperm motility,eva:0.48634463808929684,0.2956638837477614,CDK16
Q00536,ENSG00000102225,EFO_0000616,neoplasm,europepmc:0.8603501243495141; chembl:0.15440030225563323,0.1280728421896471,CDK16
Q00536,ENSG00000102225,MONDO_0004992,cancer,europepmc:0.7943762744947697,0.0965851604314706,CDK16
Q00536,ENSG00000102225,MONDO_0008903,lung cancer,europepmc:0.7721330660402759,0.0938806941400342,CDK16
Q00536,ENSG00000102225,MONDO_0018394,male infertility with teratozoospermia due to single gene mutation,impc:0.7233443486673622,0.0879486613666416,CDK16
Q00536,ENSG00000102225,EFO_0000756,melanoma,europepmc:0.7002903867197047,0.0851456186716521,CDK16
Q00536,ENSG00000102225,EFO_0000702,small cell lung carcinoma,chembl:0.13678442946261474; europepmc:0.030396539880581056,0.0840794169407696,CDK16
Q00537,ENSG00000059758,EFO_0004842,eosinophil count,gwas_credible_sets:0.78397878835374,0.4766048501144814,CDK17
Q00537,ENSG00000059758,EFO_0006336,diastolic blood pressure,gwas_credible_sets:0.6884419942464445,0.418525090671576,CDK17
Q00537,ENSG00000059758,EFO_0002571,medical procedure,gwas_credible_sets:0.5688313343865304,0.3458100868200862,CDK17
Q00537,ENSG00000059758,EFO_0009518,complication,gwas_credible_sets:0.5688313343865304,0.3458100868200862,CDK17
Q00537,ENSG00000059758,EFO_0009888,trauma complication,gwas_credible_sets:0.5688313343865304,0.3458100868200862,CDK17
Q00537,ENSG00000059758,OBA_1000983,thyroid stimulating hormone amount,gwas_credible_sets:0.5371715537567942,0.3265631311296416,CDK17
Q00537,ENSG00000059758,EFO_0009769,histidine measurement,gwas_credible_sets:0.5239240997677421,0.318509595859754,CDK17
Q00537,ENSG00000059758,EFO_0007991,eosinophil percentage of leukocytes,gwas_credible_sets:0.5233668986495859,0.3181708561395632,CDK17
Q00537,ENSG00000059758,OBA_1001087,heart rate,gwas_credible_sets:0.513957368608359,0.3124505130364496,CDK17
Q00537,ENSG00000059758,EFO_0004517,arterial stiffness measurement,gwas_credible_sets:0.45906355526996206,0.2790788733096945,CDK17
Q01973,ENSG00000185483,EFO_0004833,neutrophil count,gwas_credible_sets:0.9195505842343958,0.5590231201178484,ROR1
Q01973,ENSG00000185483,EFO_0004346,neuroimaging measurement,gwas_credible_sets:0.8793845222949193,0.5346049340460647,ROR1
Q01973,ENSG00000185483,EFO_0004587,lymphocyte count,gwas_credible_sets:0.8378593292190853,0.5093604902984964,ROR1
Q01973,ENSG00000185483,EFO_0005091,monocyte count,gwas_credible_sets:0.7687686636758717,0.4673581468872927,ROR1
Q01973,ENSG00000185483,OBA_2045210,brain attribute,gwas_credible_sets:0.7666753285918291,0.4660855440199823,ROR1
Q01973,ENSG00000185483,EFO_0004612,high density lipoprotein cholesterol measurement,gwas_credible_sets:0.6851812651529222,0.4165427930329556,ROR1
Q01973,ENSG00000185483,MONDO_0019588,"hearing loss, autosomal recessive",orphanet:0.607930797611621; eva:0.24331575487115975,0.4065596399172762,ROR1
Q01973,ENSG00000185483,OBA_2045267,cerebral cortex area attribute,gwas_credible_sets:0.6596994613192501,0.4010516197037684,ROR1
Q01973,ENSG00000185483,EFO_0009751,facial asymmetry measurement,gwas_credible_sets:0.5495832215886063,0.3341085662543257,ROR1
Q01973,ENSG00000185483,EFO_0004541,HbA1c measurement,gwas_credible_sets:0.5479484577623316,0.3331147429775119,ROR1
Q01974,ENSG00000169071,MONDO_0009999,autosomal recessive Robinow syndrome,genomics_england:0.9285669064556789; eva:0.9237014783112226; uniprot_variants:0.8897742701710087; uniprot_literature:0.607930797611621; orphanet:0.607930797611621; impc:0.48507909503833546; europepmc:0.11096817494067447,0.8047890066252891,ROR2
Q01974,ENSG00000169071,MONDO_0007220,brachydactyly type B1,eva:0.8988208679375604; genomics_england:0.8897742701710087; uniprot_literature:0.607930797611621; orphanet:0.607930797611621; impc:0.4304099386190476; europepmc:0.07477192399128624,0.7481601616660783,ROR2
Q01974,ENSG00000169071,EFO_0004346,neuroimaging measurement,gwas_credible_sets:0.8946516721717322,0.5438863046479318,ROR2
Q01974,ENSG00000169071,EFO_0005772,neurodegenerative disease,crispr_screen:0.8216343173382884; europepmc:0.06839221473130737,0.501575692567147,ROR2
Q01974,ENSG00000169071,EFO_0004612,high density lipoprotein cholesterol measurement,gwas_credible_sets:0.8026330281661331,0.487945337002468,ROR2
Q01974,ENSG00000169071,HP_0000924,Abnormality of the skeletal system,gwas_credible_sets:0.7786062198958378,0.4733387002866459,ROR2
Q01974,ENSG00000169071,EFO_0010222,ceramide measurement,gwas_credible_sets:0.7203693057583489,0.4379346866246028,ROR2
Q01974,ENSG00000169071,EFO_0011011,sitting height measurement,gwas_credible_sets:0.7151392939397966,0.4347552013682321,ROR2
Q01974,ENSG00000169071,OBA_0003277,platelet volume,gwas_credible_sets:0.6820138023417396,0.4146171948397482,ROR2
Q01974,ENSG00000169071,MONDO_0019978,Robinow syndrome,gene2phenotype:0.607930797611621; impc:0.4419276941887978; europepmc:0.21556123963235235; eva:0.01654922726831635,0.386553866886959,ROR2
Q02156,ENSG00000171132,OBA_0003747,glomerular filtration rate,gwas_credible_sets:0.9311531162385819,0.5660766566534676,PRKCE
Q02156,ENSG00000171132,EFO_0004309,platelet count,gwas_credible_sets:0.9120425133338887,0.5544587325867786,PRKCE
Q02156,ENSG00000171132,EFO_0004617,cystatin C measurement,gwas_credible_sets:0.9021017171897773,0.5484154164579943,PRKCE
Q02156,ENSG00000171132,EFO_0005091,monocyte count,gwas_credible_sets:0.8981652993469833,0.546022346819092,PRKCE
Q02156,ENSG00000171132,EFO_0006336,diastolic blood pressure,gwas_credible_sets:0.8930790495372807,0.5429302589154275,PRKCE
Q02156,ENSG00000171132,EFO_0004305,erythrocyte count,gwas_credible_sets:0.8829505730674363,0.5367728461365244,PRKCE
Q02156,ENSG00000171132,EFO_0006335,systolic blood pressure,gwas_credible_sets:0.8725201286820007,0.530431857761843,PRKCE
Q02156,ENSG00000171132,EFO_0000222,acute myeloid leukemia,chembl:0.821713878702987; europepmc:0.6608027546663481,0.5196312909738592,PRKCE
Q02156,ENSG00000171132,EFO_0004190,open-angle glaucoma,gwas_credible_sets:0.8536013909232105,0.5189305744263365,PRKCE
Q02156,ENSG00000171132,OBA_2050094,blood sodium bicarbonate amount,gwas_credible_sets:0.8468418194225794,0.5148212227324451,PRKCE
Q02750,ENSG00000169032,MONDO_0015280,cardiofaciocutaneous syndrome,genomics_england:0.9642266007132961; eva:0.9137100073317576; reactome:0.7599134970145264; gene2phenotype:0.607930797611621; orphanet:0.607930797611621; clingen:0.607930797611621; europepmc:0.24565776152364846,0.8251393003226336,MAP2K1
Q02750,ENSG00000169032,MONDO_0014113,cardiofaciocutaneous syndrome 3,genomics_england:0.9467745144798002; eva:0.9251503560175947; uniprot_variants:0.8274613634158176; uniprot_literature:0.607930797611621; europepmc:0.06079307976116211,0.7954678886369568,MAP2K1
Q02750,ENSG00000169032,MONDO_0007970,melorheostosis,uniprot_variants:0.865457038266544; eva:0.796837385516866; eva_somatic:0.7447152270742359; uniprot_literature:0.607930797611621; europepmc:0.46419062060154204,0.7229037161849988,MAP2K1
Q02750,ENSG00000169032,EFO_0000756,melanoma,chembl:0.9296400782511536; intogen:0.607930797611621; cancer_gene_census:0.607930797611621; europepmc:0.9105781227088469,0.7055358322877552,MAP2K1
Q02750,ENSG00000169032,MONDO_0004992,cancer,reactome:0.9688369669963677; chembl:0.5000341493026225; cancer_biomarkers:0.8274613634158176; europepmc:0.7862523797385815,0.6989038326747258,MAP2K1
Q02750,ENSG00000169032,MONDO_0018997,Noonan syndrome,reactome:0.865457038266544; eva:0.8532329501186728; europepmc:0.08515161528277602; clingen:0.006079307976116211,0.6571959839462846,MAP2K1
Q02750,ENSG00000169032,EFO_0000616,neoplasm,chembl:0.8882706466379231; cancer_gene_census:0.3039653988058105; europepmc:0.9086913234582514,0.5984805965645649,MAP2K1
Q02750,ENSG00000169032,EFO_1001502,rasopathy,eva:0.943564222198528; europepmc:0.631113154741974,0.5928054063762137,MAP2K1
Q02750,ENSG00000169032,MONDO_0007893,Noonan syndrome with multiple lentigines,genomics_england:0.8860591375189377; europepmc:0.06383273374922022; clingen:0.006079307976116211,0.5410135767230306,MAP2K1
Q02750,ENSG00000169032,EFO_0002617,metastatic melanoma,chembl:0.8558778880065561; europepmc:0.17759441361318487,0.5257127827899369,MAP2K1
Q02763,ENSG00000120156,MONDO_0010842,multiple cutaneous and mucosal venous malformations,uniprot_variants:0.9066612367713315; eva_somatic:0.8959346174139544; eva:0.8773295540172137; genomics_england:0.8464592008411808; gene2phenotype:0.607930797611621; uniprot_literature:0.607930797611621; europepmc:0.09613298809143402,0.8040652194218884,TEK
Q02763,ENSG00000120156,Orphanet_2451,Mucocutaneous venous malformations,uniprot_variants:0.9066612367713315; genomics_england:0.8464592008411808; uniprot_literature:0.607930797611621; gene2phenotype:0.607930797611621; orphanet:0.607930797611621; europepmc:0.03647584785669726,0.7589039998005801,TEK
Q02763,ENSG00000120156,MONDO_0020366,congenital glaucoma,eva:0.8338538994038013; genomics_england:0.8274613634158176; uniprot_variants:0.8274613634158176; orphanet:0.607930797611621; uniprot_literature:0.607930797611621; europepmc:0.0846331456797383,0.7267463019739565,TEK
Q02763,ENSG00000120156,EFO_0006888,vascular malformation,eva_somatic:0.8621627012515954; europepmc:0.16857160925092435,0.5292592522862016,TEK
Q02763,ENSG00000120156,EFO_0000616,neoplasm,chembl:0.7987275110771085; europepmc:0.9635756476673735,0.5148604184857295,TEK
Q02763,ENSG00000120156,HP_0030680,Abnormal cardiovascular system morphology,eva_somatic:0.84246500245024,0.5121604208994507,TEK
Q02763,ENSG00000120156,EFO_0004142,colorectal neoplasm,chembl:0.816013346467339; europepmc:0.030396539880581056,0.4970035942163293,TEK
Q02763,ENSG00000120156,MONDO_0015277,medullary thyroid gland carcinoma,chembl:0.7935602610177124; europepmc:0.05612889958615294,0.4841358467681076,TEK
Q02763,ENSG00000120156,MONDO_0002108,thyroid cancer,chembl:0.778682843442828; europepmc:0.1202070476768542,0.4770391604193199,TEK
Q02763,ENSG00000120156,EFO_0008023,"angiopoietin-1 receptor, soluble measurement",gwas_credible_sets:0.7784156099935493,0.473222822656715,TEK
Q02779,ENSG00000130758,EFO_0004530,triglyceride measurement,gwas_credible_sets:0.6159252398550963,0.3744399223342377,MAP3K10
Q02779,ENSG00000130758,EFO_0004312,vital capacity,gwas_credible_sets:0.5293592981825227,0.321813820367229,MAP3K10
Q02779,ENSG00000130758,OBA_0003747,glomerular filtration rate,gwas_credible_sets:0.3043455221900911,0.1850210160545474,MAP3K10
Q02779,ENSG00000130758,OBA_2045021,level of tumor necrosis factor receptor superfamily member 10C in blood serum,gwas_credible_sets:0.30204978149405987,0.1836253645820997,MAP3K10
Q02779,ENSG00000130758,EFO_0004517,arterial stiffness measurement,gwas_credible_sets:0.29477825784047923,0.1792047814075266,MAP3K10
Q02779,ENSG00000130758,OBA_1001087,heart rate,gwas_credible_sets:0.12811281610610015,0.0778837264796524,MAP3K10
Q02779,ENSG00000130758,EFO_0004344,birth weight,gwas_credible_sets:0.12135813160036561,0.0737773457404663,MAP3K10
Q02779,ENSG00000130758,MONDO_0859149,hypertriglyceridemia 2,impc:0.535526239616077,0.0651125787983507,MAP3K10
Q02779,ENSG00000130758,EFO_0004458,C-reactive protein measurement,gwas_credible_sets:0.1018326769125484,0.061907220498372,MAP3K10
Q02779,ENSG00000130758,OBA_2050096,serum creatinine amount,gwas_credible_sets:0.10072393625622786,0.0612331829068306,MAP3K10
Q04759,ENSG00000065675,MONDO_0004979,asthma,gwas_credible_sets:0.9128569196412791,0.5549538352628103,PRKCQ
Q04759,ENSG00000065675,EFO_0004842,eosinophil count,gwas_credible_sets:0.9077297384450865,0.5518368639087097,PRKCQ
Q04759,ENSG00000065675,EFO_0000274,atopic eczema,gwas_credible_sets:0.8591570451226356; expression_atlas:0.013576185714138954,0.5227206967855333,PRKCQ
Q04759,ENSG00000065675,EFO_0000685,rheumatoid arthritis,gwas_credible_sets:0.8327774085640225,0.5062710342212651,PRKCQ
Q04759,ENSG00000065675,HP_0000964,Eczematoid dermatitis,gwas_credible_sets:0.8280662001119681,0.503406945509293,PRKCQ
Q04759,ENSG00000065675,EFO_0000222,acute myeloid leukemia,chembl:0.821713878702987,0.4995451736884457,PRKCQ
Q04759,ENSG00000065675,MONDO_0005405,childhood onset asthma,gwas_credible_sets:0.7937458077217343,0.4825425219891543,PRKCQ
Q04759,ENSG00000065675,EFO_0000684,respiratory system disease,gwas_credible_sets:0.7877480338852991,0.4788962905568762,PRKCQ
Q04759,ENSG00000065675,EFO_0007359,mast-cell leukemia,chembl:0.7734230702947845,0.4701877040155372,PRKCQ
Q04759,ENSG00000065675,EFO_0005854,allergic rhinitis,gwas_credible_sets:0.7657295513482429,0.465510576905926,PRKCQ
Q04771,ENSG00000115170,MONDO_0007606,fibrodysplasia ossificans progressiva,uniprot_variants:0.9285669064556789; eva:0.8919546865209027; genomics_england:0.8670613000935745; uniprot_literature:0.607930797611621; gene2phenotype:0.607930797611621; orphanet:0.607930797611621; clingen:0.607930797611621; europepmc:0.8285426278185718; impc:0.34949941554692093,0.8164234028334666,ACVR1
Q04771,ENSG00000115170,EFO_0003944,tibia fracture,chembl:0.8274613634158176,0.5030392466541774,ACVR1
Q04771,ENSG00000115170,EFO_0005772,neurodegenerative disease,crispr_screen:0.7920227638839406,0.4814950305745246,ACVR1
Q04771,ENSG00000115170,EFO_0000508,genetic disorder,eva:0.7673868716896938; europepmc:0.16377629313877004,0.4714963456088886,ACVR1
Q04771,ENSG00000115170,EFO_0004260,bone disease,chembl:0.7599134970145264; europepmc:0.04618585365188288,0.4633787084983254,ACVR1
Q04771,ENSG00000115170,OBA_2050096,serum creatinine amount,gwas_credible_sets:0.7598584069779925,0.4619413274260267,ACVR1
Q04771,ENSG00000115170,EFO_0004531,urate measurement,gwas_credible_sets:0.7016521894961232,0.4265559752063184,ACVR1
Q04771,ENSG00000115170,EFO_0004741,blood urea nitrogen measurement,gwas_credible_sets:0.6762300872571185,0.4111010963151962,ACVR1
Q04771,ENSG00000115170,MONDO_0005184,pancreatic ductal adenocarcinoma,cancer_gene_census:0.607930797611621; europepmc:0.13678442946261474; expression_atlas:0.08255700231565813,0.3748529379224865,ACVR1
Q04771,ENSG00000115170,MONDO_0011962,endometrial cancer,intogen:0.607930797611621; europepmc:0.043061764830823156,0.3708887833367101,ACVR1
Q04912,ENSG00000164078,EFO_0004252,nasopharyngeal neoplasm,uniprot_variants:0.865457038266544; uniprot_literature:0.607930797611621; eva:0.353950819942766,0.6424415739412683,MST1R
Q04912,ENSG00000164078,OBA_0003277,platelet volume,gwas_credible_sets:0.5774699233978663,0.3510617511279866,MST1R
Q04912,ENSG00000164078,EFO_0004528,mean corpuscular hemoglobin concentration,gwas_credible_sets:0.5618714389989563,0.3415789520658248,MST1R
Q04912,ENSG00000164078,OBA_0003460,erythrocyte volume,gwas_credible_sets:0.5527053549837246,0.3360066072994699,MST1R
Q04912,ENSG00000164078,EFO_0004338,body weight,gwas_credible_sets:0.5284264522198611,0.3212467145770993,MST1R
Q04912,ENSG00000164078,EFO_0004612,high density lipoprotein cholesterol measurement,gwas_credible_sets:0.5162193090661965,0.3138256163031327,MST1R
Q04912,ENSG00000164078,EFO_0001378,multiple myeloma,eva_somatic:0.42555155832813474,0.2587058982792912,MST1R
Q04912,ENSG00000164078,EFO_0008111,diet measurement,gwas_credible_sets:0.36275357590587204,0.2205290707369245,MST1R
Q04912,ENSG00000164078,EFO_0007800,body fat percentage,gwas_credible_sets:0.3608427539701762,0.2193674232334631,MST1R
Q04912,ENSG00000164078,OBA_0004528,fat pad mass,gwas_credible_sets:0.3543821288808185,0.2154398102698203,MST1R
Q05397,ENSG00000169398,EFO_0005772,neurodegenerative disease,crispr_screen:0.90375342568116; europepmc:0.04561393880990829,0.5508060468287282,PTK2
Q05397,ENSG00000169398,EFO_0004346,neuroimaging measurement,gwas_credible_sets:0.8350007486354268,0.5076226711242358,PTK2
Q05397,ENSG00000169398,EFO_0004611,low density lipoprotein cholesterol measurement,gwas_credible_sets:0.7904599013140065,0.4805449182858272,PTK2
Q05397,ENSG00000169398,EFO_0000275,atrial fibrillation,gwas_credible_sets:0.7615148086642034; europepmc:0.3500789499043054,0.4735894937864083,PTK2
Q05397,ENSG00000169398,EFO_0004574,total cholesterol measurement,gwas_credible_sets:0.7400402979504698,0.4498932885977708,PTK2
Q05397,ENSG00000169398,EFO_0004875,mathematical ability,gwas_credible_sets:0.7328198592676299,0.4455037615502061,PTK2
Q05397,ENSG00000169398,EFO_0006336,diastolic blood pressure,gwas_credible_sets:0.7322877807481508,0.4451802946314672,PTK2
Q05397,ENSG00000169398,EFO_0008205,left ventricular structural measurement,gwas_credible_sets:0.7158965104246584,0.4352155365898388,PTK2
Q05397,ENSG00000169398,EFO_0009188,Red cell distribution width,gwas_credible_sets:0.7103732624646417,0.431857784052099,PTK2
Q05397,ENSG00000169398,OBA_0003460,erythrocyte volume,gwas_credible_sets:0.7092255904176946,0.431160078869202,PTK2
Q05513,ENSG00000067606,EFO_0000222,acute myeloid leukemia,chembl:0.821713878702987; europepmc:0.021277577916406734,0.500191938434144,PRKCZ
Q05513,ENSG00000067606,EFO_0007359,mast-cell leukemia,chembl:0.7734230702947845,0.4701877040155372,PRKCZ
Q05513,ENSG00000067606,EFO_0004346,neuroimaging measurement,gwas_credible_sets:0.6804224869480596,0.4136497852032167,PRKCZ
Q05513,ENSG00000067606,EFO_0000616,neoplasm,chembl:0.6399944084960267; europepmc:0.3972165210823793,0.4011463190482734,PRKCZ
Q05513,ENSG00000067606,EFO_0005772,neurodegenerative disease,crispr_screen:0.6432813236172414; europepmc:0.012158615952232422,0.3914401080099736,PRKCZ
Q05513,ENSG00000067606,MONDO_0016586,systemic mastocytosis,chembl:0.6383273374922022,0.3880588474189368,PRKCZ
Q05513,ENSG00000067606,OBA_2045210,brain attribute,gwas_credible_sets:0.6104671139215189,0.3711217594819733,PRKCZ
Q05513,ENSG00000067606,EFO_0009001,Mastocytosis,chembl:0.607930797611621,0.3695798546847018,PRKCZ
Q05513,ENSG00000067606,EFO_0004842,eosinophil count,gwas_credible_sets:0.5734086958319503,0.348592805814557,PRKCZ
Q05513,ENSG00000067606,OBA_0003747,glomerular filtration rate,gwas_credible_sets:0.5732897494953991,0.3485204946733044,PRKCZ
Q05655,ENSG00000163932,MONDO_0017979,autoimmune lymphoproliferative syndrome,eva:0.8943498248166596; impc:0.5369700752604045; europepmc:0.07168517321837033,0.5609932707526386,PRKCD
Q05655,ENSG00000163932,EFO_0000222,acute myeloid leukemia,chembl:0.821713878702987; europepmc:0.44641331072592266; expression_atlas:0.02078726269394784,0.5133954207398083,PRKCD
Q05655,ENSG00000163932,EFO_0007359,mast-cell leukemia,chembl:0.7734230702947845,0.4701877040155372,PRKCD
Q05655,ENSG00000163932,EFO_0000616,neoplasm,chembl:0.6399944084960267; europepmc:0.9128001766034662,0.4168182781950958,PRKCD
Q05655,ENSG00000163932,MONDO_0016586,systemic mastocytosis,chembl:0.6383273374922022,0.3880588474189368,PRKCD
Q05655,ENSG00000163932,HP_0002725,Systemic lupus erythematosus,clingen:0.607930797611621; europepmc:0.3132869436256153; impc:0.2855450956381784,0.3829602861550255,PRKCD
Q05655,ENSG00000163932,MONDO_0007915,systemic lupus erythematosus,clingen:0.607930797611621; impc:0.2855450956381784; europepmc:0.03343619386863916,0.3787111462832533,PRKCD
Q05655,ENSG00000163932,EFO_0009001,Mastocytosis,chembl:0.607930797611621; europepmc:0.03647584785669726,0.3706885942487558,PRKCD
Q05655,ENSG00000163932,EFO_0005952,non-Hodgkins lymphoma,intogen:0.6030780188664762; europepmc:0.06383273374922022,0.3685699952686278,PRKCD
Q05655,ENSG00000163932,EFO_0800294,"androstenediol (3beta,17beta) monosulfate (1) measurement",gwas_credible_sets:0.5637819827469229,0.342740430450398,PRKCD
Q05823,ENSG00000135828,Orphanet_1331,Familial prostate cancer,eva:0.7290310150154283; uniprot_literature:0.607930797611621; europepmc:0.0823728309901232,0.5367081919096779,RNASEL
Q05823,ENSG00000135828,GO_0007623,circadian rhythm,gwas_credible_sets:0.6040508603859721,0.36722112135243,RNASEL
Q05823,ENSG00000135828,MONDO_0008170,ovarian cancer,eva:0.5497349333135886; europepmc:0.17102275424476923,0.3393992964541892,RNASEL
Q05823,ENSG00000135828,MONDO_0005301,multiple sclerosis,gwas_credible_sets:0.5438409257562241,0.3306176477688237,RNASEL
Q05823,ENSG00000135828,MONDO_0008315,prostate cancer,eva:0.42555155832813474; europepmc:0.891878949771014,0.2858159323446566,RNASEL
Q05823,ENSG00000135828,EFO_0008328,chronotype measurement,gwas_credible_sets:0.4417107481886304,0.26852956745994,RNASEL
Q05823,ENSG00000135828,EFO_0001663,prostate carcinoma,eva:0.42555155832813474; europepmc:0.06965873722633158,0.2608232828634223,RNASEL
Q05823,ENSG00000135828,MONDO_0005148,type 2 diabetes mellitus,gwas_credible_sets:0.4228451743510612,0.2570606041094656,RNASEL
Q05823,ENSG00000135828,EFO_0000763,viral disease,europepmc:0.8348040632695636,0.1015006200065776,RNASEL
Q05823,ENSG00000135828,EFO_0000544,infection,europepmc:0.8115275448989897,0.0986705175308487,RNASEL
Q06187,ENSG00000010671,Orphanet_47,X-linked agammaglobulinemia,uniprot_variants:0.9828824001316122; eva:0.9397902088472249; genomics_england:0.865457038266544; uniprot_literature:0.607930797611621; orphanet:0.607930797611621; impc:0.3911257882167167; europepmc:0.22638025182717897,0.8385807600918171,BTK
Q06187,ENSG00000010671,Orphanet_631,Non-acquired isolated growth hormone deficiency,eva:0.9357252482893166; genomics_england:0.8982177534711702; uniprot_literature:0.3039653988058105; impc:0.2900437835405044,0.7281060513695441,BTK
Q06187,ENSG00000010671,EFO_0000095,chronic lymphocytic leukemia,chembl:0.9643308668710945; cancer_gene_census:0.607930797611621; cancer_biomarkers:0.607930797611621; europepmc:0.9252240777348385,0.7062045135231112,BTK
Q06187,ENSG00000010671,EFO_1001469,Mantle cell lymphoma,chembl:0.9717447867220596; cancer_gene_census:0.4559480982087158; cancer_biomarkers:0.607930797611621; europepmc:0.7778853654419543,0.6864932760527022,BTK
Q06187,ENSG00000010671,EFO_0009441,Waldenstrom macroglobulinemia,chembl:0.8771024321442356; impc:0.6667803743076145; europepmc:0.17410357330800674,0.5558374623817274,BTK
Q06187,ENSG00000010671,MONDO_0016462,isolated agammaglobulinemia,eva:0.8693118555764219; impc:0.6373174704577736,0.5478536956411733,BTK
Q06187,ENSG00000010671,EFO_0000616,neoplasm,chembl:0.8366220258485356; europepmc:0.8468166165716873,0.5343485905307106,BTK
Q06187,ENSG00000010671,MONDO_0010615,isolated growth hormone deficiency type III,genomics_england:0.793687430215172; uniprot_literature:0.3039653988058105; impc:0.2900437835405044; clingen:0.006079307976116211,0.5328538694980167,BTK
Q06187,ENSG00000010671,EFO_0000403,diffuse large B-cell lymphoma,chembl:0.6511103421351554; eva_somatic:0.547137717850459; cancer_gene_census:0.4559480982087158; europepmc:0.7007980837386871,0.515109277380333,BTK
Q06187,ENSG00000010671,MONDO_0015517,common variable immunodeficiency,genomics_england:0.7599134970145264; eva:0.2279740491043579; impc:0.6586931523631194; europepmc:0.17934743953219098,0.5068844785431771,BTK
Q06418,ENSG00000092445,EFO_0004305,erythrocyte count,gwas_credible_sets:0.8155962265220114,0.4958260645185547,TYRO3
Q06418,ENSG00000092445,EFO_0005772,neurodegenerative disease,crispr_screen:0.7599134970145264; europepmc:0.057584556107100775,0.4637251896120922,TYRO3
Q06418,ENSG00000092445,EFO_0004713,FEV/FVC ratio,gwas_credible_sets:0.7351481880419196,0.4469192243190621,TYRO3
Q06418,ENSG00000092445,EFO_0004612,high density lipoprotein cholesterol measurement,gwas_credible_sets:0.7189232560470687,0.4370555884702382,TYRO3
Q06418,ENSG00000092445,EFO_0020829,tyrosine-protein kinase receptor TYRO3 measurement,gwas_credible_sets:0.715655052957368,0.4350687471591596,TYRO3
Q06418,ENSG00000092445,OBA_2045260,red blood cell density,gwas_credible_sets:0.6668844826699131,0.4054196154643335,TYRO3
Q06418,ENSG00000092445,EFO_0004530,triglyceride measurement,gwas_credible_sets:0.6212606643247438,0.3776834911876671,TYRO3
Q06418,ENSG00000092445,EFO_0007778,urinary albumin to creatinine ratio,gwas_credible_sets:0.6091681300305393,0.3703320671690454,TYRO3
Q06418,ENSG00000092445,EFO_0000195,metabolic syndrome,gwas_credible_sets:0.5977793889697621,0.3634085007321749,TYRO3
Q06418,ENSG00000092445,EFO_0009283,potassium measurement,gwas_credible_sets:0.5795898727179378,0.3523505336090339,TYRO3
Q07002,ENSG00000117266,OBA_2050200,prostate specific antigen amount,gwas_credible_sets:0.7254123829183189,0.4410005285448803,CDK18
Q07002,ENSG00000117266,EFO_0004736,aspartate aminotransferase measurement,gwas_credible_sets:0.704381685371703,0.4282153198110373,CDK18
Q07002,ENSG00000117266,EFO_0005772,neurodegenerative disease,crispr_screen:0.6033172535482143,0.3667751391624185,CDK18
Q07002,ENSG00000117266,OBA_2050096,serum creatinine amount,gwas_credible_sets:0.5945744577455445,0.3614601243367459,CDK18
Q07002,ENSG00000117266,EFO_0010934,aspartate aminotransferase to alanine aminotransferase ratio,gwas_credible_sets:0.5565016260454139,0.3383144773939525,CDK18
Q07002,ENSG00000117266,OBA_0003747,glomerular filtration rate,gwas_credible_sets:0.54996065966506,0.3343380224851932,CDK18
Q07002,ENSG00000117266,EFO_0004531,urate measurement,gwas_credible_sets:0.5299719739435647,0.3221862848313165,CDK18
Q07002,ENSG00000117266,OBA_2045221,bowel opening frequency,gwas_credible_sets:0.527153071831067,0.3204725874216767,CDK18
Q07002,ENSG00000117266,EFO_0004532,serum gamma-glutamyl transferase measurement,gwas_credible_sets:0.5157151817677498,0.3135191417924902,CDK18
Q07002,ENSG00000117266,EFO_0010968,phosphate measurement,gwas_credible_sets:0.5104575310615971,0.3103228540051355,CDK18
Q07912,ENSG00000061938,OBA_0003747,glomerular filtration rate,gwas_credible_sets:0.8911942673854736,0.5417844417985552,TNK2
Q07912,ENSG00000061938,OBA_2050096,serum creatinine amount,gwas_credible_sets:0.8667136747174465,0.5269019355718764,TNK2
Q07912,ENSG00000061938,EFO_0004509,hemoglobin measurement,gwas_credible_sets:0.8037732855216042,0.4886385345660621,TNK2
Q07912,ENSG00000061938,EFO_0004741,blood urea nitrogen measurement,gwas_credible_sets:0.7896881461907935,0.4800757445782115,TNK2
Q07912,ENSG00000061938,OBA_2050065,serum urea amount,gwas_credible_sets:0.7886266976685978,0.4794304573314894,TNK2
Q07912,ENSG00000061938,MONDO_0005180,Parkinson disease,eva:0.5201185712899424; crispr_screen:0.374253953748334; europepmc:0.46893079813104394,0.3794112790305147,TNK2
Q07912,ENSG00000061938,MONDO_0018314,infantile-onset mesial temporal lobe epilepsy with severe cognitive regression,orphanet:0.607930797611621,0.3695798546847018,TNK2
Q07912,ENSG00000061938,EFO_0005239,aortic valve calcification,gwas_credible_sets:0.6074764402240271,0.3693036368356611,TNK2
Q07912,ENSG00000061938,EFO_0000266,aortic stenosis,gwas_credible_sets:0.6074764402240271,0.3693036368356611,TNK2
Q07912,ENSG00000061938,EFO_0004531,urate measurement,gwas_credible_sets:0.6056673162388861,0.3682038146483959,TNK2
Q08881,ENSG00000113263,MONDO_0013081,lymphoproliferative syndrome 1,eva:0.8912424712557417; genomics_england:0.8897742701710087; clingen:0.607930797611621; orphanet:0.607930797611621; uniprot_variants:0.607930797611621; uniprot_literature:0.607930797611621; europepmc:0.043379239802909225,0.7663641514188674,ITK
Q08881,ENSG00000113263,EFO_0000681,renal cell carcinoma,chembl:0.8983529907198988; europepmc:0.03495602086266821,0.5471989922673518,ITK
Q08881,ENSG00000113263,EFO_0000691,sarcoma,chembl:0.8730027081524848; europepmc:0.012158615952232422,0.53109481253893,ITK
Q08881,ENSG00000113263,EFO_0000183,Hodgkins lymphoma,genomics_england:0.7599134970145264; impc:0.549910557766232; europepmc:0.0761619080641159,0.4797191114339275,ITK
Q08881,ENSG00000113263,MONDO_0015131,combined immunodeficiency,genomics_england:0.7599134970145264,0.4619748183558772,ITK
Q08881,ENSG00000113263,HP_0005387,Combined immunodeficiency,genomics_england:0.7599134970145264,0.4619748183558772,ITK
Q08881,ENSG00000113263,EFO_0004192,alopecia areata,chembl:0.7419795384849834,0.4510722126426785,ITK
Q08881,ENSG00000113263,EFO_0004842,eosinophil count,gwas_credible_sets:0.7278693781873177,0.4424942116384907,ITK
Q08881,ENSG00000113263,EFO_0000508,genetic disorder,eva:0.6779877268827551,0.4121696195747232,ITK
Q08881,ENSG00000113263,MONDO_0016537,lymphoproliferative syndrome,gene2phenotype:0.607930797611621; eva:0.24317231904464845; europepmc:0.08287943998813288,0.4076575060211184,ITK
Q09013,ENSG00000104936,MONDO_0008056,myotonic dystrophy type 1,eva:0.9655314816473317; genomics_england:0.607930797611621; gene2phenotype:0.607930797611621; uniprot_literature:0.607930797611621; europepmc:0.9243539991617139,0.7480300027561492,DMPK
Q09013,ENSG00000104936,Orphanet_273,Steinert myotonic dystrophy,eva:0.9655314816473317; genomics_england:0.607930797611621; uniprot_literature:0.607930797611621,0.7204357157264683,DMPK
Q09013,ENSG00000104936,EFO_0003778,psoriatic arthritis,gwas_credible_sets:0.5378365652460726,0.3269674120947396,DMPK
Q09013,ENSG00000104936,MONDO_0024530,Bethlem myopathy 1A,eva:0.4377101742803672; impc:0.32341918432938244,0.2759283195075983,DMPK
Q09013,ENSG00000104936,MONDO_0008029,Bethlem myopathy,eva:0.4377101742803672; impc:0.32031873726156307,0.2758340766446537,DMPK
Q09013,ENSG00000104936,EFO_0004309,platelet count,gwas_credible_sets:0.4400774296349327,0.2675366228088366,DMPK
Q09013,ENSG00000104936,EFO_0000304,breast adenocarcinoma,slapenrich:0.7946255306441953,0.2415386663235416,DMPK
Q09013,ENSG00000104936,EFO_0004541,HbA1c measurement,gwas_credible_sets:0.37145098368251417,0.2258164927837321,DMPK
Q09013,ENSG00000104936,EFO_0000508,genetic disorder,eva:0.31718263881316133; europepmc:0.012158615952232422,0.1931946744569286,DMPK
Q09013,ENSG00000104936,EFO_0021815,right ventricular systolic volume measurement,gwas_credible_sets:0.31491502804756233,0.1914465441808406,DMPK
Q12851,ENSG00000168067,EFO_0004531,urate measurement,gwas_credible_sets:0.6893095262756016,0.4190524901100151,MAP4K2
Q12851,ENSG00000168067,MONDO_0002561,lysosomal storage disease,crispr_screen:0.559456015874881,0.3401105419594362,MAP4K2
Q12851,ENSG00000168067,EFO_0005772,neurodegenerative disease,crispr_screen:0.559456015874881,0.3401105419594362,MAP4K2
Q12851,ENSG00000168067,MONDO_0004975,Alzheimer disease,crispr_screen:0.559456015874881,0.3401105419594362,MAP4K2
Q12851,ENSG00000168067,MONDO_0005301,multiple sclerosis,crispr_screen:0.559456015874881,0.3401105419594362,MAP4K2
Q12851,ENSG00000168067,MONDO_0005180,Parkinson disease,crispr_screen:0.559456015874881,0.3401105419594362,MAP4K2
Q12851,ENSG00000168067,EFO_0020092,neuroinflammatory disorder,crispr_screen:0.24626825244113065,0.1497140551329566,MAP4K2
Q12851,ENSG00000168067,OBA_0003277,platelet volume,gwas_credible_sets:0.24471105877049654,0.1487673891427322,MAP4K2
Q12851,ENSG00000168067,EFO_0004587,lymphocyte count,gwas_credible_sets:0.24419373115735207,0.1484528897542468,MAP4K2
Q12851,ENSG00000168067,EFO_0004517,arterial stiffness measurement,gwas_credible_sets:0.2051190598975612,0.1246981936888702,MAP4K2
Q12852,ENSG00000139625,EFO_0005772,neurodegenerative disease,crispr_screen:0.9421133647453084; europepmc:0.08705963699398062,0.5753860409980598,MAP3K12
Q12852,ENSG00000139625,EFO_0010701,mean reticulocyte volume,gwas_credible_sets:0.6075931931321571,0.369374614524224,MAP3K12
Q12852,ENSG00000139625,OBA_0003460,erythrocyte volume,gwas_credible_sets:0.4590752786350992,0.279086000304413,MAP3K12
Q12852,ENSG00000139625,EFO_0004527,mean corpuscular hemoglobin,gwas_credible_sets:0.43475372235792603,0.2643001771976752,MAP3K12
Q12852,ENSG00000139625,OBA_1000110,bone tissue density,gwas_credible_sets:0.30498383767216913,0.1854090676946949,MAP3K12
Q12852,ENSG00000139625,EFO_1002018,bronchial disease,gwas_credible_sets:0.23783260777793364,0.144585766944491,MAP3K12
Q12852,ENSG00000139625,EFO_0005091,monocyte count,gwas_credible_sets:0.20586762163100727,0.1251532674205456,MAP3K12
Q12852,ENSG00000139625,HP_0000750,Delayed speech and language development,eva:0.19453785523571876,0.1182655534991045,MAP3K12
Q12852,ENSG00000139625,EFO_0004274,gout,gwas_credible_sets:0.16645353017315073,0.1011922273634335,MAP3K12
Q12852,ENSG00000139625,EFO_0005425,language impairment,impc:0.5925501484320471,0.0720458968722357,MAP3K12
Q12866,ENSG00000153208,MONDO_0019200,retinitis pigmentosa,eva:0.9380894476446705; uniprot_variants:0.8274613634158176; genomics_england:0.7599134970145264; uniprot_literature:0.607930797611621; gene2phenotype:0.607930797611621; orphanet:0.607930797611621; impc:0.9089244836379927; europepmc:0.16375169333676184,0.7980983081027695,MERTK
Q12866,ENSG00000153208,HP_0000556,Retinal dystrophy,eva:0.9302330165239087; europepmc:0.12542450524845028,0.5693297706758308,MERTK
Q12866,ENSG00000153208,EFO_0020026,autosomal recessive retinitis pigmentosa,eva:0.8554133981048794; europepmc:0.0986288817549617,0.5230301261352083,MERTK
Q12866,ENSG00000153208,EFO_0004530,triglyceride measurement,gwas_credible_sets:0.724468451300003,0.4404266834432667,MERTK
Q12866,ENSG00000153208,EFO_0004735,serum alanine aminotransferase measurement,gwas_credible_sets:0.7206931944277655,0.4381315885217385,MERTK
Q12866,ENSG00000153208,EFO_0000508,genetic disorder,eva:0.6820442861260738,0.4146357268710727,MERTK
Q12866,ENSG00000153208,EFO_0004528,mean corpuscular hemoglobin concentration,gwas_credible_sets:0.6736191566572617,0.4095138311931166,MERTK
Q12866,ENSG00000153208,Orphanet_88628,Posterior column ataxia - retinitis pigmentosa,genomics_england:0.607930797611621; eva:0.24452327637267426,0.4067431622946634,MERTK
Q12866,ENSG00000153208,EFO_0004736,aspartate aminotransferase measurement,gwas_credible_sets:0.643617107831944,0.3912746617207585,MERTK
Q12866,ENSG00000153208,MONDO_0018998,Leber congenital amaurosis,genomics_england:0.607930797611621; impc:0.6194900247842215; europepmc:0.1183205073291594,0.3900086674929981,MERTK
Q13043,ENSG00000101109,MONDO_0013934,combined immunodeficiency due to STK4 deficiency,eva:0.9156174209302992; genomics_england:0.8274613634158176; clingen:0.607930797611621; uniprot_literature:0.607930797611621; orphanet:0.607930797611621,0.7613382040802787,STK4
Q13043,ENSG00000101109,OBA_0003277,platelet volume,gwas_credible_sets:0.8480306950370172,0.5155439768329912,STK4
Q13043,ENSG00000101109,MONDO_0015131,combined immunodeficiency,genomics_england:0.7599134970145264; europepmc:0.04382167832783768,0.4633068457488034,STK4
Q13043,ENSG00000101109,HP_0005387,Combined immunodeficiency,genomics_england:0.7599134970145264; europepmc:0.02735688589252295,0.4628063730289178,STK4
Q13043,ENSG00000101109,EFO_0004309,platelet count,gwas_credible_sets:0.7553561743509305,0.4592042815540239,STK4
Q13043,ENSG00000101109,MONDO_0021094,immunodeficiency disease,eva:0.5592963338026914,0.3400134663099256,STK4
Q13043,ENSG00000101109,MONDO_0015974,severe combined immunodeficiency,eva:0.547137717850459,0.3326218692162316,STK4
Q13043,ENSG00000101109,EFO_0005772,neurodegenerative disease,crispr_screen:0.49527243296558165,0.3010913652078142,STK4
Q13043,ENSG00000101109,EFO_0004346,neuroimaging measurement,gwas_credible_sets:0.45322339657619426,0.2755284609768138,STK4
Q13043,ENSG00000101109,EFO_0005674,white matter microstructure measurement,gwas_credible_sets:0.37705820782241645,0.22922529702749,STK4
Q13131,ENSG00000132356,OBA_0003460,erythrocyte volume,gwas_credible_sets:0.7396743544203103,0.4496708202556001,PRKAA1
Q13131,ENSG00000132356,EFO_0000384,Crohn's disease,gwas_credible_sets:0.6634821215764966; europepmc:0.08207065767756885,0.4058458793901718,PRKAA1
Q13131,ENSG00000132356,EFO_0004607,duodenal ulcer,gwas_credible_sets:0.6662377015354772,0.4050264172933958,PRKAA1
Q13131,ENSG00000132356,MONDO_0004247,peptic ulcer disease,gwas_credible_sets:0.6591648445511887,0.4007266097055443,PRKAA1
Q13131,ENSG00000132356,EFO_0004527,mean corpuscular hemoglobin,gwas_credible_sets:0.6449993591760848,0.3921149748829016,PRKAA1
Q13131,ENSG00000132356,MONDO_0005301,multiple sclerosis,gwas_credible_sets:0.5976241451786224; europepmc:0.0897669994472346,0.3660427294290611,PRKAA1
Q13131,ENSG00000132356,EFO_0000729,ulcerative colitis,gwas_credible_sets:0.5612261097962727; europepmc:0.5507103359330466,0.3579263252577523,PRKAA1
Q13131,ENSG00000132356,MONDO_0043579,enteritis,gwas_credible_sets:0.5755038860809928; europepmc:0.06594360457426057,0.3518709939001163,PRKAA1
Q13131,ENSG00000132356,EFO_0000178,gastric carcinoma,gwas_credible_sets:0.5480496328407429; europepmc:0.09241527069957724,0.3359853548850233,PRKAA1
Q13131,ENSG00000132356,EFO_0003767,inflammatory bowel disease,gwas_credible_sets:0.4943358402403895; europepmc:0.36745450436542315,0.3116913271415936,PRKAA1
Q13153,ENSG00000149269,EFO_0010259,"intellectual developmental disorder with macrocephaly, seizures, and speech delay",eva:0.8282748464012116; uniprot_variants:0.7599134970145264; genomics_england:0.7599134970145264; uniprot_literature:0.607930797611621,0.6934567688939699,PAK1
Q13153,ENSG00000149269,EFO_0010642,Neurodevelopmental disorder,gene2phenotype:0.607930797611621; genomics_england:0.607930797611621; eva:0.19453785523571876; europepmc:0.16282115280838166,0.4763527353275187,PAK1
Q13153,ENSG00000149269,EFO_0004996,type 1 diabetes nephropathy,gwas_credible_sets:0.6755204986973196,0.4106697155760615,PAK1
Q13153,ENSG00000149269,EFO_0004612,high density lipoprotein cholesterol measurement,gwas_credible_sets:0.6261042099909401,0.3806280317677861,PAK1
Q13153,ENSG00000149269,EFO_0000508,genetic disorder,eva:0.5532832366884208; europepmc:0.01823792392834863,0.336912289167158,PAK1
Q13153,ENSG00000149269,EFO_0004747,protein measurement,gwas_credible_sets:0.5411911277399687,0.3290067539472919,PAK1
Q13153,ENSG00000149269,EFO_0004530,triglyceride measurement,gwas_credible_sets:0.5383130929455983,0.3272571079591962,PAK1
Q13153,ENSG00000149269,EFO_0009482,drug allergy,gwas_credible_sets:0.492986903752239,0.2997019216101821,PAK1
Q13153,ENSG00000149269,MONDO_0011962,endometrial cancer,slapenrich:0.9001748304051537; europepmc:0.5754352077826199,0.2911132405611102,PAK1
Q13153,ENSG00000149269,EFO_0000304,breast adenocarcinoma,slapenrich:0.9148243091797228,0.2780749359770645,PAK1
Q13163,ENSG00000137764,EFO_0004340,body mass index,gwas_credible_sets:0.7166615668480281,0.4356806379515158,MAP2K5
Q13163,ENSG00000137764,EFO_0004346,neuroimaging measurement,gwas_credible_sets:0.7103007808325207,0.4318137202356715,MAP2K5
Q13163,ENSG00000137764,MONDO_0005148,type 2 diabetes mellitus,gwas_credible_sets:0.6728553626216074; europepmc:0.09315357385736069,0.4118810435985842,MAP2K5
Q13163,ENSG00000137764,OBA_2050068,serum albumin amount,gwas_credible_sets:0.6616518963371087,0.4022385650814601,MAP2K5
Q13163,ENSG00000137764,EFO_0010155,taste liking measurement,gwas_credible_sets:0.6411708540036501,0.3897875086797633,MAP2K5
Q13163,ENSG00000137764,OBA_2050009,brain volume,gwas_credible_sets:0.6310164959001648,0.3836143616586774,MAP2K5
Q13163,ENSG00000137764,OBA_0004528,fat pad mass,gwas_credible_sets:0.6290487514205337,0.3824181091876794,MAP2K5
Q13163,ENSG00000137764,EFO_0007800,body fat percentage,gwas_credible_sets:0.6226331979992035,0.3785178966791301,MAP2K5
Q13163,ENSG00000137764,EFO_0004612,high density lipoprotein cholesterol measurement,gwas_credible_sets:0.5980967362217836,0.3636014259002162,MAP2K5
Q13163,ENSG00000137764,EFO_0000400,diabetes mellitus,gwas_credible_sets:0.5841388018411526; europepmc:0.050598418024547225; expression_atlas:0.017366868690058608,0.356888603535783,MAP2K5
Q13164,ENSG00000166484,EFO_0004274,gout,gwas_credible_sets:0.6075165168317314,0.3693280006397482,MAPK7
Q13164,ENSG00000166484,EFO_0010469,carnitine measurement,gwas_credible_sets:0.5918244898833958,0.3597883341809035,MAPK7
Q13164,ENSG00000166484,EFO_0004587,lymphocyte count,gwas_credible_sets:0.5209055676303618,0.31667453720986,MAPK7
Q13164,ENSG00000166484,EFO_0004528,mean corpuscular hemoglobin concentration,gwas_credible_sets:0.3928074520813207,0.2387997476515859,MAPK7
Q13164,ENSG00000166484,MONDO_0021637,low grade glioma,slapenrich:0.7507632267460751,0.2282060436266078,MAPK7
Q13164,ENSG00000166484,EFO_0000519,glioblastoma multiforme,slapenrich:0.5611864181591072; europepmc:0.7627917770819598,0.1937674840727885,MAPK7
Q13164,ENSG00000166484,MONDO_0011962,endometrial cancer,slapenrich:0.38593890739653686; europepmc:0.08737643919379882,0.1199680153200445,MAPK7
Q13164,ENSG00000166484,EFO_0000616,neoplasm,europepmc:0.9273583377758379,0.1127539387911704,MAPK7
Q13164,ENSG00000166484,MONDO_0007254,breast cancer,europepmc:0.9063330020030232,0.1101975489618865,MAPK7
Q13164,ENSG00000166484,MONDO_0004992,cancer,europepmc:0.886869933118433,0.1078311091636908,MAPK7
Q13177,ENSG00000180370,EFO_0004587,lymphocyte count,gwas_credible_sets:0.7993607741467254,0.4859560330064616,PAK2
Q13177,ENSG00000180370,EFO_0004309,platelet count,gwas_credible_sets:0.7893959472146707,0.4798981078215958,PAK2
Q13177,ENSG00000180370,EFO_0005091,monocyte count,gwas_credible_sets:0.7797467866186742,0.4740320859241891,PAK2
Q13177,ENSG00000180370,EFO_0004833,neutrophil count,gwas_credible_sets:0.7792285766542809,0.4737170501272052,PAK2
Q13177,ENSG00000180370,EFO_0004528,mean corpuscular hemoglobin concentration,gwas_credible_sets:0.7610078941509651,0.4626401360799363,PAK2
Q13177,ENSG00000180370,MONDO_0800166,Knobloch syndrome,orphanet:0.607930797611621; eva:0.547137717850459; europepmc:0.07155852096886789,0.4537020470716155,PAK2
Q13177,ENSG00000180370,EFO_0004842,eosinophil count,gwas_credible_sets:0.733578275725695,0.4459648262724794,PAK2
Q13177,ENSG00000180370,EFO_0004541,HbA1c measurement,gwas_credible_sets:0.7088679149318746,0.4309426369258213,PAK2
Q13177,ENSG00000180370,EFO_0005090,basophil count,gwas_credible_sets:0.6928204638838031,0.4211868972105337,PAK2
Q13177,ENSG00000180370,EFO_0007985,platelet crit,gwas_credible_sets:0.6721661696012898,0.4086305156132603,PAK2
Q13188,ENSG00000104375,EFO_0000284,benign prostatic hyperplasia,gwas_credible_sets:0.5635900817765873,0.3426237679404394,STK3
Q13188,ENSG00000104375,EFO_0004305,erythrocyte count,gwas_credible_sets:0.5556776277416898,0.3378135434479389,STK3
Q13188,ENSG00000104375,EFO_0010428,triacylglycerol 56:10 measurement,gwas_credible_sets:0.5251238218394456,0.319238943855717,STK3
Q13188,ENSG00000104375,EFO_0004324,body weights and measures,gwas_credible_sets:0.509702092289575,0.3098635995099134,STK3
Q13188,ENSG00000104375,EFO_0010427,triacylglycerol 54:9 measurement,gwas_credible_sets:0.4965897931503082,0.3018922290356567,STK3
Q13188,ENSG00000104375,EFO_0010438,triacylglycerol 58:11 measurement,gwas_credible_sets:0.4965897931503082,0.3018922290356567,STK3
Q13188,ENSG00000104375,MONDO_0004975,Alzheimer disease,gwas_credible_sets:0.4341972363579864; europepmc:0.04559480982087158,0.2653477966749398,STK3
Q13188,ENSG00000104375,EFO_0010597,NF-kappa-B essential modulator measurement,gwas_credible_sets:0.43441786977551977,0.264096002069373,STK3
Q13188,ENSG00000104375,EFO_0007442,placenta praevia,gwas_credible_sets:0.43441786977551977,0.264096002069373,STK3
Q13188,ENSG00000104375,EFO_0030082,polygenic risk score,gwas_credible_sets:0.4341972363579864,0.2639618722198722,STK3
Q13233,ENSG00000095015,MONDO_0013410,"46,XY sex reversal 6",uniprot_variants:0.8897742701710087; eva:0.8764282256316099; genomics_england:0.865457038266544; gene2phenotype:0.607930797611621; uniprot_literature:0.607930797611621,0.7704648208258177,MAP3K1
Q13233,ENSG00000095015,EFO_0000305,breast carcinoma,gwas_credible_sets:0.7901807825757439; cancer_gene_census:0.607930797611621; europepmc:0.039346632178752144,0.5733017532905725,MAP3K1
Q13233,ENSG00000095015,EFO_0004530,triglyceride measurement,gwas_credible_sets:0.9058651754579922,0.5507033386447683,MAP3K1
Q13233,ENSG00000095015,EFO_0000304,breast adenocarcinoma,intogen:0.9006315936456548; europepmc:0.012158615952232422,0.547891262933913,MAP3K1
Q13233,ENSG00000095015,EFO_0004735,serum alanine aminotransferase measurement,gwas_credible_sets:0.8841142708960104,0.5374802938856283,MAP3K1
Q13233,ENSG00000095015,EFO_0001663,prostate carcinoma,gwas_credible_sets:0.7297341367423051; cancer_gene_census:0.607930797611621,0.5360228194653527,MAP3K1
Q13233,ENSG00000095015,EFO_0007788,BMI-adjusted waist-hip ratio,gwas_credible_sets:0.8561891430600339,0.5205037486468967,MAP3K1
Q13233,ENSG00000095015,EFO_0004612,high density lipoprotein cholesterol measurement,gwas_credible_sets:0.8213338105921977,0.4993141185787068,MAP3K1
Q13233,ENSG00000095015,MONDO_0005148,type 2 diabetes mellitus,gwas_credible_sets:0.8094284757040293; europepmc:0.208540424551115,0.4984154061758905,MAP3K1
Q13233,ENSG00000095015,EFO_0004541,HbA1c measurement,gwas_credible_sets:0.8144373513161876,0.4951215485903459,MAP3K1
Q13237,ENSG00000138669,MONDO_0019696,acromesomelic dysplasia,eva:0.7920122431284199; uniprot_literature:0.607930797611621; genomics_england:0.607930797611621; uniprot_variants:0.607930797611621; impc:0.26560496547651724; europepmc:0.16257579016169632,0.6398876054662892,PRKG2
Q13237,ENSG00000138669,EFO_0007789,BMI-adjusted waist circumference,gwas_credible_sets:0.8651320356795992,0.5259404084900642,PRKG2
Q13237,ENSG00000138669,MONDO_0030487,"spondylometaphyseal dysplasia, pagnamenta type",genomics_england:0.607930797611621; uniprot_literature:0.607930797611621; eva:0.547137717850459; impc:0.28214068317155333,0.501076828956337,PRKG2
Q13237,ENSG00000138669,EFO_0004338,body weight,gwas_credible_sets:0.7746902112253856,0.4709580380121639,PRKG2
Q13237,ENSG00000138669,EFO_0004995,lean body mass,gwas_credible_sets:0.7732940367031591,0.4701092605212617,PRKG2
Q13237,ENSG00000138669,EFO_1000786,"osteoarthritis, hip",gwas_credible_sets:0.7530951188291942,0.4578297162672506,PRKG2
Q13237,ENSG00000138669,EFO_0004468,glucose measurement,gwas_credible_sets:0.7148172955416773,0.4345594486252337,PRKG2
Q13237,ENSG00000138669,EFO_0004318,smoking behavior,gwas_credible_sets:0.6978316652420289,0.4242333608492323,PRKG2
Q13237,ENSG00000138669,EFO_0004784,self reported educational attainment,gwas_credible_sets:0.6892633022107896,0.4190243890774251,PRKG2
Q13237,ENSG00000138669,EFO_0004698,insomnia,gwas_credible_sets:0.6752537855759575,0.4105075724554584,PRKG2
Q13308,ENSG00000112655,EFO_0004509,hemoglobin measurement,gwas_credible_sets:0.7205851145323781,0.4380658834247299,PTK7
Q13308,ENSG00000112655,EFO_0005772,neurodegenerative disease,crispr_screen:0.5254171646437704,0.3194172759807238,PTK7
Q13308,ENSG00000112655,EFO_0004747,protein measurement,gwas_credible_sets:0.34008183551456866,0.2067462215175958,PTK7
Q13308,ENSG00000112655,EFO_0001645,coronary artery disease,gwas_credible_sets:0.3391057892258147,0.2061528529187677,PTK7
Q13308,ENSG00000112655,EFO_0004612,high density lipoprotein cholesterol measurement,gwas_credible_sets:0.33743356129349655,0.2051362540580852,PTK7
Q13308,ENSG00000112655,EFO_0004346,neuroimaging measurement,gwas_credible_sets:0.31316015706749845,0.1903797040662248,PTK7
Q13308,ENSG00000112655,MONDO_0004390,ocular hypotension,gwas_credible_sets:0.2357154797962605,0.1432986996419466,PTK7
Q13308,ENSG00000112655,EFO_0004541,HbA1c measurement,gwas_credible_sets:0.21755227683898837,0.1322567291809503,PTK7
Q13308,ENSG00000112655,EFO_0000616,neoplasm,europepmc:0.9653891575294947,0.1173779601085033,PTK7
Q13308,ENSG00000112655,EFO_0005922,esophageal squamous cell carcinoma,europepmc:0.9122756923901979,0.1109200978632933,PTK7
Q13418,ENSG00000166333,EFO_0005772,neurodegenerative disease,crispr_screen:0.7662070938537349; europepmc:0.0439061131608393,0.4671354836218779,ILK
Q13418,ENSG00000166333,EFO_0004612,high density lipoprotein cholesterol measurement,gwas_credible_sets:0.42599884404026195,0.258977817039025,ILK
Q13418,ENSG00000166333,EFO_0000304,breast adenocarcinoma,slapenrich:0.7430999427245957,0.2258766704428567,ILK
Q13418,ENSG00000166333,MONDO_0024573,familial hypertrophic cardiomyopathy,eva:0.31898819191432803,0.1939227459391663,ILK
Q13418,ENSG00000166333,MONDO_0011962,endometrial cancer,slapenrich:0.607930797611621; europepmc:0.01823792392834863,0.1853442971243779,ILK
Q13418,ENSG00000166333,HP_0001626,Abnormality of the cardiovascular system,eva:0.24317231904464845,0.1478319418738807,ILK
Q13418,ENSG00000166333,EFO_0000407,dilated cardiomyopathy,eva:0.19453785523571876; clingen:0.006079307976116211,0.1191895031358163,ILK
Q13418,ENSG00000166333,HP_0001657,Prolonged QT interval,eva:0.19453785523571876,0.1182655534991045,ILK
Q13418,ENSG00000166333,EFO_0000616,neoplasm,europepmc:0.9447593239621017,0.1148696578734593,ILK
Q13418,ENSG00000166333,MONDO_0008170,ovarian cancer,europepmc:0.8687098782079485,0.1056230978304104,ILK
Q13464,ENSG00000067900,EFO_0005772,neurodegenerative disease,crispr_screen:0.9091070625391349; europepmc:0.05798646591218845,0.554436769567408,ROCK1
Q13464,ENSG00000067900,OBA_0003747,glomerular filtration rate,gwas_credible_sets:0.8517794893311232,0.517822984338289,ROCK1
Q13464,ENSG00000067900,EFO_1001069,ocular hypertension,chembl:0.8502938886659943; europepmc:0.02870784322054877,0.5177924610423437,ROCK1
Q13464,ENSG00000067900,EFO_0004190,open-angle glaucoma,chembl:0.845016959119721; europepmc:0.12646311547649744,0.5175558750860024,ROCK1
Q13464,ENSG00000067900,MONDO_0013730,graft versus host disease,chembl:0.6383273374922022; europepmc:0.06687238773727831,0.3900915366197027,ROCK1
Q13464,ENSG00000067900,OBA_2050096,serum creatinine amount,gwas_credible_sets:0.6416136315634976,0.3900566867948858,ROCK1
Q13464,ENSG00000067900,EFO_0000540,immune system disease,chembl:0.6361151448675598,0.3867139873921675,ROCK1
Q13464,ENSG00000067900,Orphanet_98974,Fuchs endothelial corneal dystrophy,chembl:0.5842383834713681,0.3551765064590729,ROCK1
Q13464,ENSG00000067900,MONDO_0005041,glaucoma,chembl:0.5625296709586961; europepmc:0.1218359285769194,0.3456825022079988,ROCK1
Q13464,ENSG00000067900,EFO_0004536,total blood protein measurement,gwas_credible_sets:0.5555161509109778,0.3377153767094484,ROCK1
Q13470,ENSG00000174292,EFO_0020092,neuroinflammatory disorder,crispr_screen:0.34809304386039636,0.2116164817971077,TNK1
Q13470,ENSG00000174292,HP_0003124,Hypercholesterolemia,gwas_credible_sets:0.24505947388943294,0.1489792014238872,TNK1
Q13470,ENSG00000174292,MONDO_0004975,Alzheimer disease,eva:0.19453785523571876; europepmc:0.22866950808382286,0.1252163153210473,TNK1
Q13470,ENSG00000174292,MONDO_0017276,frontotemporal dementia,eva:0.19453785523571876,0.1182655534991045,TNK1
Q13470,ENSG00000174292,MONDO_0009227,"myofibromatosis, infantile, 1",impc:0.5899512442722574,0.0717299060964803,TNK1
Q13470,ENSG00000174292,MONDO_0016362,attenuated familial adenomatous polyposis,impc:0.5870821486468625,0.0713810637780862,TNK1
Q13470,ENSG00000174292,EFO_0000616,neoplasm,europepmc:0.5677302248222829,0.069028137680887,TNK1
Q13470,ENSG00000174292,MONDO_0013692,BAP1-related tumor predisposition syndrome,impc:0.5577157137289012,0.067810511737549,TNK1
Q13470,ENSG00000174292,EFO_0005287,reticulum cell sarcoma,impc:0.5544024908819178,0.0674076696959427,TNK1
Q13470,ENSG00000174292,MONDO_0018453,familial atypical multiple mole melanoma syndrome,impc:0.5526394915688442,0.0671933133802256,TNK1
Q13523,ENSG00000112739,EFO_0004198,skin neoplasm,gwas_credible_sets:0.5403100406111685,0.328471113946315,PRP4K
Q13523,ENSG00000112739,EFO_0009003,ovarian dysfunction,gwas_credible_sets:0.4708491447315287,0.2862436961113879,PRP4K
Q13523,ENSG00000112739,EFO_0007660,neuroticism measurement,gwas_credible_sets:0.44845645732719164,0.2726304917970015,PRP4K
Q13523,ENSG00000112739,OBA_2050135,growth differentiation factor 15 amount,gwas_credible_sets:0.36265120071782864,0.2204668337072016,PRP4K
Q13523,ENSG00000112739,EFO_0800987,N-acetylalliin measurement,gwas_credible_sets:0.36265120071782864,0.2204668337072016,PRP4K
Q13523,ENSG00000112739,EFO_0007442,placenta praevia,gwas_credible_sets:0.36265120071782864,0.2204668337072016,PRP4K
Q13523,ENSG00000112739,EFO_0800473,palmitoylcholine measurement,gwas_credible_sets:0.36265120071782864,0.2204668337072016,PRP4K
Q13523,ENSG00000112739,EFO_0007874,gut microbiome measurement,gwas_credible_sets:0.36207942902115453,0.2201192360835908,PRP4K
Q13523,ENSG00000112739,EFO_1001152,renal osteodystrophy,gwas_credible_sets:0.35683807540339496,0.2169328557981817,PRP4K
Q13523,ENSG00000112739,EFO_0003870,brain aneurysm,gwas_credible_sets:0.25014457709940663,0.1520705922742639,PRP4K
Q13546,ENSG00000137275,EFO_0010737,autoinflammation with episodic fever and lymphadenopathy,uniprot_variants:0.865457038266544; eva:0.815006629421713; uniprot_literature:0.607930797611621,0.6910693234410467,RIPK1
Q13546,ENSG00000137275,MONDO_0021094,immunodeficiency disease,eva:0.873792071610614; genomics_england:0.8274613634158176; europepmc:0.012158615952232422,0.6571291804176889,RIPK1
Q13546,ENSG00000137275,EFO_0005772,neurodegenerative disease,crispr_screen:0.8531725027743544; europepmc:0.23563260469305305,0.5258322559776338,RIPK1
Q13546,ENSG00000137275,EFO_0000694,severe acute respiratory syndrome,reactome:0.8274613634158176; europepmc:0.030396539880581056,0.5039631962908891,RIPK1
Q13546,ENSG00000137275,MONDO_0003778,inborn error of immunity,eva:0.8007968431539079; europepmc:0.08934387419232788,0.4895448082183961,RIPK1
Q13546,ENSG00000137275,MONDO_0016542,immune dysregulation-inflammatory bowel disease-arthritis-recurrent infections syndrome,eva:0.8007968431539079,0.4868290635834234,RIPK1
Q13546,ENSG00000137275,MONDO_0005180,Parkinson disease,crispr_screen:0.6873382372551742; europepmc:0.7162194512069325,0.4396246759153631,RIPK1
Q13546,ENSG00000137275,MONDO_0004975,Alzheimer disease,crispr_screen:0.6873382372551742; europepmc:0.6445468963939912,0.4374460782446484,RIPK1
Q13546,ENSG00000137275,MONDO_0005301,multiple sclerosis,crispr_screen:0.6873382372551742; europepmc:0.11962259319920313,0.4214901957283017,RIPK1
Q13546,ENSG00000137275,MONDO_0002561,lysosomal storage disease,crispr_screen:0.6873382372551742; europepmc:0.04768541628599154,0.4193035544613629,RIPK1
Q13554,ENSG00000058404,EFO_0009164,"intellectual disability, autosomal dominant 54",uniprot_variants:0.9190679877429972; eva:0.8908278606937586; genomics_england:0.8274613634158176; uniprot_literature:0.607930797611621,0.7731121483654965,CAMK2B
Q13554,ENSG00000058404,HP_0001249,Intellectual disability,eva:0.8284395342549641; genomics_england:0.6839221473130737; gene2phenotype:0.607930797611621; europepmc:0.08690878809104076,0.6493031008717883,CAMK2B
Q13554,ENSG00000058404,EFO_0004541,HbA1c measurement,gwas_credible_sets:0.8224079462796181,0.4999671187439034,CAMK2B
Q13554,ENSG00000058404,EFO_0004468,glucose measurement,gwas_credible_sets:0.8182054385628372,0.4974122848756718,CAMK2B
Q13554,ENSG00000058404,MONDO_0005148,type 2 diabetes mellitus,gwas_credible_sets:0.7640176914585627; europepmc:0.19040678942944245,0.4702575921262188,CAMK2B
Q13554,ENSG00000058404,EFO_0000508,genetic disorder,eva:0.7378789002938028; europepmc:0.012158615952232422,0.448948888251082,CAMK2B
Q13554,ENSG00000058404,OBA_1001087,heart rate,gwas_credible_sets:0.7042801804388038,0.4281536118362184,CAMK2B
Q13554,ENSG00000058404,EFO_0004574,total cholesterol measurement,gwas_credible_sets:0.6425599155872997,0.390631961996243,CAMK2B
Q13554,ENSG00000058404,MONDO_0015802,autosomal dominant non-syndromic intellectual disability,orphanet:0.607930797611621,0.3695798546847018,CAMK2B
Q13554,ENSG00000058404,EFO_0007629,hemoglobin A1 measurement,gwas_credible_sets:0.5756442700162598,0.3499518802115442,CAMK2B
Q13555,ENSG00000148660,MONDO_0032795,intellectual developmental disorder 59,eva:0.7717338425144423; genomics_england:0.6839221473130737; gene2phenotype:0.607930797611621; uniprot_variants:0.3039653988058105; uniprot_literature:0.3039653988058105; clingen:0.006079307976116211,0.6332131614753954,CAMK2G
Q13555,ENSG00000148660,EFO_0000676,psoriasis,gwas_credible_sets:0.8123761420331405; europepmc:0.5988118356474468,0.5120702838300801,CAMK2G
Q13555,ENSG00000148660,HP_0010864,"Intellectual disability, severe",eva:0.6565652614205508,0.399146243059478,CAMK2G
Q13555,ENSG00000148660,EFO_0004713,FEV/FVC ratio,gwas_credible_sets:0.6218828761589116,0.3780617529242961,CAMK2G
Q13555,ENSG00000148660,EFO_0000384,Crohn's disease,gwas_credible_sets:0.5741388069416969; impc:0.3215345988567864,0.3588102021009873,CAMK2G
Q13555,ENSG00000148660,EFO_0004541,HbA1c measurement,gwas_credible_sets:0.5873320268412388,0.3570572275404443,CAMK2G
Q13555,ENSG00000148660,EFO_0004612,high density lipoprotein cholesterol measurement,gwas_credible_sets:0.5600057431300612,0.3404447380881467,CAMK2G
Q13555,ENSG00000148660,EFO_0003767,inflammatory bowel disease,gwas_credible_sets:0.4632722366066488; impc:0.593857199646912; europepmc:0.015198269940290528,0.2998939865055287,CAMK2G
Q13555,ENSG00000148660,MONDO_0005148,type 2 diabetes mellitus,gwas_credible_sets:0.4762203380459612; europepmc:0.27707791244355495,0.2979312197627757,CAMK2G
Q13555,ENSG00000148660,EFO_0000195,metabolic syndrome,gwas_credible_sets:0.47240970247977293; europepmc:0.25710147436854885,0.2950074024469967,CAMK2G
Q13557,ENSG00000145349,EFO_0010642,Neurodevelopmental disorder,eva:0.83931980492093; genomics_england:0.793687430215172; europepmc:0.030396539880581056,0.6312857608660509,CAMK2D
Q13557,ENSG00000145349,EFO_0000275,atrial fibrillation,gwas_credible_sets:0.8208765826963293; impc:0.43053659086855; europepmc:0.06594360457426056,0.513013848272027,CAMK2D
Q13557,ENSG00000145349,EFO_0004327,electrocardiography,gwas_credible_sets:0.8259644517395048,0.5021292279448425,CAMK2D
Q13557,ENSG00000145349,OBA_1000110,bone tissue density,gwas_credible_sets:0.7002107116403052,0.4256796564236915,CAMK2D
Q13557,ENSG00000145349,EFO_0004462,PR interval,gwas_credible_sets:0.6956918415465537,0.4229324961232939,CAMK2D
Q13557,ENSG00000145349,EFO_0000095,chronic lymphocytic leukemia,gwas_credible_sets:0.6924678036191362; europepmc:0.012158615952232422,0.4213420840292335,CAMK2D
Q13557,ENSG00000145349,EFO_0003144,heart failure,gwas_credible_sets:0.6816229483854755; europepmc:0.06569756347096185,0.416376561290469,CAMK2D
Q13557,ENSG00000145349,EFO_0803380,cardiovascular age measurement,gwas_credible_sets:0.683717783602684,0.4156530975268294,CAMK2D
Q13557,ENSG00000145349,MONDO_0000465,atrioventricular block,gwas_credible_sets:0.6607471003915215,0.4016885117605835,CAMK2D
Q13557,ENSG00000145349,EFO_0021815,right ventricular systolic volume measurement,gwas_credible_sets:0.6580775221213456,0.4000655929135088,CAMK2D
Q13627,ENSG00000157540,MONDO_0013578,DYRK1A-related intellectual disability syndrome,eva:0.9460401777413839; uniprot_literature:0.607930797611621; gene2phenotype:0.607930797611621; genomics_england:0.607930797611621; europepmc:0.07673915827737866,0.7320583094958257,DYRK1A
Q13627,ENSG00000157540,MONDO_0100038,complex neurodevelopmental disorder,eva:0.8691667281349424; clingen:0.607930797611621,0.620788185963734,DYRK1A
Q13627,ENSG00000157540,HP_0000252,Microcephaly,eva:0.8452194543357149; genomics_england:0.607930797611621; europepmc:0.13714892261771916,0.6080827241227582,DYRK1A
Q13627,ENSG00000157540,HP_0001249,Intellectual disability,eva:0.9011176790519055; europepmc:0.1959252297706498,0.5537726384282933,DYRK1A
Q13627,ENSG00000157540,EFO_0000508,genetic disorder,eva:0.9002665703733149; europepmc:0.015198269940290528,0.5477617490084838,DYRK1A
Q13627,ENSG00000157540,Orphanet_183763,Rare genetic intellectual disability with developmental anomaly,genomics_england:0.8776156542187763,0.5335295846656654,DYRK1A
Q13627,ENSG00000157540,OBA_0003747,glomerular filtration rate,gwas_credible_sets:0.8551558990377518,0.5198756077843033,DYRK1A
Q13627,ENSG00000157540,HP_0000490,Deeply set eye,eva:0.8390641550098973,0.5100929410024877,DYRK1A
Q13627,ENSG00000157540,EFO_0009083,absent or delayed speech development,eva:0.8390641550098973,0.5100929410024877,DYRK1A
Q13627,ENSG00000157540,EFO_0004617,cystatin C measurement,gwas_credible_sets:0.8353127643989734,0.507812355116236,DYRK1A
Q13705,ENSG00000114739,EFO_0009081,Heterotaxia,genomics_england:0.8897742701710087; uniprot_variants:0.7599134970145264; eva:0.6456847449083912; uniprot_literature:0.607930797611621; impc:0.49472323526902123; gene2phenotype:0.006079307976116211; europepmc:0.01823792392834863,0.7256822298274888,ACVR2B
Q13705,ENSG00000114739,MONDO_0018677,visceral heterotaxy,genomics_england:0.7599134970145264; eva:0.31106195687088833; impc:0.38766227136699044; gene2phenotype:0.006079307976116211,0.5147189935148666,ACVR2B
Q13705,ENSG00000114739,OBA_2050096,serum creatinine amount,gwas_credible_sets:0.837089802207022,0.508892671128269,ACVR2B
Q13705,ENSG00000114739,OBA_0003747,glomerular filtration rate,gwas_credible_sets:0.8098811261711417,0.4923516790038201,ACVR2B
Q13705,ENSG00000114739,EFO_0003944,tibia fracture,chembl:0.7599134970145264,0.4619748183558772,ACVR2B
Q13705,ENSG00000114739,EFO_0004534,creatine kinase measurement,gwas_credible_sets:0.7577841445623298,0.4606803194212171,ACVR2B
Q13705,ENSG00000114739,EFO_0004995,lean body mass,gwas_credible_sets:0.7213312980683496,0.4385195113769177,ACVR2B
Q13705,ENSG00000114739,HP_0001651,Dextrocardia,genomics_england:0.607930797611621; impc:0.3195892203044292,0.3792942611650891,ACVR2B
Q13705,ENSG00000114739,EFO_0004260,bone disease,chembl:0.607930797611621; europepmc:0.012158615952232422,0.3699494345393864,ACVR2B
Q13705,ENSG00000114739,MONDO_0010066,familial isolated congenital asplenia,genomics_england:0.607930797611621,0.3695798546847018,ACVR2B
Q13873,ENSG00000204217,MONDO_0024533,"pulmonary hypertension, primary, 1",uniprot_variants:0.9717353218761373; eva:0.9429721285707513; genomics_england:0.793687430215172; uniprot_literature:0.607930797611621; impc:0.5578305451017834; europepmc:0.030396539880581056,0.8135895522922568,BMPR2
Q13873,ENSG00000204217,EFO_0001361,pulmonary arterial hypertension,eva:0.9625804581352323; genomics_england:0.607930797611621; clingen:0.607930797611621; europepmc:0.9683386731271247,0.7260002339228915,BMPR2
Q13873,ENSG00000204217,MONDO_0009937,pulmonary venoocclusive disease,eva:0.9257722885105896; genomics_england:0.607930797611621; uniprot_literature:0.607930797611621; impc:0.5901859731080019; europepmc:0.16950587806018713,0.7015741633467802,BMPR2
Q13873,ENSG00000204217,MONDO_0020713,pulmonary venoocclusive disease 1,eva:0.9257722885105896; genomics_england:0.607930797611621,0.6552004494321539,BMPR2
Q13873,ENSG00000204217,MONDO_0017148,heritable pulmonary arterial hypertension,genomics_england:0.7599134970145264; orphanet:0.607930797611621; europepmc:0.493015836610603,0.5610302156000715,BMPR2
Q13873,ENSG00000204217,MONDO_0001999,primary pulmonary hypertension,eva:0.9156584162029678; europepmc:0.1143134270691064,0.5601316839468559,BMPR2
Q13873,ENSG00000204217,EFO_0009054,Pulmonary arterial hypertension associated with congenital heart disease,eva:0.8360333299454604,0.5082504091036433,BMPR2
Q13873,ENSG00000204217,EFO_0003944,tibia fracture,chembl:0.8274613634158176,0.5030392466541774,BMPR2
Q13873,ENSG00000204217,MONDO_0017147,idiopathic pulmonary arterial hypertension,genomics_england:0.7599134970145264; impc:0.3504569065531593; europepmc:0.3410341836944732,0.4772347219880389,BMPR2
Q13873,ENSG00000204217,EFO_0004260,bone disease,chembl:0.7599134970145264; europepmc:0.01823792392834863,0.4625291881379043,BMPR2
Q13882,ENSG00000101213,MONDO_0015277,medullary thyroid gland carcinoma,chembl:0.7935602610177124; cancer_gene_census:0.3039653988058105,0.5286272042689718,PTK6
Q13882,ENSG00000101213,MONDO_0002108,thyroid cancer,chembl:0.7757534716856291; europepmc:0.030396539880581056,0.4725283764285404,PTK6
Q13882,ENSG00000101213,EFO_0003060,non-small cell lung carcinoma,chembl:0.6255738392759311; cancer_gene_census:0.4559480982087158; europepmc:0.5836514579924155,0.4574867079712404,PTK6
Q13882,ENSG00000101213,EFO_0002892,thyroid carcinoma,chembl:0.6383273374922022; cancer_gene_census:0.4559480982087158,0.4573550701723184,PTK6
Q13882,ENSG00000101213,EFO_0000616,neoplasm,chembl:0.6488816916174039; europepmc:0.953369260959955,0.4234542911022357,PTK6
Q13882,ENSG00000101213,EFO_0000389,cutaneous melanoma,cancer_gene_census:0.607930797611621; slapenrich:0.49550502505459815,0.4072339503224528,PTK6
Q13882,ENSG00000101213,EFO_0003841,thyroid neoplasm,chembl:0.6383273374922022,0.3880588474189368,PTK6
Q13882,ENSG00000101213,EFO_0000365,colorectal adenocarcinoma,cancer_gene_census:0.607930797611621; chembl:0.07599134970145263; europepmc:0.021277577916406734,0.3814166761416868,PTK6
Q13882,ENSG00000101213,EFO_0000178,gastric carcinoma,cancer_gene_census:0.607930797611621,0.3695798546847018,PTK6
Q13882,ENSG00000101213,EFO_1000233,Endometrial Endometrioid Adenocarcinoma,cancer_gene_census:0.607930797611621,0.3695798546847018,PTK6
Q13976,ENSG00000185532,MONDO_0019625,familial thoracic aortic aneurysm and aortic dissection,eva:0.8040916936629096; genomics_england:0.7599134970145264; clingen:0.607930797611621; orphanet:0.607930797611621; uniprot_literature:0.607930797611621; uniprot_variants:0.607930797611621,0.6935382797483985,PRKG1
Q13976,ENSG00000185532,EFO_0004980,appendicular lean mass,gwas_credible_sets:0.7282954570923827,0.4427532381270924,PRKG1
Q13976,ENSG00000185532,Orphanet_285014,Rare disease with thoracic aortic aneurysm and aortic dissection,eva:0.7094757525999513,0.4313121601641935,PRKG1
Q13976,ENSG00000185532,EFO_0004838,calcium measurement,gwas_credible_sets:0.7013347095107575,0.4263629693455893,PRKG1
Q13976,ENSG00000185532,EFO_0005670,smoking initiation,gwas_credible_sets:0.6921174292152449,0.4207595007837285,PRKG1
Q13976,ENSG00000185532,EFO_0004309,platelet count,gwas_credible_sets:0.6916892762671614,0.4204992134205003,PRKG1
Q13976,ENSG00000185532,EFO_0006335,systolic blood pressure,gwas_credible_sets:0.6348872746145827,0.3859675272499115,PRKG1
Q13976,ENSG00000185532,EFO_0004995,lean body mass,gwas_credible_sets:0.6117224810503918,0.3718849358219244,PRKG1
Q13976,ENSG00000185532,EFO_0011015,educational attainment,gwas_credible_sets:0.596254146101871,0.3624812586189465,PRKG1
Q13976,ENSG00000185532,OBA_0003460,erythrocyte volume,gwas_credible_sets:0.5913270000924152,0.3594858948154691,PRKG1
Q14004,ENSG00000065883,MONDO_0044302,"congenital heart defects, dysmorphic facial features, and intellectual developmental disorder",eva:0.9305525261732788; uniprot_variants:0.9066612367713315; genomics_england:0.865457038266544; orphanet:0.607930797611621; uniprot_literature:0.607930797611621; gene2phenotype:0.607930797611621; europepmc:0.1434082387219999,0.8104720263021783,CDK13
Q14004,ENSG00000065883,Orphanet_369891,Cardiac anomalies-developmental delay-facial dysmorphism syndrome,genomics_england:0.7599134970145264; gene2phenotype:0.607930797611621,0.5543697820270527,CDK13
Q14004,ENSG00000065883,EFO_0000508,genetic disorder,eva:0.8883503626420098; europepmc:0.01823792392834863,0.5406099143015569,CDK13
Q14004,ENSG00000065883,EFO_0004587,lymphocyte count,gwas_credible_sets:0.867989122143719,0.5276773193430419,CDK13
Q14004,ENSG00000065883,EFO_0005772,neurodegenerative disease,crispr_screen:0.865457038266544,0.5261379875719714,CDK13
Q14004,ENSG00000065883,EFO_0004309,platelet count,gwas_credible_sets:0.7942761726341226,0.4828649471533678,CDK13
Q14004,ENSG00000065883,EFO_0004725,metabolite measurement,gwas_credible_sets:0.7802661123893484,0.4743478000541753,CDK13
Q14004,ENSG00000065883,HP_0001263,Global developmental delay,eva:0.747754881062294; europepmc:0.09005151754969704,0.4573204758066894,CDK13
Q14004,ENSG00000065883,EFO_0005763,pulse pressure measurement,gwas_credible_sets:0.667451942264676,0.4057645916283901,CDK13
Q14004,ENSG00000065883,MONDO_0000508,syndromic intellectual disability,clingen:0.607930797611621; eva:0.19453785523571876,0.3991462430594779,CDK13
Q14012,ENSG00000134072,EFO_0005772,neurodegenerative disease,crispr_screen:0.4555491662752717,0.2769423680050349,CAMK1
Q14012,ENSG00000134072,EFO_0004842,eosinophil count,gwas_credible_sets:0.24217085366619046,0.1472231202275743,CAMK1
Q14012,ENSG00000134072,MONDO_0016471,pachyonychia congenita,europepmc:0.607930797611621,0.0739159709369403,CAMK1
Q14012,ENSG00000134072,EFO_0000222,acute myeloid leukemia,europepmc:0.5285930044557609,0.0642695933621427,CAMK1
Q14012,ENSG00000134072,MONDO_0014627,dystonia 27,impc:0.3768259048995633,0.0458168145852624,CAMK1
Q14012,ENSG00000134072,EFO_0003108,essential tremor,impc:0.3626003242354514,0.044087180865338,CAMK1
Q14012,ENSG00000134072,EFO_0009040,Cranio-cervical dystonia with laryngeal and upper-limb involvement,impc:0.3398181175949559,0.0413171798544762,CAMK1
Q14012,ENSG00000134072,MONDO_0012098,spinocerebellar ataxia type 20,impc:0.33457471446555564,0.0406796546051451,CAMK1
Q14012,ENSG00000134072,MONDO_0008047,episodic ataxia type 1,impc:0.3291337338269316,0.0400181066652595,CAMK1
Q14012,ENSG00000134072,MONDO_0011694,spinocerebellar ataxia type 15/16,impc:0.29472485068211385,0.0358344627102286,CAMK1
Q14164,ENSG00000263528,EFO_0004587,lymphocyte count,gwas_credible_sets:0.9219162529319361,0.5604612829760289,IKBKE
Q14164,ENSG00000263528,EFO_0004842,eosinophil count,gwas_credible_sets:0.8721525833691719,0.5302084156466566,IKBKE
Q14164,ENSG00000263528,EFO_0000676,psoriasis,gwas_credible_sets:0.7950610155833502; expression_atlas:0.0756783063947613; europepmc:0.024317231904464845,0.4859709514383011,IKBKE
Q14164,ENSG00000263528,MONDO_0007915,systemic lupus erythematosus,gwas_credible_sets:0.7750759964220696,0.4711925687144907,IKBKE
Q14164,ENSG00000263528,EFO_0004536,total blood protein measurement,gwas_credible_sets:0.7082730072523317,0.4305809742256914,IKBKE
Q14164,ENSG00000263528,EFO_0000694,severe acute respiratory syndrome,reactome:0.607930797611621; europepmc:0.012158615952232422,0.3699494345393864,IKBKE
Q14164,ENSG00000263528,EFO_0020092,neuroinflammatory disorder,crispr_screen:0.607930797611621,0.3695798546847018,IKBKE
Q14164,ENSG00000263528,EFO_0005091,monocyte count,gwas_credible_sets:0.5905330997686055,0.3590032583583913,IKBKE
Q14164,ENSG00000263528,OBA_2045223,myeloid leukocyte count,gwas_credible_sets:0.5897158836901037,0.3585064475359667,IKBKE
Q14164,ENSG00000263528,EFO_0007993,lymphocyte percentage of leukocytes,gwas_credible_sets:0.5897158836901037,0.3585064475359667,IKBKE
Q14289,ENSG00000120899,EFO_0005091,monocyte count,gwas_credible_sets:0.7983861194640353,0.4853635104078179,PTK2B
Q14289,ENSG00000120899,EFO_0009268,family history of Alzheimers disease,gwas_credible_sets:0.7786420272270078,0.4733604686660444,PTK2B
Q14289,ENSG00000120899,MONDO_0004975,Alzheimer disease,gwas_credible_sets:0.744428005680286; europepmc:0.6828320243104381,0.4733164421163348,PTK2B
Q14289,ENSG00000120899,EFO_0004842,eosinophil count,gwas_credible_sets:0.7487910853796232,0.4552131617793058,PTK2B
Q14289,ENSG00000120899,EFO_0004340,body mass index,gwas_credible_sets:0.7244919302945972,0.4404409570471774,PTK2B
Q14289,ENSG00000120899,OBA_2045223,myeloid leukocyte count,gwas_credible_sets:0.6837601843064889,0.4156788742205128,PTK2B
Q14289,ENSG00000120899,EFO_1001857,Takayasu arteritis,gwas_credible_sets:0.6730735128931618; europepmc:0.01823792392834863,0.4097364873264226,PTK2B
Q14289,ENSG00000120899,EFO_0004587,lymphocyte count,gwas_credible_sets:0.5509747282843969,0.3349545060297796,PTK2B
Q14289,ENSG00000120899,EFO_0004833,neutrophil count,gwas_credible_sets:0.5505457775329144,0.3346937336572947,PTK2B
Q14289,ENSG00000120899,HP_0012219,Erythema nodosum,gwas_credible_sets:0.5375773800666098,0.3268098454418597,PTK2B
Q14680,ENSG00000165304,EFO_0004725,metabolite measurement,gwas_credible_sets:0.7290131614880727,0.4431895527328136,MELK
Q14680,ENSG00000165304,EFO_0005772,neurodegenerative disease,crispr_screen:0.607930797611621,0.3695798546847018,MELK
Q14680,ENSG00000165304,EFO_0030082,polygenic risk score,gwas_credible_sets:0.5584314602582228,0.3394876830462036,MELK
Q14680,ENSG00000165304,MONDO_0004975,Alzheimer disease,gwas_credible_sets:0.5584314602582228,0.3394876830462036,MELK
Q14680,ENSG00000165304,EFO_0004593,gestational diabetes,gwas_credible_sets:0.5495832215886063,0.3341085662543257,MELK
Q14680,ENSG00000165304,EFO_0004528,mean corpuscular hemoglobin concentration,gwas_credible_sets:0.5470173712270419,0.3325487067974678,MELK
Q14680,ENSG00000165304,EFO_0004735,serum alanine aminotransferase measurement,gwas_credible_sets:0.5453722203508161,0.3315485689130924,MELK
Q14680,ENSG00000165304,EFO_0009578,placental retention,gwas_credible_sets:0.5274462423859698,0.320650814830955,MELK
Q14680,ENSG00000165304,OBA_2045295,brain connectivity attribute,gwas_credible_sets:0.4847655593374008,0.2947039131426296,MELK
Q14680,ENSG00000165304,EFO_0004736,aspartate aminotransferase measurement,gwas_credible_sets:0.46686202048021475,0.2838198004851099,MELK
Q15131,ENSG00000185324,MONDO_0044324,Al Kaissi syndrome,eva:0.9201085618362898; genomics_england:0.7599134970145264; uniprot_literature:0.607930797611621; europepmc:0.08893183220728; gene2phenotype:0.006079307976116211,0.7167441017116459,CDK10
Q15131,ENSG00000185324,EFO_0005772,neurodegenerative disease,crispr_screen:0.865457038266544,0.5261379875719714,CDK10
Q15131,ENSG00000185324,EFO_0000508,genetic disorder,eva:0.7422382890532068,0.4512295150820009,CDK10
Q15131,ENSG00000185324,HP_0001249,Intellectual disability,genomics_england:0.607930797611621; europepmc:0.03343619386863916,0.3705961992850847,CDK10
Q15131,ENSG00000185324,HP_0001263,Global developmental delay,eva:0.5592963338026914,0.3400134663099256,CDK10
Q15131,ENSG00000185324,HP_0012443,Abnormal brain morphology,eva:0.547137717850459,0.3326218692162316,CDK10
Q15131,ENSG00000185324,OBA_0002313,strand of hair color,gwas_credible_sets:0.4804873501990882,0.292103058048826,CDK10
Q15131,ENSG00000185324,EFO_0000756,melanoma,gwas_credible_sets:0.41742251683180365; europepmc:0.14076965019069948,0.2580429138846057,CDK10
Q15131,ENSG00000185324,EFO_0004509,hemoglobin measurement,gwas_credible_sets:0.36860769962349954,0.2240879728378989,CDK10
Q15131,ENSG00000185324,EFO_0003924,hair color,gwas_credible_sets:0.33677281507218443,0.204734566080744,CDK10
Q15139,ENSG00000184304,MONDO_0044303,congenital heart defects and ectodermal dysplasia,eva:0.8053855924241824; genomics_england:0.793687430215172; uniprot_variants:0.7599134970145264; uniprot_literature:0.607930797611621; europepmc:0.030987583711592354,0.684825446456122,PRKD1
Q15139,ENSG00000184304,EFO_0000222,acute myeloid leukemia,chembl:0.821713878702987; cancer_gene_census:0.3039653988058105; europepmc:0.03647584785669727,0.5462354286636131,PRKD1
Q15139,ENSG00000184304,MONDO_0005090,schizophrenia,gwas_credible_sets:0.7873071369902509; europepmc:0.06079307976116211,0.4804761550292285,PRKD1
Q15139,ENSG00000184304,EFO_0007359,mast-cell leukemia,chembl:0.7734230702947845,0.4701877040155372,PRKD1
Q15139,ENSG00000184304,EFO_0004340,body mass index,gwas_credible_sets:0.7694289229188025,0.4677595388154781,PRKD1
Q15139,ENSG00000184304,EFO_0004612,high density lipoprotein cholesterol measurement,gwas_credible_sets:0.7528493052670213,0.457680278632335,PRKD1
Q15139,ENSG00000184304,MONDO_0005148,type 2 diabetes mellitus,gwas_credible_sets:0.7385492984530531; europepmc:0.07896852191308955,0.4513872339097095,PRKD1
Q15139,ENSG00000184304,EFO_0004337,intelligence,gwas_credible_sets:0.7320775676524117,0.4450524996165061,PRKD1
Q15139,ENSG00000184304,EFO_0004784,self reported educational attainment,gwas_credible_sets:0.729219164048462,0.443314788033661,PRKD1
Q15139,ENSG00000184304,EFO_0005772,neurodegenerative disease,crispr_screen:0.7215165649339134; europepmc:0.012158615952232422,0.4390017206649556,PRKD1
Q15208,ENSG00000112079,OBA_0003277,platelet volume,gwas_credible_sets:0.8843395786225845; gene_burden:0.541889011740086,0.6199750201725835,STK38
Q15208,ENSG00000112079,EFO_0004309,platelet count,gwas_credible_sets:0.8199925098542283; gene_burden:0.1613405509125001,0.5230196730020698,STK38
Q15208,ENSG00000112079,EFO_0000729,ulcerative colitis,gwas_credible_sets:0.6112396115570122; europepmc:0.03951550184475537,0.3727925191133971,STK38
Q15208,ENSG00000112079,OBA_0003460,erythrocyte volume,gwas_credible_sets:0.5550672538813055,0.3374424783801542,STK38
Q15208,ENSG00000112079,HP_0001873,Thrombocytopenia,gwas_credible_sets:0.545013631505095,0.3313305717100985,STK38
Q15208,ENSG00000112079,EFO_0005091,monocyte count,gwas_credible_sets:0.5268316431883187,0.3202771810505155,STK38
Q15208,ENSG00000112079,EFO_0005140,autoimmune disease,gwas_credible_sets:0.4278176015950415; europepmc:0.06813891023230254,0.2621546828722598,STK38
Q15208,ENSG00000112079,EFO_0004305,erythrocyte count,gwas_credible_sets:0.43120868342823576,0.2621450388535843,STK38
Q15208,ENSG00000112079,EFO_0004612,high density lipoprotein cholesterol measurement,gwas_credible_sets:0.42788033734730635,0.2601216347658774,STK38
Q15208,ENSG00000112079,EFO_0004527,mean corpuscular hemoglobin,gwas_credible_sets:0.4187719767614199,0.2545843818499652,STK38
Q15303,ENSG00000178568,MONDO_0004976,amyotrophic lateral sclerosis,uniprot_variants:0.7599134970145264; genomics_england:0.7599134970145264; eva:0.6169964481355412; uniprot_literature:0.607930797611621; orphanet:0.607930797611621; clingen:0.006079307976116211,0.657129912769505,ERBB4
Q15303,ENSG00000178568,EFO_0003060,non-small cell lung carcinoma,chembl:0.941838384432523; cancer_gene_census:0.4559480982087158; europepmc:0.7464034796185927,0.6519523755272331,ERBB4
Q15303,ENSG00000178568,MONDO_0004992,cancer,reactome:0.9471757543886921; chembl:0.18235534457027394; europepmc:0.43040936027461546,0.6093468161553827,ERBB4
Q15303,ENSG00000178568,EFO_0000616,neoplasm,chembl:0.8550555408413931; cancer_gene_census:0.4559480982087158; europepmc:0.9369392332568105,0.6017684689301576,ERBB4
Q15303,ENSG00000178568,EFO_0004340,body mass index,gwas_credible_sets:0.9664579618795028,0.5875395596235078,ERBB4
Q15303,ENSG00000178568,EFO_0004338,body weight,gwas_credible_sets:0.9160710192408198,0.5569077853959623,ERBB4
Q15303,ENSG00000178568,EFO_0000660,polycystic ovary syndrome,gwas_credible_sets:0.8902054279631655; europepmc:0.34239505538968157,0.5515909208159079,ERBB4
Q15303,ENSG00000178568,EFO_0004531,urate measurement,gwas_credible_sets:0.9051454176400954,0.5502657757004471,ERBB4
Q15303,ENSG00000178568,OBA_0004528,fat pad mass,gwas_credible_sets:0.8811618355890978,0.5356854175346003,ERBB4
Q15303,ENSG00000178568,EFO_0000305,breast carcinoma,gwas_credible_sets:0.6643304850609555; chembl:0.6231290675519116; cancer_gene_census:0.4559480982087158; europepmc:0.2307355399719379; expression_atlas:0.08964677598322328,0.5315595034463723,ERBB4
Q15349,ENSG00000071242,EFO_0004725,metabolite measurement,gwas_credible_sets:0.5640920984160266,0.3429289593164681,RPS6KA2
Q15349,ENSG00000071242,EFO_0003756,autism spectrum disorder,eva:0.547137717850459,0.3326218692162316,RPS6KA2
Q15349,ENSG00000071242,EFO_0005116,urinary metabolite measurement,gwas_credible_sets:0.5412302614147914,0.3290305445134402,RPS6KA2
Q15349,ENSG00000071242,EFO_0004527,mean corpuscular hemoglobin,gwas_credible_sets:0.49395657038053986,0.3002914118169424,RPS6KA2
Q15349,ENSG00000071242,EFO_0010125,viral load,gwas_credible_sets:0.48106191967328377,0.2924523565275569,RPS6KA2
Q15349,ENSG00000071242,EFO_0700124,aortic malformation,gwas_credible_sets:0.48106191967328377,0.2924523565275569,RPS6KA2
Q15349,ENSG00000071242,EFO_0001663,prostate carcinoma,gwas_credible_sets:0.4604905223758818,0.2799463705605619,RPS6KA2
Q15349,ENSG00000071242,EFO_0004784,self reported educational attainment,gwas_credible_sets:0.4604905223758818,0.2799463705605619,RPS6KA2
Q15349,ENSG00000071242,MONDO_0002041,fungal infectious disease,gwas_credible_sets:0.4542571223828064,0.2761568947309393,RPS6KA2
Q15349,ENSG00000071242,MONDO_0001198,acquired thrombocytopenia,gwas_credible_sets:0.4542571223828064,0.2761568947309393,RPS6KA2
Q15375,ENSG00000135333,MONDO_0015277,medullary thyroid gland carcinoma,chembl:0.7935602610177124,0.4824297224333841,EPHA7
Q15375,ENSG00000135333,MONDO_0002108,thyroid cancer,chembl:0.7757534716856291; europepmc:0.012158615952232422,0.4719740066465133,EPHA7
Q15375,ENSG00000135333,EFO_0005670,smoking initiation,gwas_credible_sets:0.7742438679839351,0.4706866922093803,EPHA7
Q15375,ENSG00000135333,EFO_0000616,neoplasm,chembl:0.6488816916174039; cancer_gene_census:0.3039653988058105; europepmc:0.8457623860994914,0.4520985351088312,EPHA7
Q15375,ENSG00000135333,EFO_0003060,non-small cell lung carcinoma,chembl:0.6255738392759311; cancer_gene_census:0.3039653988058105; europepmc:0.6880126443555671,0.4357978421482343,EPHA7
Q15375,ENSG00000135333,EFO_0002892,thyroid carcinoma,chembl:0.6383273374922022; cancer_gene_census:0.3039653988058105,0.4342563292545246,EPHA7
Q15375,ENSG00000135333,EFO_0004875,mathematical ability,gwas_credible_sets:0.7138265714862811,0.4339571569600237,EPHA7
Q15375,ENSG00000135333,EFO_0006527,smoking status measurement,gwas_credible_sets:0.6955641448326474,0.4228548653581565,EPHA7
Q15375,ENSG00000135333,EFO_0003841,thyroid neoplasm,chembl:0.6383273374922022,0.3880588474189368,EPHA7
Q15375,ENSG00000135333,EFO_0004612,high density lipoprotein cholesterol measurement,gwas_credible_sets:0.6291510799661661,0.3824803178620442,EPHA7
Q15418,ENSG00000117676,OBA_0003460,erythrocyte volume,gwas_credible_sets:0.8469036808082038,0.5148588301739491,RPS6KA1
Q15418,ENSG00000117676,EFO_0004587,lymphocyte count,gwas_credible_sets:0.8277319801421451,0.5032037628964607,RPS6KA1
Q15418,ENSG00000117676,EFO_0005772,neurodegenerative disease,crispr_screen:0.8046479113000812; europepmc:0.024317231904464845,0.4899094062225527,RPS6KA1
Q15418,ENSG00000117676,EFO_0004528,mean corpuscular hemoglobin concentration,gwas_credible_sets:0.7788538857192466,0.4734892639682119,RPS6KA1
Q15418,ENSG00000117676,EFO_0004541,HbA1c measurement,gwas_credible_sets:0.7419247553257882,0.4510389082730132,RPS6KA1
Q15418,ENSG00000117676,EFO_0004530,triglyceride measurement,gwas_credible_sets:0.7344749340594264,0.4465099324884899,RPS6KA1
Q15418,ENSG00000117676,EFO_0004527,mean corpuscular hemoglobin,gwas_credible_sets:0.6610644911734866,0.4018814633918182,RPS6KA1
Q15418,ENSG00000117676,EFO_0004612,high density lipoprotein cholesterol measurement,gwas_credible_sets:0.5514839035227768,0.3352640493385719,RPS6KA1
Q15418,ENSG00000117676,EFO_0004833,neutrophil count,gwas_credible_sets:0.5393706572910885,0.3279000338952757,RPS6KA1
Q15418,ENSG00000117676,EFO_0004747,protein measurement,gwas_credible_sets:0.5186100636385003,0.315279029637167,RPS6KA1
Q15569,ENSG00000107140,OBA_0003277,platelet volume,gwas_credible_sets:0.3743355395518576,0.2275701031341373,TESK1
Q15569,ENSG00000107140,EFO_0000304,breast adenocarcinoma,slapenrich:0.7430999427245957,0.2258766704428567,TESK1
Q15569,ENSG00000107140,MONDO_0011962,endometrial cancer,slapenrich:0.607930797611621,0.1847899273423509,TESK1
Q15569,ENSG00000107140,EFO_0000519,glioblastoma multiforme,slapenrich:0.5182943876303743,0.15754356023488,TESK1
Q15569,ENSG00000107140,EFO_0000181,head and neck squamous cell carcinoma,slapenrich:0.3184023932702041,0.0967833104511021,TESK1
Q15569,ENSG00000107140,MONDO_0016103,isolated asymptomatic elevation of creatine phosphokinase,impc:0.5264680707316638,0.0640112308313903,TESK1
Q15569,ENSG00000107140,MONDO_0009846,pentosuria,impc:0.3598950321860797,0.0437582547946686,TESK1
Q15569,ENSG00000107140,EFO_1002049,glomerular disease,europepmc:0.07903100368951074,0.0096090762218022,TESK1
Q15569,ENSG00000107140,MONDO_0004975,Alzheimer disease,expression_atlas:0.06922621333386858,0.0084169494175381,TESK1
Q15569,ENSG00000107140,EFO_0000557,juvenile dermatomyositis,expression_atlas:0.041675485062424036,0.0050671621749701,TESK1
Q15746,ENSG00000065534,MONDO_0013418,"aortic aneurysm, familial thoracic 7",eva:0.9113637986918833; uniprot_variants:0.865457038266544; genomics_england:0.793687430215172; uniprot_literature:0.607930797611621,0.762291251364459,MYLK
Q15746,ENSG00000065534,MONDO_0100354,megacystis-microcolon-intestinal hypoperistalsis syndrome 1,eva:0.7753197028866681; genomics_england:0.6839221473130737; gene2phenotype:0.607930797611621; europepmc:0.04238628616681025,0.6166715869177345,MYLK
Q15746,ENSG00000065534,MONDO_0019625,familial thoracic aortic aneurysm and aortic dissection,eva:0.7889916320526168; orphanet:0.607930797611621; clingen:0.607930797611621; europepmc:0.14161399852071563,0.6141878480405385,MYLK
Q15746,ENSG00000065534,OBA_0003277,platelet volume,gwas_credible_sets:0.8577050989682131,0.5214253449313002,MYLK
Q15746,ENSG00000065534,MONDO_0025986,megacystis-microcolon-intestinal hypoperistalsis syndrome,uniprot_literature:0.607930797611621; orphanet:0.607930797611621; eva:0.5533604616530865,0.4993531368913767,MYLK
Q15746,ENSG00000065534,EFO_0004532,serum gamma-glutamyl transferase measurement,gwas_credible_sets:0.8065555231435579,0.4903299425027215,MYLK
Q15746,ENSG00000065534,Orphanet_285014,Rare disease with thoracic aortic aneurysm and aortic dissection,eva:0.7889912268457032,0.4796520658448798,MYLK
Q15746,ENSG00000065534,EFO_0005772,neurodegenerative disease,crispr_screen:0.7215165649339134,0.4386321408102709,MYLK
Q15746,ENSG00000065534,EFO_0004309,platelet count,gwas_credible_sets:0.7154832926747023,0.4349643287935207,MYLK
Q15746,ENSG00000065534,MONDO_0020754,visceral myopathy 1,eva:0.6960807632653061; europepmc:0.04255515583281348,0.4244624631053799,MYLK
Q15759,ENSG00000185386,EFO_0004142,colorectal neoplasm,chembl:0.8155911723023309,0.4958229919027531,MAPK11
Q15759,ENSG00000185386,EFO_0000616,neoplasm,chembl:0.6723577445054374; europepmc:0.33545676153264276,0.4189437047276786,MAPK11
Q15759,ENSG00000185386,MONDO_0005575,colorectal cancer,chembl:0.6465839827825041; europepmc:0.09898622873152077,0.3960871552251324,MAPK11
Q15759,ENSG00000185386,EFO_1001480,metastatic colorectal cancer,chembl:0.640792246047538,0.3895573412430219,MAPK11
Q15759,ENSG00000185386,EFO_0000182,hepatocellular carcinoma,chembl:0.6083832320558206; europepmc:0.19951428341860863,0.3759194473899102,MAPK11
Q15759,ENSG00000185386,MONDO_0007576,esophageal cancer,chembl:0.5319394479101685; slapenrich:0.6687255548285477; europepmc:0.06079307976116211,0.3750210189063542,MAPK11
Q15759,ENSG00000185386,MONDO_0011719,gastrointestinal stromal tumor,chembl:0.567779124293817; europepmc:0.012158615952232422,0.3455399957538526,MAPK11
Q15759,ENSG00000185386,Orphanet_269,Facioscapulohumeral dystrophy,chembl:0.4770568064591193,0.2900175248567451,MAPK11
Q15759,ENSG00000185386,EFO_0005672,acute coronary syndrome,chembl:0.4665024523339175; europepmc:0.012158615952232422,0.2839707877898204,MAPK11
Q15759,ENSG00000185386,MONDO_0021063,malignant colon neoplasm,chembl:0.4559480982087158,0.2771848910135263,MAPK11
Q15772,ENSG00000072195,MONDO_0014418,"myopathy, centronuclear, 5",eva:0.9066529495844062; genomics_england:0.8982177534711702; gene2phenotype:0.607930797611621; clingen:0.607930797611621; uniprot_variants:0.607930797611621; uniprot_literature:0.607930797611621; europepmc:0.021277577916406734,0.7769610772220936,SPEG
Q15772,ENSG00000072195,HP_0001644,Dilated cardiomyopathy,genomics_england:0.793687430215172; europepmc:0.39862514253066617,0.494623857547363,SPEG
Q15772,ENSG00000072195,EFO_0000407,dilated cardiomyopathy,genomics_england:0.793687430215172; impc:0.33527383488280904,0.492698196997958,SPEG
Q15772,ENSG00000072195,OBA_1001087,heart rate,gwas_credible_sets:0.7735286778427344,0.4702519060963961,SPEG
Q15772,ENSG00000072195,OBA_2050096,serum creatinine amount,gwas_credible_sets:0.7319198652542935,0.4449566274718329,SPEG
Q15772,ENSG00000072195,OBA_0003747,glomerular filtration rate,gwas_credible_sets:0.6896873162937126,0.419282160297055,SPEG
Q15772,ENSG00000072195,EFO_0004980,appendicular lean mass,gwas_credible_sets:0.6656658529141449,0.4046787729049161,SPEG
Q15772,ENSG00000072195,EFO_0006336,diastolic blood pressure,gwas_credible_sets:0.6149691465667687,0.3738586837788736,SPEG
Q15772,ENSG00000072195,MONDO_0015705,autosomal recessive centronuclear myopathy,orphanet:0.607930797611621,0.3695798546847018,SPEG
Q15772,ENSG00000072195,EFO_0005772,neurodegenerative disease,crispr_screen:0.4775499187503838; europepmc:0.09726892761785938,0.2932739418427633,SPEG
Q15831,ENSG00000118046,MONDO_0008280,Peutz-Jeghers syndrome,eva:0.94806523741055; genomics_england:0.9471757543886921; uniprot_variants:0.9471757543886921; clingen:0.607930797611621; orphanet:0.607930797611621; uniprot_literature:0.607930797611621; gene2phenotype:0.607930797611621; europepmc:0.927804523592884; impc:0.4736476994157794,0.8424561767548592,STK11
Q15831,ENSG00000118046,EFO_0000571,lung adenocarcinoma,intogen:0.8917855750715972; cancer_gene_census:0.607930797611621; cancer_biomarkers:0.9513974960387728; slapenrich:0.9066612367713315; eva_somatic:0.19453785523571876; europepmc:0.9537865112251612,0.6918478522092689,STK11
Q15831,ENSG00000118046,EFO_0000389,cutaneous melanoma,eva:0.8704948712016966; eva_somatic:0.7789113344398895; cancer_gene_census:0.4559480982087158; europepmc:0.20019169111032248,0.6799012934745403,STK11
Q15831,ENSG00000118046,MONDO_0015278,familial pancreatic carcinoma,eva:0.8564113730506985; eva_somatic:0.7447152270742359; genomics_england:0.3799567485072632; impc:0.327005976035291; europepmc:0.12673668433542268,0.662589286902696,STK11
Q15831,ENSG00000118046,MONDO_0007963,"melanoma, cutaneous malignant, susceptibility to, 1",eva:0.8704948712016966; eva_somatic:0.7789113344398895,0.6475816885701663,STK11
Q15831,ENSG00000118046,EFO_1000566,Testicular Germ Cell Tumor,eva:0.8541787448338626; eva_somatic:0.547137717850459; uniprot_literature:0.3039653988058105; uniprot_variants:0.3039653988058105,0.6345186175618485,STK11
Q15831,ENSG00000118046,EFO_0003860,pancreatic neoplasm,eva_somatic:0.7447152270742359; eva:0.7346384642956337; gene2phenotype:0.607930797611621; cancer_gene_census:0.4559480982087158; europepmc:0.5960290628334475,0.625674898252805,STK11
Q15831,ENSG00000118046,EFO_0002618,pancreatic carcinoma,eva_somatic:0.7447152270742359; eva:0.7346384642956337; cancer_gene_census:0.4559480982087158; cancer_biomarkers:0.607930797611621; europepmc:0.06642994921234986,0.6070584290563168,STK11
Q15831,ENSG00000118046,MONDO_0015356,hereditary neoplastic syndrome,eva:0.9439440279788439; europepmc:0.046945767148897415,0.5752796347132709,STK11
Q15831,ENSG00000118046,Orphanet_140162,Inherited cancer-predisposing syndrome,eva:0.9439440279788439,0.5738526458299049,STK11
Q15835,ENSG00000185974,MONDO_0019152,Oguchi disease,eva:0.8473781780001309; genomics_england:0.607930797611621; gene2phenotype:0.607930797611621; orphanet:0.607930797611621; clingen:0.607930797611621; europepmc:0.3313163527647877,0.6876076043416155,GRK1
Q15835,ENSG00000185974,HP_0000556,Retinal dystrophy,eva:0.8199559121849299; europepmc:0.09726892761785938,0.5014330905384264,GRK1
Q15835,ENSG00000185974,MONDO_0016293,congenital stationary night blindness,eva:0.42555155832813474; europepmc:0.07202956394742549,0.2608953477924,GRK1
Q15835,ENSG00000185974,EFO_0803370,photoreceptor cell layer thickness measurement,gwas_credible_sets:0.4177461924405995,0.2539607759696314,GRK1
Q15835,ENSG00000185974,EFO_0020092,neuroinflammatory disorder,crispr_screen:0.3584680901799122,0.2179237919813885,GRK1
Q15835,ENSG00000185974,EFO_0000508,genetic disorder,eva:0.3131912130483756,0.1903985839534501,GRK1
Q15835,ENSG00000185974,MONDO_0008170,ovarian cancer,slapenrich:0.607930797611621,0.1847899273423509,GRK1
Q15835,ENSG00000185974,EFO_0000304,breast adenocarcinoma,slapenrich:0.36650615479680426; europepmc:0.024317231904464845,0.1121443492169641,GRK1
Q15835,ENSG00000185974,EFO_0001365,age-related macular degeneration,impc:0.5539943177353813; europepmc:0.012158615952232422,0.0677276213453199,GRK1
Q15835,ENSG00000185974,MONDO_0010722,X-linked retinal dysplasia,impc:0.5456938822061314,0.066348823412271,GRK1
Q16288,ENSG00000140538,EFO_0000616,neoplasm,chembl:0.904863045231376; cancer_gene_census:0.4559480982087158; eva:0.19453785523571876; europepmc:0.9325402444457283,0.6396174518082638,NTRK3
Q16288,ENSG00000140538,EFO_0003060,non-small cell lung carcinoma,chembl:0.890501756141363; cancer_gene_census:0.4559480982087158; europepmc:0.25758189375259216,0.6141394871082679,NTRK3
Q16288,ENSG00000140538,MONDO_0004992,cancer,chembl:0.670461814710275; reactome:0.607930797611621; cancer_biomarkers:0.7599134970145264; europepmc:0.478855021286114,0.5292935010804504,NTRK3
Q16288,ENSG00000140538,EFO_0005772,neurodegenerative disease,crispr_screen:0.784160365915004; europepmc:0.07126299905336225,0.4788813852988644,NTRK3
Q16288,ENSG00000140538,EFO_0003893,ovarian neoplasm,gwas_credible_sets:0.6844573678078172; cancer_gene_census:0.3039653988058105,0.4623001953781447,NTRK3
Q16288,ENSG00000140538,EFO_0009449,keratitis,chembl:0.7599134970145264,0.4619748183558772,NTRK3
Q16288,ENSG00000140538,EFO_0000220,acute lymphoblastic leukemia,cancer_gene_census:0.607930797611621; chembl:0.42555155832813474; europepmc:0.11914973682872951,0.4358659913555358,NTRK3
Q16288,ENSG00000140538,EFO_0000389,cutaneous melanoma,cancer_gene_census:0.607930797611621; chembl:0.12158615952232422; europepmc:0.012158615952232422,0.3882231051321301,NTRK3
Q16288,ENSG00000140538,EFO_0001642,lymphoid neoplasm,cancer_gene_census:0.607930797611621; chembl:0.12158615952232422,0.3880588474189368,NTRK3
Q16288,ENSG00000140538,EFO_0000641,papillary thyroid carcinoma,cancer_gene_census:0.607930797611621; europepmc:0.2795184106814075; expression_atlas:0.03049690051529336,0.3784882473146679,NTRK3
Q16512,ENSG00000123143,EFO_0002618,pancreatic carcinoma,gwas_credible_sets:0.5913777644703707; europepmc:0.06079307976116211,0.3613646553176733,PKN1
Q16512,ENSG00000123143,MONDO_0024647,urolithiasis,gwas_credible_sets:0.5785454963831232,0.3517156250708033,PKN1
Q16512,ENSG00000123143,EFO_0005772,neurodegenerative disease,crispr_screen:0.5657966488294547,0.3439652080088726,PKN1
Q16512,ENSG00000123143,EFO_0004725,metabolite measurement,gwas_credible_sets:0.5124341301413168,0.3115244894602279,PKN1
Q16512,ENSG00000123143,MONDO_0004975,Alzheimer disease,crispr_screen:0.4863770066664902; europepmc:0.08147961384655754,0.2981602599344534,PKN1
Q16512,ENSG00000123143,MONDO_0002561,lysosomal storage disease,crispr_screen:0.4863770066664902,0.2956835616027121,PKN1
Q16512,ENSG00000123143,MONDO_0005180,Parkinson disease,crispr_screen:0.4863770066664902,0.2956835616027121,PKN1
Q16512,ENSG00000123143,MONDO_0005301,multiple sclerosis,crispr_screen:0.4863770066664902,0.2956835616027121,PKN1
Q16512,ENSG00000123143,EFO_0004741,blood urea nitrogen measurement,gwas_credible_sets:0.4659673538273082,0.2832759050732119,PKN1
Q16512,ENSG00000123143,EFO_0020092,neuroinflammatory disorder,crispr_screen:0.41213034533177884,0.2505467295575011,PKN1
Q16513,ENSG00000065243,EFO_0005772,neurodegenerative disease,crispr_screen:0.9190679877429972,0.5587297348479079,PKN2
Q16513,ENSG00000065243,EFO_0004532,serum gamma-glutamyl transferase measurement,gwas_credible_sets:0.9137237452211088,0.5554808052289463,PKN2
Q16513,ENSG00000065243,EFO_0004735,serum alanine aminotransferase measurement,gwas_credible_sets:0.8350518673833016,0.5076537477854042,PKN2
Q16513,ENSG00000065243,EFO_0004736,aspartate aminotransferase measurement,gwas_credible_sets:0.8324322878035779,0.5060612246820956,PKN2
Q16513,ENSG00000065243,EFO_0004305,erythrocyte count,gwas_credible_sets:0.8101719178956435,0.4925284602488353,PKN2
Q16513,ENSG00000065243,EFO_0004309,platelet count,gwas_credible_sets:0.8096173306858406,0.4921913096040347,PKN2
Q16513,ENSG00000065243,EFO_0010934,aspartate aminotransferase to alanine aminotransferase ratio,gwas_credible_sets:0.7787408738477368,0.4734205605710254,PKN2
Q16513,ENSG00000065243,OBA_0003747,glomerular filtration rate,gwas_credible_sets:0.7787235371426446,0.4734100210540707,PKN2
Q16513,ENSG00000065243,EFO_0005763,pulse pressure measurement,gwas_credible_sets:0.7726165741499261,0.4696974101709227,PKN2
Q16513,ENSG00000065243,EFO_0006335,systolic blood pressure,gwas_credible_sets:0.7685210651357259,0.4672076241092944,PKN2
Q16539,ENSG00000112062,EFO_0005772,neurodegenerative disease,crispr_screen:0.7588443534952534; europepmc:0.09693205599395653,0.4642712521891713,MAPK14
Q16539,ENSG00000112062,EFO_0020092,neuroinflammatory disorder,crispr_screen:0.7533300793740172; europepmc:0.026070099037578353,0.4587649968237585,MAPK14
Q16539,ENSG00000112062,OBA_0003277,platelet volume,gwas_credible_sets:0.6755840494832343,0.4107083500560314,MAPK14
Q16539,ENSG00000112062,EFO_0004340,body mass index,gwas_credible_sets:0.6707583466313845,0.4077746566722697,MAPK14
Q16539,ENSG00000112062,MONDO_0004975,Alzheimer disease,crispr_screen:0.4982527354200186; chembl:0.17309140765330877; europepmc:0.4988384004188937; expression_atlas:0.024445247830562178,0.3361349388977714,MAPK14
Q16539,ENSG00000112062,EFO_0000729,ulcerative colitis,gwas_credible_sets:0.5436834903836749; europepmc:0.15281953330946746; expression_atlas:0.05586474998564576,0.335921831929705,MAPK14
Q16539,ENSG00000112062,EFO_0003898,ankylosing spondylitis,gwas_credible_sets:0.5068056778397575; chembl:0.12158615952232422; europepmc:0.07202291255037678,0.3275547715124141,MAPK14
Q16539,ENSG00000112062,HP_0001094,Iridocyclitis,gwas_credible_sets:0.5167501753996188,0.3141483462966353,MAPK14
Q16539,ENSG00000112062,MONDO_0005180,Parkinson disease,crispr_screen:0.4982527354200186; europepmc:0.3556048505692245,0.3137123398781194,MAPK14
Q16539,ENSG00000112062,EFO_0000706,spondyloarthropathy,gwas_credible_sets:0.5068056778397575; europepmc:0.06383273374922022,0.3100430742003167,MAPK14
Q16566,ENSG00000152495,HP_0001249,Intellectual disability,genomics_england:0.7599134970145264; eva:0.42555155832813474; europepmc:0.09684675345285132,0.5279596512384265,CAMK4
Q16566,ENSG00000152495,EFO_0004587,lymphocyte count,gwas_credible_sets:0.8246552287253403,0.5013333109535899,CAMK4
Q16566,ENSG00000152495,EFO_0004705,hypothyroidism,gwas_credible_sets:0.7844779257341479; europepmc:0.0787776991905059,0.4793028605754152,CAMK4
Q16566,ENSG00000152495,EFO_0004842,eosinophil count,gwas_credible_sets:0.7794681177293155,0.4738626745240117,CAMK4
Q16566,ENSG00000152495,HP_0000717,Autism,genomics_england:0.7599134970145264; europepmc:0.12369703034736457,0.4657347800719403,CAMK4
Q16566,ENSG00000152495,HP_0001332,Dystonia,genomics_england:0.7599134970145264; europepmc:0.024317231904464845,0.4627139780652466,CAMK4
Q16566,ENSG00000152495,HP_0001251,Ataxia,genomics_england:0.7599134970145264; europepmc:0.02262853524443256,0.4626626475298738,CAMK4
Q16566,ENSG00000152495,HP_0001263,Global developmental delay,genomics_england:0.7599134970145264; europepmc:0.012158615952232422,0.4623443982105619,CAMK4
Q16566,ENSG00000152495,EFO_0003758,autism,genomics_england:0.7599134970145264,0.4619748183558772,CAMK4
Q16566,ENSG00000152495,HP_0000708,Atypical behavior,genomics_england:0.7599134970145264,0.4619748183558772,CAMK4
Q16584,ENSG00000173327,EFO_0005772,neurodegenerative disease,crispr_screen:0.8622411147637602; europepmc:0.15293343562250342,0.5288315759068397,MAP3K11
Q16584,ENSG00000173327,EFO_0004531,urate measurement,gwas_credible_sets:0.7083259293232027,0.4306131471824473,MAP3K11
Q16584,ENSG00000173327,OBA_2050096,serum creatinine amount,gwas_credible_sets:0.6514467201378604,0.396034524174884,MAP3K11
Q16584,ENSG00000173327,OBA_0003747,glomerular filtration rate,gwas_credible_sets:0.6452865566703688,0.3922895710846738,MAP3K11
Q16584,ENSG00000173327,EFO_0006336,diastolic blood pressure,gwas_credible_sets:0.581591291323894,0.3535672576185075,MAP3K11
Q16584,ENSG00000173327,EFO_0006335,systolic blood pressure,gwas_credible_sets:0.4996282003521233,0.3037393703493251,MAP3K11
Q16584,ENSG00000173327,MONDO_0005180,Parkinson disease,crispr_screen:0.4804851094654109; chembl:0.06079307976116211; europepmc:0.069034472787896,0.3022738184739239,MAP3K11
Q16584,ENSG00000173327,MONDO_0004975,Alzheimer disease,crispr_screen:0.4804851094654109; europepmc:0.0469457671488974,0.2935286847211802,MAP3K11
Q16584,ENSG00000173327,MONDO_0002561,lysosomal storage disease,crispr_screen:0.4804851094654109,0.2921016958378143,MAP3K11
Q16584,ENSG00000173327,MONDO_0005301,multiple sclerosis,crispr_screen:0.4804851094654109,0.2921016958378143,MAP3K11
Q16620,ENSG00000148053,MONDO_0013483,"obesity, hyperphagia, and developmental delay",genomics_england:0.865457038266544; eva:0.8302852775311627; uniprot_variants:0.8274613634158176; uniprot_literature:0.607930797611621; europepmc:0.030396539880581056,0.7314668078135576,NTRK2
Q16620,ENSG00000148053,EFO_0000616,neoplasm,chembl:0.904863045231376; cancer_gene_census:0.4559480982087158; eva:0.19453785523571876; europepmc:0.9487914540661796,0.6397409469435977,NTRK2
Q16620,ENSG00000148053,EFO_0003060,non-small cell lung carcinoma,chembl:0.890501756141363; cancer_gene_census:0.4559480982087158; europepmc:0.581699984404814; expression_atlas:0.04693934149259543,0.6188748825968036,NTRK2
Q16620,ENSG00000148053,EFO_0004340,body mass index,gwas_credible_sets:0.8743316041702386,0.5315331095002613,NTRK2
Q16620,ENSG00000148053,EFO_0004338,body weight,gwas_credible_sets:0.8615436252361656,0.5237589032670297,NTRK2
Q16620,ENSG00000148053,EFO_0008111,diet measurement,gwas_credible_sets:0.8521972083595728,0.518076928600432,NTRK2
Q16620,ENSG00000148053,MONDO_0004992,cancer,chembl:0.670461814710275; reactome:0.607930797611621; europepmc:0.6238270862866861,0.5084169871925278,NTRK2
Q16620,ENSG00000148053,EFO_0005772,neurodegenerative disease,crispr_screen:0.8140720832925661; europepmc:0.12843379020187917,0.4988034337352893,NTRK2
Q16620,ENSG00000148053,MONDO_0100062,developmental and epileptic encephalopathy,eva:0.7792839185378997; europepmc:0.16566114234916676,0.478786219682734,NTRK2
Q16620,ENSG00000148053,EFO_0009449,keratitis,chembl:0.7599134970145264,0.4619748183558772,NTRK2
Q16644,ENSG00000114738,MONDO_0014920,patterned macular dystrophy 3,eva:0.6173874989078019; uniprot_variants:0.607930797611621; orphanet:0.607930797611621; uniprot_literature:0.607930797611621; europepmc:0.01823792392834863,0.5319757066988576,MAPKAPK3
Q16644,ENSG00000114738,EFO_0004842,eosinophil count,gwas_credible_sets:0.86892482220213,0.5282461602258769,MAPKAPK3
Q16644,ENSG00000114738,EFO_0004574,total cholesterol measurement,gwas_credible_sets:0.7336994942962175,0.4460385187747425,MAPKAPK3
Q16644,ENSG00000114738,EFO_0004612,high density lipoprotein cholesterol measurement,gwas_credible_sets:0.729356208107683,0.4433981013378912,MAPKAPK3
Q16644,ENSG00000114738,EFO_0004980,appendicular lean mass,gwas_credible_sets:0.6251285608213342,0.3800349045899184,MAPKAPK3
Q16644,ENSG00000114738,MONDO_0020381,patterned macular dystrophy,gene2phenotype:0.607930797611621,0.3695798546847018,MAPKAPK3
Q16644,ENSG00000114738,OBA_VT0001253,body height,gwas_credible_sets:0.596276869016168,0.3624950725783591,MAPKAPK3
Q16644,ENSG00000114738,OBA_0003747,glomerular filtration rate,gwas_credible_sets:0.5857970750222059,0.3561240830568042,MAPKAPK3
Q16644,ENSG00000114738,EFO_0004531,urate measurement,gwas_credible_sets:0.5443080503326893,0.3309016271851782,MAPKAPK3
Q16644,ENSG00000114738,EFO_0010700,reticulocyte measurement,gwas_credible_sets:0.5291928585235299,0.3217126365725833,MAPKAPK3
Q16659,ENSG00000069956,EFO_0007800,body fat percentage,gwas_credible_sets:0.7972828764919557,0.4846928150278422,MAPK6
Q16659,ENSG00000069956,EFO_0004616,"osteoarthritis, knee",gwas_credible_sets:0.7486871813672276,0.4551499953301751,MAPK6
Q16659,ENSG00000069956,EFO_0004340,body mass index,gwas_credible_sets:0.7307869115666111,0.4442678700328231,MAPK6
Q16659,ENSG00000069956,EFO_0004458,C-reactive protein measurement,gwas_credible_sets:0.7262192034366369,0.4414910195861108,MAPK6
Q16659,ENSG00000069956,OBA_0004528,fat pad mass,gwas_credible_sets:0.7122955441951667,0.4330263983177714,MAPK6
Q16659,ENSG00000069956,EFO_0004338,body weight,gwas_credible_sets:0.5394726972594536,0.3279620671346322,MAPK6
Q16659,ENSG00000069956,OBA_1000840,alcohol consumption quality,gwas_credible_sets:0.5008523938164613,0.3044835952585311,MAPK6
Q16659,ENSG00000069956,EFO_0005772,neurodegenerative disease,crispr_screen:0.4717027411969479,0.2867626236914486,MAPK6
Q16659,ENSG00000069956,EFO_0020092,neuroinflammatory disorder,crispr_screen:0.3984347405231056,0.2422207496023908,MAPK6
Q16659,ENSG00000069956,EFO_0001421,liver disease,gwas_credible_sets:0.327846191109318,0.1993077964550196,MAPK6
Q16671,ENSG00000135409,MONDO_0009857,persistent Mullerian duct syndrome,uniprot_variants:0.9190679877429972; eva:0.9112624981838076; uniprot_literature:0.607930797611621; genomics_england:0.607930797611621; impc:0.4981688921028429; europepmc:0.25585716581547246,0.764675986380699,AMHR2
Q16671,ENSG00000135409,Orphanet_2856,Persistent Müllerian duct syndrome,uniprot_variants:0.9190679877429972; eva:0.7789113344398895; orphanet:0.607930797611621; uniprot_literature:0.607930797611621; impc:0.6265425652065677; europepmc:0.13993870098193165,0.7447937354728397,AMHR2
Q16671,ENSG00000135409,EFO_0010646,genetic non-acquired premature ovarian failure,eva:0.7274060863089048,0.4422125622373202,AMHR2
Q16671,ENSG00000135409,EFO_0005772,neurodegenerative disease,crispr_screen:0.5784110820673173,0.351633910468585,AMHR2
Q16671,ENSG00000135409,HP_0000037,Male pseudohermaphroditism,eva:0.547137717850459,0.3326218692162316,AMHR2
Q16671,ENSG00000135409,OBA_0003460,erythrocyte volume,gwas_credible_sets:0.5131095130632464,0.3119350755386498,AMHR2
Q16671,ENSG00000135409,OBA_2045267,cerebral cortex area attribute,gwas_credible_sets:0.4536810467871179,0.2758066806345677,AMHR2
Q16671,ENSG00000135409,OBA_2050096,serum creatinine amount,gwas_credible_sets:0.36348687009299124,0.2209748628569838,AMHR2
Q16671,ENSG00000135409,EFO_0004346,neuroimaging measurement,gwas_credible_sets:0.3460315090550299,0.2103632112985771,AMHR2
Q16671,ENSG00000135409,EFO_0000508,genetic disorder,eva:0.31457187710067125,0.1912379321519959,AMHR2
Q16816,ENSG00000164776,EFO_0009767,glycine measurement,gwas_credible_sets:0.5039754451539773,0.3063821943491292,PHKG1
Q16816,ENSG00000164776,EFO_0005772,neurodegenerative disease,crispr_screen:0.4260133362291777,0.2589866272869917,PHKG1
Q16816,ENSG00000164776,EFO_0022223,metabolite ratio,gwas_credible_sets:0.40413418198924905,0.2456856155988442,PHKG1
Q16816,ENSG00000164776,EFO_0004570,bilirubin measurement,gwas_credible_sets:0.3857625362285638,0.2345169263381126,PHKG1
Q16816,ENSG00000164776,OBA_2045260,red blood cell density,gwas_credible_sets:0.30691150838805875,0.1865809580905383,PHKG1
Q16816,ENSG00000164776,EFO_0004517,arterial stiffness measurement,gwas_credible_sets:0.2937906947986833,0.1786044114198358,PHKG1
Q16816,ENSG00000164776,EFO_0004255,nephrotic syndrome,gwas_credible_sets:0.2937906947986833,0.1786044114198358,PHKG1
Q16816,ENSG00000164776,EFO_0005423,adolescent idiopathic scoliosis,gwas_credible_sets:0.288804219383319,0.1755729794433027,PHKG1
Q16816,ENSG00000164776,EFO_0009804,pulse wave reflection index measurement,gwas_credible_sets:0.25160407747638075,0.1529578675025522,PHKG1
Q16816,ENSG00000164776,OBA_2043733,level of inactive C-alpha-formylglycine-generating enzyme 2 in blood serum,gwas_credible_sets:0.25160407747638075,0.1529578675025522,PHKG1
Q16832,ENSG00000162733,MONDO_0010077,spondyloepimetaphyseal dysplasia-short limb-abnormal calcification syndrome,uniprot_variants:0.8897742701710087; eva:0.844959595813368; genomics_england:0.7599134970145264; uniprot_literature:0.607930797611621; orphanet:0.607930797611621; clingen:0.607930797611621; gene2phenotype:0.607930797611621; europepmc:0.024317231904464845,0.7764076430659042,DDR2
Q16832,ENSG00000162733,Orphanet_93358,Spondyloepimetaphyseal dysplasia - short limb - abnormal calcification,uniprot_variants:0.8897742701710087; genomics_england:0.865457038266544; eva:0.844959595813368; uniprot_literature:0.607930797611621; gene2phenotype:0.607930797611621,0.7674128316500246,DDR2
Q16832,ENSG00000162733,EFO_0010166,Warburg-Cinotti syndrome,eva:0.6594223899776457; genomics_england:0.607930797611621; uniprot_variants:0.607930797611621; uniprot_literature:0.607930797611621; gene2phenotype:0.607930797611621; clingen:0.3039653988058105; europepmc:0.0667035180712751,0.5775230749015455,DDR2
Q16832,ENSG00000162733,OBA_VT0001253,body height,gene_burden:0.918249712238921,0.5582322799680488,DDR2
Q16832,ENSG00000162733,EFO_0004142,colorectal neoplasm,chembl:0.8155911723023309,0.4958229919027531,DDR2
Q16832,ENSG00000162733,EFO_0000182,hepatocellular carcinoma,chembl:0.6083832320558206; cancer_gene_census:0.4559480982087158; intogen:0.19983946192999924; europepmc:0.8500789795117994,0.4591097204473596,DDR2
Q16832,ENSG00000162733,EFO_0004229,Dupuytren Contracture,gwas_credible_sets:0.7211132993465186,0.4383869832400767,DDR2
Q16832,ENSG00000162733,EFO_0000616,neoplasm,chembl:0.6723577445054374; europepmc:0.9462869578088507,0.4375108291490515,DDR2
Q16832,ENSG00000162733,MONDO_0005575,colorectal cancer,chembl:0.6465839827825041; expression_atlas:0.17183934607120985; europepmc:0.14868541578460082,0.4003103144320206,DDR2
Q16832,ENSG00000162733,MONDO_0011719,gastrointestinal stromal tumor,chembl:0.567779124293817; cancer_gene_census:0.3039653988058105; europepmc:0.012158615952232422,0.3915321554479488,DDR2
Q2M2I8,ENSG00000115977,EFO_0004531,urate measurement,gwas_credible_sets:0.8504862631495258,0.5170367923142183,AAK1
Q2M2I8,ENSG00000115977,EFO_0004274,gout,gwas_credible_sets:0.8274593817758304,0.5030380419541994,AAK1
Q2M2I8,ENSG00000115977,EFO_0004509,hemoglobin measurement,gwas_credible_sets:0.8121602667467598,0.4937372387518246,AAK1
Q2M2I8,ENSG00000115977,EFO_0004348,hematocrit,gwas_credible_sets:0.7791030044275268,0.4736407109032367,AAK1
Q2M2I8,ENSG00000115977,EFO_0004541,HbA1c measurement,gwas_credible_sets:0.7423900358803849,0.4513217666516824,AAK1
Q2M2I8,ENSG00000115977,EFO_0004612,high density lipoprotein cholesterol measurement,gwas_credible_sets:0.6851397189015794,0.416517535787239,AAK1
Q2M2I8,ENSG00000115977,OBA_1000110,bone tissue density,gwas_credible_sets:0.6342899843279173,0.3856044160895334,AAK1
Q2M2I8,ENSG00000115977,OBA_0003277,platelet volume,gwas_credible_sets:0.5826560079909249,0.354214531671126,AAK1
Q2M2I8,ENSG00000115977,EFO_0007010,drug use measurement,gwas_credible_sets:0.5476147788520938,0.3329118892914648,AAK1
Q2M2I8,ENSG00000115977,EFO_0000537,hypertension,gwas_credible_sets:0.5349663399672658,0.3252225137516695,AAK1
Q32MK0,ENSG00000140795,HP_0001644,Dilated cardiomyopathy,genomics_england:0.6839221473130737; europepmc:0.5626606674856607,0.4328802739387517,MYLK3
Q32MK0,ENSG00000140795,EFO_0000407,dilated cardiomyopathy,genomics_england:0.6839221473130737; impc:0.5504947961497033,0.4325104735455062,MYLK3
Q32MK0,ENSG00000140795,EFO_0004305,erythrocyte count,gwas_credible_sets:0.5245514311079051,0.3188909699017461,MYLK3
Q32MK0,ENSG00000140795,EFO_0004612,high density lipoprotein cholesterol measurement,gwas_credible_sets:0.27099351427764595,0.1647453032823855,MYLK3
Q32MK0,ENSG00000140795,EFO_0000538,hypertrophic cardiomyopathy,impc:0.6502089655325438; europepmc:0.024317231904464845,0.0797955707154546,MYLK3
Q32MK0,ENSG00000140795,MONDO_0018901,left ventricular noncompaction,impc:0.5875034894630444,0.0714322929897758,MYLK3
Q32MK0,ENSG00000140795,EFO_0000713,subarachnoid hemorrhage,europepmc:0.5674020777708464,0.0689882395411443,MYLK3
Q32MK0,ENSG00000140795,Orphanet_247,Arrhythmogenic right ventricular dysplasia,impc:0.5379322946172909,0.0654051217855478,MYLK3
Q32MK0,ENSG00000140795,MONDO_0012808,dilated cardiomyopathy 1AA,impc:0.5203178374958263,0.0632634475920783,MYLK3
Q32MK0,ENSG00000140795,MONDO_0018054,familial atrial fibrillation,impc:0.5134887482026558,0.0624331248518866,MYLK3
Q38SD2,ENSG00000154237,MONDO_0014080,osteosclerotic metaphyseal dysplasia,eva:0.8425537668450137; genomics_england:0.7599134970145264; orphanet:0.607930797611621; uniprot_variants:0.607930797611621; uniprot_literature:0.607930797611621; impc:0.4294727119727296; europepmc:0.15587999015541149,0.708491742613648,LRRK1
Q38SD2,ENSG00000154237,EFO_0005213,central corneal thickness,gwas_credible_sets:0.7456350425668629,0.4532945061548479,LRRK1
Q38SD2,ENSG00000154237,EFO_0004229,Dupuytren Contracture,gwas_credible_sets:0.6963926671418028,0.4233585495864003,LRRK1
Q38SD2,ENSG00000154237,OBA_VT0001253,body height,gwas_credible_sets:0.6711611523660724,0.4080195346838411,LRRK1
Q38SD2,ENSG00000154237,EFO_0007825,balding measurement,gwas_credible_sets:0.6525012725652338,0.3966756190731804,LRRK1
Q38SD2,ENSG00000154237,EFO_0005091,monocyte count,gwas_credible_sets:0.6145618689608384,0.373611087179051,LRRK1
Q38SD2,ENSG00000154237,EFO_0005772,neurodegenerative disease,crispr_screen:0.5847748814108048; europepmc:0.01823792392834863,0.3560570298613387,LRRK1
Q38SD2,ENSG00000154237,MONDO_0005148,type 2 diabetes mellitus,gwas_credible_sets:0.5788937263628469,0.351927324800129,LRRK1
Q38SD2,ENSG00000154237,EFO_0009432,fibroblastic disorder,gwas_credible_sets:0.5779556756346348,0.3513570548727269,LRRK1
Q38SD2,ENSG00000154237,EFO_1001866,ventral hernia,gwas_credible_sets:0.5779556756346348,0.3513570548727269,LRRK1
Q496M5,ENSG00000185988,EFO_0004695,intraocular pressure measurement,gwas_credible_sets:0.5251635963679016,0.3192631240165258,PLK5
Q496M5,ENSG00000185988,EFO_0009188,Red cell distribution width,gwas_credible_sets:0.35169283809901425,0.2138049075798284,PLK5
Q496M5,ENSG00000185988,EFO_0004612,high density lipoprotein cholesterol measurement,gwas_credible_sets:0.23379134050930037,0.142128956110509,PLK5
Q496M5,ENSG00000185988,EFO_0004541,HbA1c measurement,gwas_credible_sets:0.2308565155125509,0.1403447856093846,PLK5
Q496M5,ENSG00000185988,HP_0000016,Urinary retention,gwas_credible_sets:0.18893382532472597,0.1148586911254753,PLK5
Q496M5,ENSG00000185988,GO_0009314,response to radiation,gwas_credible_sets:0.18893382532472597,0.1148586911254753,PLK5
Q496M5,ENSG00000185988,EFO_0006318,breast ductal adenocarcinoma,eva_somatic:0.18237923928348632,0.1108739564054105,PLK5
Q496M5,ENSG00000185988,EFO_0000616,neoplasm,europepmc:0.6596091201955686,0.0801993397104783,PLK5
Q496M5,ENSG00000185988,EFO_0003060,non-small cell lung carcinoma,europepmc:0.6335145520111102,0.0770266013805366,PLK5
Q496M5,ENSG00000185988,MONDO_0007763,nonpapillary renal cell carcinoma,europepmc:0.28572747487746186,0.0347405063403619,PLK5
Q504Y2,ENSG00000162878,MONDO_0032935,rhizomelic limb shortening with dysmorphic features,eva:0.8609462805407577; uniprot_literature:0.607930797611621; uniprot_variants:0.607930797611621; genomics_england:0.607930797611621; europepmc:0.03343619386863916,0.6801165070532321,PKDCC
Q504Y2,ENSG00000162878,EFO_0004346,neuroimaging measurement,gwas_credible_sets:0.923124637005658,0.5611958968697879,PKDCC
Q504Y2,ENSG00000162878,OBA_1000110,bone tissue density,gwas_credible_sets:0.914842307547142,0.55616081371599,PKDCC
Q504Y2,ENSG00000162878,OBA_2045295,brain connectivity attribute,gwas_credible_sets:0.873427236754756,0.530983316696033,PKDCC
Q504Y2,ENSG00000162878,EFO_0009270,heel bone mineral density,gwas_credible_sets:0.8403197565266812,0.5108562598340686,PKDCC
Q504Y2,ENSG00000162878,EFO_0007785,femoral neck bone mineral density,gwas_credible_sets:0.8229349735939706,0.5002875148794809,PKDCC
Q504Y2,ENSG00000162878,OBA_2045210,brain attribute,gwas_credible_sets:0.8156076810964289,0.4958330281071167,PKDCC
Q504Y2,ENSG00000162878,EFO_0004514,bone quantitative ultrasound measurement,gwas_credible_sets:0.8132884486677041,0.4944230952868753,PKDCC
Q504Y2,ENSG00000162878,EFO_0004348,hematocrit,gwas_credible_sets:0.7919203729619433,0.4814327839796466,PKDCC
Q504Y2,ENSG00000162878,OBA_2050096,serum creatinine amount,gwas_credible_sets:0.7914004731561807,0.4811167208760512,PKDCC
Q56UN5,ENSG00000176601,EFO_0005091,monocyte count,gwas_credible_sets:0.8773233462196754,0.5333518816306236,MAP3K19
Q56UN5,ENSG00000176601,EFO_0007989,monocyte percentage of leukocytes,gwas_credible_sets:0.7007960727528619,0.4260355154717389,MAP3K19
Q56UN5,ENSG00000176601,EFO_0004338,body weight,gwas_credible_sets:0.6665804225447489,0.4052347679499206,MAP3K19
Q56UN5,ENSG00000176601,EFO_0004587,lymphocyte count,gwas_credible_sets:0.6590540805626697,0.4006592728656573,MAP3K19
Q56UN5,ENSG00000176601,EFO_0006335,systolic blood pressure,gwas_credible_sets:0.6437288953851298,0.3913426208171297,MAP3K19
Q56UN5,ENSG00000176601,EFO_0004305,erythrocyte count,gwas_credible_sets:0.6431389006886913,0.3909839448707372,MAP3K19
Q56UN5,ENSG00000176601,EFO_0004833,neutrophil count,gwas_credible_sets:0.6193838406569764,0.3765425122783448,MAP3K19
Q56UN5,ENSG00000176601,EFO_0004509,hemoglobin measurement,gwas_credible_sets:0.5628912858838204,0.3421989483959819,MAP3K19
Q56UN5,ENSG00000176601,OBA_2045206,level of serum globulin type protein,gwas_credible_sets:0.5613287601652,0.3412490408895723,MAP3K19
Q56UN5,ENSG00000176601,EFO_0007997,granulocyte percentage of myeloid white cells,gwas_credible_sets:0.5609858231650907,0.3410405589255654,MAP3K19
Q58A45,ENSG00000152520,EFO_0005091,monocyte count,gwas_credible_sets:0.8638186664765227,0.5251419709028793,PAN3
Q58A45,ENSG00000152520,OBA_0003460,erythrocyte volume,gwas_credible_sets:0.8318465208563779,0.5057051189146698,PAN3
Q58A45,ENSG00000152520,EFO_0004528,mean corpuscular hemoglobin concentration,gwas_credible_sets:0.7957986837361064,0.4837905285419693,PAN3
Q58A45,ENSG00000152520,EFO_0005772,neurodegenerative disease,crispr_screen:0.7599134970145264,0.4619748183558772,PAN3
Q58A45,ENSG00000152520,EFO_0004527,mean corpuscular hemoglobin,gwas_credible_sets:0.7381631130653796,0.4487520900933134,PAN3
Q58A45,ENSG00000152520,EFO_0004833,neutrophil count,gwas_credible_sets:0.7358277241287259,0.4473323352343202,PAN3
Q58A45,ENSG00000152520,EFO_0004705,hypothyroidism,gwas_credible_sets:0.7343730974439333,0.4464480228736071,PAN3
Q58A45,ENSG00000152520,EFO_1001055,myxedema,gwas_credible_sets:0.674424273162796,0.4100032863124964,PAN3
Q58A45,ENSG00000152520,EFO_0007989,monocyte percentage of leukocytes,gwas_credible_sets:0.6479408789887809,0.3939032153688244,PAN3
Q58A45,ENSG00000152520,EFO_0004309,platelet count,gwas_credible_sets:0.6192499596046782,0.3764611218634361,PAN3
Q59H18,ENSG00000116783,EFO_0005304,atrial conduction disease,eva:0.859725787716772; uniprot_variants:0.7599134970145264; genomics_england:0.7599134970145264; uniprot_literature:0.607930797611621; orphanet:0.607930797611621; impc:0.3979818966564478; europepmc:0.08511031166562696,0.7289152888086283,TNNI3K
Q59H18,ENSG00000116783,EFO_0004833,neutrophil count,gwas_credible_sets:0.7728156846676546,0.4698184555867783,TNNI3K
Q59H18,ENSG00000116783,EFO_0004587,lymphocyte count,gwas_credible_sets:0.691832530176609,0.4205863018839317,TNNI3K
Q59H18,ENSG00000116783,EFO_0005091,monocyte count,gwas_credible_sets:0.6425195849236212,0.3906074437437047,TNNI3K
Q59H18,ENSG00000116783,EFO_0005772,neurodegenerative disease,crispr_screen:0.5500809247828502,0.3344111353541762,TNNI3K
Q59H18,ENSG00000116783,EFO_0800214,1-palmitoyl-GPC (16:0) measurement,gwas_credible_sets:0.5254922693051658,0.3194629344174302,TNNI3K
Q59H18,ENSG00000116783,MONDO_0002428,protozoa infectious disease,gwas_credible_sets:0.4743214012366602,0.2883545877780646,TNNI3K
Q59H18,ENSG00000116783,EFO_0007442,placenta praevia,gwas_credible_sets:0.4653976124974972,0.2829295417721476,TNNI3K
Q59H18,ENSG00000116783,Orphanet_247,Arrhythmogenic right ventricular dysplasia,eva:0.4377101742803672; impc:0.46287474350793645,0.2801672859737379,TNNI3K
Q59H18,ENSG00000116783,EFO_0000508,genetic disorder,eva:0.31684502430514894,0.1926198483451026,TNNI3K
Q5JZY3,ENSG00000183317,MONDO_0015277,medullary thyroid gland carcinoma,chembl:0.7935602610177124,0.4824297224333841,EPHA10
Q5JZY3,ENSG00000183317,MONDO_0002108,thyroid cancer,chembl:0.7757534716856291,0.4716044267918286,EPHA10
Q5JZY3,ENSG00000183317,EFO_0000616,neoplasm,chembl:0.6488816916174039; europepmc:0.8859992531564276,0.4214064759732807,EPHA10
Q5JZY3,ENSG00000183317,EFO_0003060,non-small cell lung carcinoma,chembl:0.6255738392759311; europepmc:0.607930797611621,0.3987845958102159,EPHA10
Q5JZY3,ENSG00000183317,EFO_0002892,thyroid carcinoma,chembl:0.6383273374922022; europepmc:0.037995674850726316,0.3892137844648266,EPHA10
Q5JZY3,ENSG00000183317,EFO_0003841,thyroid neoplasm,chembl:0.6383273374922022,0.3880588474189368,EPHA10
Q5JZY3,ENSG00000183317,EFO_0009076,nonsyndromic deafness,eva:0.547137717850459,0.3326218692162316,EPHA10
Q5JZY3,ENSG00000183317,MONDO_0019587,autosomal dominant nonsyndromic hearing loss,eva:0.547137717850459,0.3326218692162316,EPHA10
Q5JZY3,ENSG00000183317,EFO_0004517,arterial stiffness measurement,gwas_credible_sets:0.5287132702774355,0.3214210801076099,EPHA10
Q5JZY3,ENSG00000183317,MONDO_0008903,lung cancer,chembl:0.4852976461600768; europepmc:0.03782680518472309,0.2961771891014901,EPHA10
Q5S007,ENSG00000188906,Orphanet_411602,Hereditary late-onset Parkinson disease,uniprot_variants:0.9818602383993099; eva:0.9131232405957747; genomics_england:0.9066612367713315; orphanet:0.607930797611621; uniprot_literature:0.607930797611621; europepmc:0.0494834907948662,0.8349741052756088,LRRK2
Q5S007,ENSG00000188906,MONDO_0005180,Parkinson disease,gwas_credible_sets:0.9407595070806984; eva:0.8018014740699725; clingen:0.607930797611621; crispr_screen:0.555469799179861; europepmc:0.9967762517090266; gene_burden:0.15198269940290526,0.763360802714582,LRRK2
Q5S007,ENSG00000188906,OBA_0003277,platelet volume,gwas_credible_sets:0.8797819483980874,0.5348465416139554,LRRK2
Q5S007,ENSG00000188906,Orphanet_2828,Young adult-onset Parkinsonism,genomics_england:0.8274613634158176,0.5030392466541774,LRRK2
Q5S007,ENSG00000188906,EFO_0004532,serum gamma-glutamyl transferase measurement,gwas_credible_sets:0.8105042534324085,0.4927304972567756,LRRK2
Q5S007,ENSG00000188906,EFO_0004611,low density lipoprotein cholesterol measurement,gwas_credible_sets:0.7942376156967281,0.4828415072036641,LRRK2
Q5S007,ENSG00000188906,EFO_0004309,platelet count,gwas_credible_sets:0.7564298254433132,0.4598569871189726,LRRK2
Q5S007,ENSG00000188906,EFO_0004574,total cholesterol measurement,gwas_credible_sets:0.7428493653676949,0.4516010071932692,LRRK2
Q5S007,ENSG00000188906,EFO_0009283,potassium measurement,gwas_credible_sets:0.7248619534009161,0.4406659054893366,LRRK2
Q5S007,ENSG00000188906,OBA_2050094,blood sodium bicarbonate amount,gwas_credible_sets:0.7179493476831212,0.4364635195817429,LRRK2
Q5TCX8,ENSG00000143674,EFO_0001663,prostate carcinoma,gwas_credible_sets:0.6132774806864496,0.3728302679909588,MAP3K21
Q5TCX8,ENSG00000143674,EFO_0000400,diabetes mellitus,gwas_credible_sets:0.6015838501177477,0.3657213498323522,MAP3K21
Q5TCX8,ENSG00000143674,EFO_0004612,high density lipoprotein cholesterol measurement,gwas_credible_sets:0.5984919696001416,0.3638417004431641,MAP3K21
Q5TCX8,ENSG00000143674,EFO_0009485,eye injury,gwas_credible_sets:0.5883941365275638,0.3577029167292029,MAP3K21
Q5TCX8,ENSG00000143674,EFO_0009483,breast disease,gwas_credible_sets:0.5777192447387425,0.351213321249607,MAP3K21
Q5TCX8,ENSG00000143674,EFO_0004517,arterial stiffness measurement,gwas_credible_sets:0.5334031975884268,0.3242722313585214,MAP3K21
Q5TCX8,ENSG00000143674,EFO_1001792,femoral neck fracture,gwas_credible_sets:0.3480457968245323,0.2115877588689101,MAP3K21
Q5TCX8,ENSG00000143674,EFO_0005537,triple-negative breast cancer,europepmc:0.7754495062868233,0.0942839273728972,MAP3K21
Q5TCX8,ENSG00000143674,EFO_0004725,metabolite measurement,gwas_credible_sets:0.13992362645018153,0.0850638818325693,MAP3K21
Q5TCX8,ENSG00000143674,EFO_0005091,monocyte count,gwas_credible_sets:0.13303822962655423,0.0808780370497091,MAP3K21
Q5TCY1,ENSG00000146216,EFO_0004305,erythrocyte count,gwas_credible_sets:0.5527390126935989,0.3360270688578795,TTBK1
Q5TCY1,ENSG00000146216,EFO_0004509,hemoglobin measurement,gwas_credible_sets:0.5098474381261806,0.3099519597202906,TTBK1
Q5TCY1,ENSG00000146216,Orphanet_168778,Rare pervasive developmental disorder,eva:0.4377101742803672,0.2660974953729852,TTBK1
Q5TCY1,ENSG00000146216,EFO_0004348,hematocrit,gwas_credible_sets:0.3812644336141699,0.2317823912280052,TTBK1
Q5TCY1,ENSG00000146216,EFO_0004741,blood urea nitrogen measurement,gwas_credible_sets:0.29702005719689806,0.1805676402783595,TTBK1
Q5TCY1,ENSG00000146216,EFO_0005772,neurodegenerative disease,crispr_screen:0.23277193677016286; europepmc:0.1674646630005011,0.1465995754897697,TTBK1
Q5TCY1,ENSG00000146216,HP_0000750,Delayed speech and language development,eva:0.19453785523571876,0.1182655534991045,TTBK1
Q5TCY1,ENSG00000146216,HP_0011342,Mild global developmental delay,eva:0.19453785523571876,0.1182655534991045,TTBK1
Q5TCY1,ENSG00000146216,EFO_0005230,anxiety,eva:0.19453785523571876,0.1182655534991045,TTBK1
Q5TCY1,ENSG00000146216,EFO_0003758,autism,eva:0.19453785523571876,0.1182655534991045,TTBK1
Q5VST9,ENSG00000154358,OBA_2050096,serum creatinine amount,gwas_credible_sets:0.875597470877713; gene_burden:0.6331701087539174,0.6285335711670578,OBSCN
Q5VST9,ENSG00000154358,HP_0000924,Abnormality of the skeletal system,gene_burden:0.9284915204511063,0.5644585906034678,OBSCN
Q5VST9,ENSG00000154358,OBA_0003747,glomerular filtration rate,gwas_credible_sets:0.8948545190979496,0.5440096215415801,OBSCN
Q5VST9,ENSG00000154358,EFO_0000508,genetic disorder,eva:0.607930797611621; europepmc:0.012158615952232422,0.3699494345393864,OBSCN
Q5VST9,ENSG00000154358,MONDO_0020504,hereditary recurrent myoglobinuria,orphanet:0.607930797611621,0.3695798546847018,OBSCN
Q5VST9,ENSG00000154358,EFO_0009676,musculoskeletal system disease,gwas_credible_sets:0.5727565482160277,0.3481963451942486,OBSCN
Q5VST9,ENSG00000154358,HP_0004322,Short stature,eva:0.5522038078305558,0.3357017013386041,OBSCN
Q5VST9,ENSG00000154358,HP_0032016,Abnormal sputum,gwas_credible_sets:0.5335918837889264,0.3243869395108894,OBSCN
Q5VST9,ENSG00000154358,EFO_0004462,PR interval,gwas_credible_sets:0.5016045284218746,0.3049408410491113,OBSCN
Q5VST9,ENSG00000154358,EFO_0000537,hypertension,gwas_credible_sets:0.4932174393093081,0.299842071275269,OBSCN
Q5VT25,ENSG00000143776,EFO_0005772,neurodegenerative disease,crispr_screen:0.8518288608044317,0.5178529987774366,CDC42BPA
Q5VT25,ENSG00000143776,EFO_0006336,diastolic blood pressure,gwas_credible_sets:0.7513121156118837,0.4567457736992069,CDC42BPA
Q5VT25,ENSG00000143776,EFO_0006527,smoking status measurement,gwas_credible_sets:0.709285589093925,0.4311965539122984,CDC42BPA
Q5VT25,ENSG00000143776,OBA_0002313,strand of hair color,gwas_credible_sets:0.7047233278150893,0.4284230147741431,CDC42BPA
Q5VT25,ENSG00000143776,OBA_2045264,optic disc area,gwas_credible_sets:0.6892931433574397,0.4190425304295098,CDC42BPA
Q5VT25,ENSG00000143776,OBA_1001087,heart rate,gwas_credible_sets:0.6857667573542303,0.4168987317738922,CDC42BPA
Q5VT25,ENSG00000143776,EFO_0005670,smoking initiation,gwas_credible_sets:0.6576161505057737,0.3997851108992588,CDC42BPA
Q5VT25,ENSG00000143776,OBA_2045265,optic cup area,gwas_credible_sets:0.6374920027919345,0.3875510217283305,CDC42BPA
Q5VT25,ENSG00000143776,OBA_2050110,retinal layer thickness,gwas_credible_sets:0.6373354788690863,0.3874558660150681,CDC42BPA
Q5VT25,ENSG00000143776,EFO_0006945,diastolic blood pressure change measurement,gwas_credible_sets:0.6363353477452968,0.3868478555032665,CDC42BPA
Q6DT37,ENSG00000171219,EFO_0004761,uric acid measurement,gwas_credible_sets:0.6443463048129415,0.3917179630230322,CDC42BPG
Q6DT37,ENSG00000171219,EFO_0003894,acne,gwas_credible_sets:0.6021925470691964,0.3660913954555502,CDC42BPG
Q6DT37,ENSG00000171219,EFO_0005772,neurodegenerative disease,crispr_screen:0.42881245899545134,0.2606883002229053,CDC42BPG
Q6DT37,ENSG00000171219,EFO_0007993,lymphocyte percentage of leukocytes,gwas_credible_sets:0.3757252967929082,0.2284149793621757,CDC42BPG
Q6DT37,ENSG00000171219,OBA_0003460,erythrocyte volume,gwas_credible_sets:0.25854520266701037,0.1571775912760138,CDC42BPG
Q6DT37,ENSG00000171219,EFO_0004541,HbA1c measurement,gwas_credible_sets:0.1886057651145334,0.1146592532202283,CDC42BPG
Q6DT37,ENSG00000171219,EFO_0004799,cholelithiasis,gwas_credible_sets:0.0640024740984485,0.0389090751277869,CDC42BPG
Q6DT37,ENSG00000171219,EFO_0009519,device complication,gwas_credible_sets:0.03727992280091841,0.0226636132032619,CDC42BPG
Q6DT37,ENSG00000171219,EFO_0009104,hyperuricemia,europepmc:0.12597677083840814,0.0153170317552659,CDC42BPG
Q6DT37,ENSG00000171219,HP_0001997,Gout,europepmc:0.07599134970145263,0.0092394963671175,CDC42BPG
Q6IQ55,ENSG00000128881,MONDO_0011464,spinocerebellar ataxia type 11,eva:0.8637246978084863; genomics_england:0.793687430215172; uniprot_literature:0.607930797611621; orphanet:0.607930797611621; europepmc:0.3910297926414689,0.7117765242277638,TTBK2
Q6IQ55,ENSG00000128881,EFO_0005772,neurodegenerative disease,crispr_screen:0.6366527568946532; europepmc:0.0464137243113958,0.3884516349226416,TTBK2
Q6IQ55,ENSG00000128881,EFO_0004528,mean corpuscular hemoglobin concentration,gwas_credible_sets:0.6011966499891274,0.3654859589493248,TTBK2
Q6IQ55,ENSG00000128881,EFO_0004612,high density lipoprotein cholesterol measurement,gwas_credible_sets:0.5568732327603587,0.3385403885605668,TTBK2
Q6IQ55,ENSG00000128881,EFO_1001216,tooth disease,gwas_credible_sets:0.5377937510727518,0.3269413840402036,TTBK2
Q6IQ55,ENSG00000128881,GO_0009410,response to xenobiotic stimulus,gwas_credible_sets:0.5300778040963637,0.322250622240519,TTBK2
Q6IQ55,ENSG00000128881,EFO_0020944,cholesteryl esters:total lipids ratio,gwas_credible_sets:0.45250205928689535,0.2750899378231833,TTBK2
Q6IQ55,ENSG00000128881,EFO_0004530,triglyceride measurement,gwas_credible_sets:0.39725872765843906,0.2415058151635726,TTBK2
Q6IQ55,ENSG00000128881,EFO_0004529,lipid measurement,gwas_credible_sets:0.39029363958212204,0.237271523613902,TTBK2
Q6IQ55,ENSG00000128881,EFO_0004574,total cholesterol measurement,gwas_credible_sets:0.3872440592023933,0.2354175897812727,TTBK2
Q6J9G0,ENSG00000060140,EFO_0004517,arterial stiffness measurement,gwas_credible_sets:0.42102101323202834,0.2559516403853998,STYK1
Q6J9G0,ENSG00000060140,EFO_0009578,placental retention,gwas_credible_sets:0.23263728820063384,0.1414273721700158,STYK1
Q6J9G0,ENSG00000060140,EFO_0003060,non-small cell lung carcinoma,europepmc:0.8779379627839731; expression_atlas:0.04917081318414407,0.1082397277776689,STYK1
Q6J9G0,ENSG00000060140,EFO_0000616,neoplasm,europepmc:0.828985362217463,0.1007931464922441,STYK1
Q6J9G0,ENSG00000060140,OBA_2050135,growth differentiation factor 15 amount,gwas_credible_sets:0.14694514420658675,0.0893324787226649,STYK1
Q6J9G0,ENSG00000060140,EFO_0005543,glioma,europepmc:0.6808824933250157,0.0827858874493732,STYK1
Q6J9G0,ENSG00000060140,EFO_0000182,hepatocellular carcinoma,europepmc:0.6215045413649605,0.075566350310249,STYK1
Q6J9G0,ENSG00000060140,EFO_1001951,colorectal carcinoma,europepmc:0.6146011494187485,0.0747269933958317,STYK1
Q6J9G0,ENSG00000060140,MONDO_0004986,urinary bladder carcinoma,europepmc:0.6109704515996791,0.074285550791625,STYK1
Q6J9G0,ENSG00000060140,EFO_0003860,pancreatic neoplasm,europepmc:0.607930797611621,0.0739159709369403,STYK1
Q6P0Q8,ENSG00000086015,EFO_0004309,platelet count,gwas_credible_sets:0.8310255543772336,0.5052060281081912,MAST2
Q6P0Q8,ENSG00000086015,EFO_0004348,hematocrit,gwas_credible_sets:0.8286276446718304,0.5037482649483848,MAST2
Q6P0Q8,ENSG00000086015,EFO_0004833,neutrophil count,gwas_credible_sets:0.7743712296371882,0.4707641192808276,MAST2
Q6P0Q8,ENSG00000086015,OBA_0003277,platelet volume,gwas_credible_sets:0.7525279377615635,0.4574849094284156,MAST2
Q6P0Q8,ENSG00000086015,EFO_0005035,hippocampal volume,gwas_credible_sets:0.7328629693063181,0.4455299694704109,MAST2
Q6P0Q8,ENSG00000086015,EFO_0001663,prostate carcinoma,gwas_credible_sets:0.7288683475917996,0.443101515905347,MAST2
Q6P0Q8,ENSG00000086015,OBA_2050034,amygdala volume,gwas_credible_sets:0.7003050987634638,0.4257370372627576,MAST2
Q6P0Q8,ENSG00000086015,EFO_0004305,erythrocyte count,gwas_credible_sets:0.6944261050935973,0.422163015951882,MAST2
Q6P0Q8,ENSG00000086015,EFO_0005091,monocyte count,gwas_credible_sets:0.679529342275827,0.4131068150502437,MAST2
Q6P0Q8,ENSG00000086015,EFO_0004509,hemoglobin measurement,gwas_credible_sets:0.6660475114589748,0.4049107948884898,MAST2
Q6P2M8,ENSG00000130822,MONDO_0010305,creatine transporter deficiency,eva:0.925706555760688,0.5627655247979017,PNCK
Q6P2M8,ENSG00000130822,Orphanet_52503,X-linked creatine transporter deficiency,eva:0.925706555760688,0.5627655247979017,PNCK
Q6P2M8,ENSG00000130822,EFO_0000508,genetic disorder,eva:0.2909418861191733,0.1768725328870584,PNCK
Q6P2M8,ENSG00000130822,MONDO_0000456,cerebral creatine deficiency syndrome,eva:0.2669322810513026,0.1622763545278078,PNCK
Q6P2M8,ENSG00000130822,EFO_0005548,developmental disorder of mental health,eva:0.19453785523571876,0.1182655534991045,PNCK
Q6P2M8,ENSG00000130822,EFO_0000537,hypertension,gwas_credible_sets:0.15812589636171756,0.0961296022982314,PNCK
Q6P2M8,ENSG00000130822,MONDO_0015459,nasopharyngeal carcinoma,europepmc:0.7515290147078747,0.0913755266679268,PNCK
Q6P2M8,ENSG00000130822,EFO_0000616,neoplasm,europepmc:0.7285234362453922,0.088578366735084,PNCK
Q6P2M8,ENSG00000130822,EFO_0000681,renal cell carcinoma,europepmc:0.6447443848003247,0.078391993621455,PNCK
Q6P2M8,ENSG00000130822,MONDO_0007763,nonpapillary renal cell carcinoma,europepmc:0.619858062121429,0.0753661612222948,PNCK
Q6P3W7,ENSG00000136021,MONDO_0032903,"arthrogryposis multiplex congenita 4, neurogenic, with agenesis of the corpus callosum",eva:0.8213692370449861; uniprot_variants:0.607930797611621; uniprot_literature:0.607930797611621; genomics_england:0.3039653988058105,0.6443444178387796,SCYL2
Q6P3W7,ENSG00000136021,EFO_0000508,genetic disorder,eva:0.6820465064723032,0.414637076687927,SCYL2
Q6P3W7,ENSG00000136021,Orphanet_1143,Neurogenic arthrogryposis multiplex congenita,orphanet:0.607930797611621,0.3695798546847018,SCYL2
Q6P3W7,ENSG00000136021,EFO_0007989,monocyte percentage of leukocytes,gwas_credible_sets:0.5879804874596687,0.3574514467214261,SCYL2
Q6P3W7,ENSG00000136021,EFO_0009270,heel bone mineral density,gwas_credible_sets:0.5879804874596687,0.3574514467214261,SCYL2
Q6P3W7,ENSG00000136021,EFO_0004611,low density lipoprotein cholesterol measurement,gwas_credible_sets:0.5670138459827777,0.3447051796451429,SCYL2
Q6P3W7,ENSG00000136021,EFO_0005689,non-high density lipoprotein cholesterol measurement,gwas_credible_sets:0.5466383690279888,0.3323182996883009,SCYL2
Q6P3W7,ENSG00000136021,EFO_0004574,total cholesterol measurement,gwas_credible_sets:0.5450041902169246,0.3313248320602506,SCYL2
Q6P3W7,ENSG00000136021,EFO_0004532,serum gamma-glutamyl transferase measurement,gwas_credible_sets:0.5379365554302875,0.3270281992071827,SCYL2
Q6P3W7,ENSG00000136021,EFO_0005772,neurodegenerative disease,crispr_screen:0.471702908385303,0.2867627253303986,SCYL2
Q6P5Z2,ENSG00000160447,EFO_0004611,low density lipoprotein cholesterol measurement,gwas_credible_sets:0.9451225772459427,0.5745691222258769,PKN3
Q6P5Z2,ENSG00000160447,EFO_0004574,total cholesterol measurement,gwas_credible_sets:0.9267755941119085,0.5634154261354365,PKN3
Q6P5Z2,ENSG00000160447,EFO_0004532,serum gamma-glutamyl transferase measurement,gwas_credible_sets:0.9187217499424456,0.5585192462256552,PKN3
Q6P5Z2,ENSG00000160447,EFO_0004833,neutrophil count,gwas_credible_sets:0.9174798422058044,0.5577642522647589,PKN3
Q6P5Z2,ENSG00000160447,EFO_0004696,sex hormone-binding globulin measurement,gwas_credible_sets:0.910215143544141,0.5533478182129659,PKN3
Q6P5Z2,ENSG00000160447,EFO_0004309,platelet count,gwas_credible_sets:0.903581488714055,0.5493150151410314,PKN3
Q6P5Z2,ENSG00000160447,EFO_0004615,apolipoprotein B measurement,gwas_credible_sets:0.8285785522464993,0.5037184201510966,PKN3
Q6P5Z2,ENSG00000160447,EFO_0020943,cholesterol:total lipids ratio,gwas_credible_sets:0.8016097951332865,0.487323282128667,PKN3
Q6P5Z2,ENSG00000160447,EFO_0004705,hypothyroidism,gwas_credible_sets:0.7703701085509532,0.4683317145475321,PKN3
Q6P5Z2,ENSG00000160447,EFO_0004838,calcium measurement,gwas_credible_sets:0.7506076722443231,0.4563175208808936,PKN3
Q6PHR2,ENSG00000140474,EFO_0005091,monocyte count,gwas_credible_sets:0.5938172040764254,0.360999766509684,ULK3
Q6PHR2,ENSG00000140474,EFO_0004833,neutrophil count,gwas_credible_sets:0.5648487078267911,0.3433889254790346,ULK3
Q6PHR2,ENSG00000140474,EFO_0004736,aspartate aminotransferase measurement,gwas_credible_sets:0.5453476768618459,0.3315336481702666,ULK3
Q6PHR2,ENSG00000140474,MONDO_0004975,Alzheimer disease,crispr_screen:0.47462246124321905; gwas_credible_sets:0.058731915218479064,0.2974638464439879,ULK3
Q6PHR2,ENSG00000140474,EFO_0803065,serine/threonine-protein kinase ULK3 measurement,gwas_credible_sets:0.48856113976794124,0.2970113633811672,ULK3
Q6PHR2,ENSG00000140474,EFO_0005772,neurodegenerative disease,crispr_screen:0.47462246124321905,0.2885376114279808,ULK3
Q6PHR2,ENSG00000140474,MONDO_0002561,lysosomal storage disease,crispr_screen:0.47462246124321905,0.2885376114279808,ULK3
Q6PHR2,ENSG00000140474,MONDO_0005301,multiple sclerosis,crispr_screen:0.47462246124321905,0.2885376114279808,ULK3
Q6PHR2,ENSG00000140474,MONDO_0005180,Parkinson disease,crispr_screen:0.47462246124321905,0.2885376114279808,ULK3
Q6PHR2,ENSG00000140474,EFO_0000537,hypertension,gwas_credible_sets:0.42434511743897974; europepmc:0.024148362238461615,0.2587064923631081,ULK3
Q6SA08,ENSG00000139908,EFO_0000279,azoospermia,impc:0.7971454494095318; europepmc:0.03951550184475537,0.0981229883021274,TSSK4
Q6SA08,ENSG00000139908,MONDO_0018394,male infertility with teratozoospermia due to single gene mutation,impc:0.6986256291319747,0.0849432071900244,TSSK4
Q6SA08,ENSG00000139908,MONDO_0030809,spermatogenic failure 72,impc:0.5283526562042599,0.0642403703412948,TSSK4
Q6SA08,ENSG00000139908,MONDO_0033673,spermatogenic failure 46,impc:0.5258601399340522,0.0639373148604534,TSSK4
Q6SA08,ENSG00000139908,MONDO_0054615,spermatogenic failure 18,impc:0.5258601399340522,0.0639373148604534,TSSK4
Q6SA08,ENSG00000139908,MONDO_0054731,spermatogenic failure 27,impc:0.5258601399340522,0.0639373148604534,TSSK4
Q6SA08,ENSG00000139908,MONDO_0030531,spermatogenic failure 65,impc:0.5232460375043222,0.0636194761854245,TSSK4
Q6SA08,ENSG00000139908,MONDO_0032898,spermatogenic failure 43,impc:0.5228204859459941,0.0635677350057687,TSSK4
Q6SA08,ENSG00000139908,MONDO_0030868,spermatogenic failure 49,impc:0.5228204859459941,0.0635677350057687,TSSK4
Q6SA08,ENSG00000139908,MONDO_0033671,spermatogenic failure 45,impc:0.5228204859459941,0.0635677350057687,TSSK4
Q6VAB6,ENSG00000171435,MONDO_0004992,cancer,reactome:0.9671529481664186; europepmc:0.07105584268995464,0.5901219149473153,KSR2
Q6VAB6,ENSG00000171435,MONDO_0005148,type 2 diabetes mellitus,gwas_credible_sets:0.8694453312941162; eva:0.19453785523571876; europepmc:0.14024512224479724,0.5600236338642731,KSR2
Q6VAB6,ENSG00000171435,EFO_0004340,body mass index,gwas_credible_sets:0.9129087940442225,0.5549853713099673,KSR2
Q6VAB6,ENSG00000171435,EFO_0004541,HbA1c measurement,gwas_credible_sets:0.8686175442838912,0.5280593565159535,KSR2
Q6VAB6,ENSG00000171435,MONDO_0018997,Noonan syndrome,reactome:0.865457038266544,0.5261379875719714,KSR2
Q6VAB6,ENSG00000171435,EFO_0004468,glucose measurement,gwas_credible_sets:0.8408720814876103,0.511192035188107,KSR2
Q6VAB6,ENSG00000171435,EFO_0000538,hypertrophic cardiomyopathy,reactome:0.8274613634158176,0.5030392466541774,KSR2
Q6VAB6,ENSG00000171435,MONDO_0009026,Costello syndrome,reactome:0.8274613634158176,0.5030392466541774,KSR2
Q6VAB6,ENSG00000171435,EFO_0004713,FEV/FVC ratio,gwas_credible_sets:0.743584139089343,0.4520476987679348,KSR2
Q6VAB6,ENSG00000171435,OBA_0004528,fat pad mass,gwas_credible_sets:0.683298340836629,0.4153981053515092,KSR2
Q6XUX3,ENSG00000133059,MONDO_0012561,congenital anomalies of kidney and urinary tract 1,genomics_england:0.904421128957003; eva:0.8342544024598071; uniprot_variants:0.8274613634158176; uniprot_literature:0.607930797611621; gene2phenotype:0.607930797611621; europepmc:0.012158615952232422,0.7704339435399552,DSTYK
Q6XUX3,ENSG00000133059,Orphanet_183539,Genetic renal or urinary tract malformation,uniprot_variants:0.8274613634158176; genomics_england:0.7176960805137194; gene2phenotype:0.607930797611621; uniprot_literature:0.607930797611621,0.6762798035376315,DSTYK
Q6XUX3,ENSG00000133059,MONDO_0010046,hereditary spastic paraplegia 23,eva:0.7796927733523613; genomics_england:0.7634993926773092; gene2phenotype:0.607930797611621; uniprot_literature:0.607930797611621; europepmc:0.012158615952232422,0.6542602502805379,DSTYK
Q6XUX3,ENSG00000133059,Orphanet_101003,Autosomal recessive spastic paraplegia type 23,eva:0.7796927733523613; uniprot_literature:0.607930797611621; orphanet:0.607930797611621; gene2phenotype:0.607930797611621; genomics_england:0.4137306817079088; europepmc:0.012158615952232422,0.6406592318447693,DSTYK
Q6XUX3,ENSG00000133059,OBA_0002313,strand of hair color,gwas_credible_sets:0.8232290181233209,0.5004662736047422,DSTYK
Q6XUX3,ENSG00000133059,EFO_0005772,neurodegenerative disease,crispr_screen:0.8149437673440354,0.4954294144900787,DSTYK
Q6XUX3,ENSG00000133059,EFO_0004530,triglyceride measurement,gwas_credible_sets:0.7969079125860336,0.4844648629214393,DSTYK
Q6XUX3,ENSG00000133059,MONDO_0005180,Parkinson disease,crispr_screen:0.7599134970145264; europepmc:0.07447152270742358,0.4642384949658211,DSTYK
Q6XUX3,ENSG00000133059,MONDO_0004975,Alzheimer disease,crispr_screen:0.7599134970145264,0.4619748183558772,DSTYK
Q6XUX3,ENSG00000133059,MONDO_0002561,lysosomal storage disease,crispr_screen:0.7599134970145264,0.4619748183558772,DSTYK
Q6ZMQ8,ENSG00000181409,EFO_0004995,lean body mass,gwas_credible_sets:0.8698759699558486,0.5288243922384416,AATK
Q6ZMQ8,ENSG00000181409,EFO_0007660,neuroticism measurement,gwas_credible_sets:0.7666456683028564,0.4660675126168497,AATK
Q6ZMQ8,ENSG00000181409,EFO_0009805,whole body water mass,gwas_credible_sets:0.6147241338403634,0.373709732996685,AATK
Q6ZMQ8,ENSG00000181409,EFO_0004833,neutrophil count,gwas_credible_sets:0.6112355353181071,0.371588906514503,AATK
Q6ZMQ8,ENSG00000181409,EFO_0009332,executive function measurement,gwas_credible_sets:0.5670927503704355,0.3447531480524667,AATK
Q6ZMQ8,ENSG00000181409,EFO_0004338,body weight,gwas_credible_sets:0.5134008123137034,0.3121121653243238,AATK
Q6ZMQ8,ENSG00000181409,EFO_0004312,vital capacity,gwas_credible_sets:0.46955454054789614,0.2854566663574407,AATK
Q6ZMQ8,ENSG00000181409,OBA_1000032,hip circumference,gwas_credible_sets:0.4389623649717622,0.2668587406587669,AATK
Q6ZMQ8,ENSG00000181409,EFO_0004627,IGF-1 measurement,gwas_credible_sets:0.4050894744291191,0.2462663672937667,AATK
Q6ZMQ8,ENSG00000181409,EFO_0007006,depressive symptom measurement,gwas_credible_sets:0.3998757286518201,0.2430967706648291,AATK
Q6ZN16,ENSG00000180815,EFO_0004468,glucose measurement,gene_burden:0.886502873697224; gwas_credible_sets:0.5756501263271558,0.6264212592025722,MAP3K15
Q6ZN16,ENSG00000180815,EFO_0004541,HbA1c measurement,gene_burden:0.9071696646639369,0.5514963778082139,MAP3K15
Q6ZN16,ENSG00000180815,EFO_0000400,diabetes mellitus,gwas_credible_sets:0.7757278734505305; gene_burden:0.24621596801138837; europepmc:0.6521341213846261,0.5178194859922203,MAP3K15
Q6ZN16,ENSG00000180815,MONDO_0005148,type 2 diabetes mellitus,gwas_credible_sets:0.7242933694192687; europepmc:0.2716488108227728,0.4485774296875514,MAP3K15
Q6ZN16,ENSG00000180815,EFO_0007629,hemoglobin A1 measurement,gwas_credible_sets:0.7364182113765771,0.4476913106178859,MAP3K15
Q6ZN16,ENSG00000180815,EFO_0005772,neurodegenerative disease,crispr_screen:0.6689310192450687; europepmc:0.015198269940290528,0.4071257428951651,MAP3K15
Q6ZN16,ENSG00000180815,EFO_0004593,gestational diabetes,gwas_credible_sets:0.5864108610517293,0.3564972224872953,MAP3K15
Q6ZN16,ENSG00000180815,EFO_0000537,hypertension,gwas_credible_sets:0.5593210033483991; impc:0.4229982489781659; europepmc:0.01823792392834863,0.353132533400795,MAP3K15
Q6ZN16,ENSG00000180815,OBA_2045295,brain connectivity attribute,gwas_credible_sets:0.48609910413574053,0.2955146160955352,MAP3K15
Q6ZN16,ENSG00000180815,MONDO_0010717,pyruvate dehydrogenase E1-alpha deficiency,eva:0.305033414994632,0.1854392072758832,MAP3K15
Q6ZWH5,ENSG00000163491,MONDO_0032914,"ciliary dyskinesia, primary, 44",eva:0.8357328043841508; uniprot_variants:0.7599134970145264; genomics_england:0.6839221473130737; uniprot_literature:0.607930797611621; clingen:0.607930797611621,0.7076408318891927,NEK10
Q6ZWH5,ENSG00000163491,EFO_0000305,breast carcinoma,gwas_credible_sets:0.8637389171152459; expression_atlas:0.10539306508089352,0.5282970733159373,NEK10
Q6ZWH5,ENSG00000163491,EFO_0006335,systolic blood pressure,gwas_credible_sets:0.8082612846402856,0.4913669274499623,NEK10
Q6ZWH5,ENSG00000163491,EFO_0006336,diastolic blood pressure,gwas_credible_sets:0.7750455834850408,0.4711740797534251,NEK10
Q6ZWH5,ENSG00000163491,EFO_0009283,potassium measurement,gwas_credible_sets:0.7309036778329868,0.444338855842275,NEK10
Q6ZWH5,ENSG00000163491,MONDO_0007254,breast cancer,gwas_credible_sets:0.6816575644044709; europepmc:0.2376364204366501,0.4216239517572861,NEK10
Q6ZWH5,ENSG00000163491,EFO_0004309,platelet count,gwas_credible_sets:0.6863573296601678,0.4172577588668881,NEK10
Q6ZWH5,ENSG00000163491,MONDO_0021116,luminal A breast carcinoma,gwas_credible_sets:0.6861089460736605,0.4171067588350291,NEK10
Q6ZWH5,ENSG00000163491,EFO_0003869,breast neoplasm,gwas_credible_sets:0.6616025759791943,0.4022085817169347,NEK10
Q6ZWH5,ENSG00000163491,OBA_2050095,urine potassium amount,gwas_credible_sets:0.6440547166555624,0.3915406976019426,NEK10
Q76MJ5,ENSG00000134398,EFO_0005772,neurodegenerative disease,crispr_screen:0.8925090441367549; europepmc:0.02787053682451039,0.5434309029617224,ERN2
Q76MJ5,ENSG00000134398,EFO_0001061,cervical carcinoma,gwas_credible_sets:0.5437047392885537,0.3305348558209089,ERN2
Q76MJ5,ENSG00000134398,EFO_0003767,inflammatory bowel disease,impc:0.8943441485275954; europepmc:0.04846559414292646,0.1102130566759349,ERN2
Q76MJ5,ENSG00000134398,EFO_0000616,neoplasm,europepmc:0.6825085222193096,0.0829835900579027,ERN2
Q76MJ5,ENSG00000134398,EFO_1001951,colorectal carcinoma,europepmc:0.6232280917590652,0.0757759101834114,ERN2
Q76MJ5,ENSG00000134398,Orphanet_238569,Autosomal recessive early-onset inflammatory bowel disease,impc:0.586251124908916,0.0712800227933174,ERN2
Q76MJ5,ENSG00000134398,EFO_0003948,gastroesophageal reflux disease,impc:0.5220436854823792,0.0634732868206826,ERN2
Q76MJ5,ENSG00000134398,EFO_0000729,ulcerative colitis,impc:0.4641446096223475; europepmc:0.20448989797906533,0.0626493458860662,ERN2
Q76MJ5,ENSG00000134398,MONDO_0033643,inflammatory bowel disease 30,impc:0.5123505666537941,0.0622947377285214,ERN2
Q76MJ5,ENSG00000134398,MONDO_0013423,immunodeficiency due to MASP-2 deficiency,impc:0.5012727165639823,0.0609478244803371,ERN2
Q7KZI7,ENSG00000072518,EFO_0003756,autism spectrum disorder,eva:0.8763832658431947; gene_burden:0.2146144491110485; gwas_credible_sets:0.04543364628346414; europepmc:0.12402266475828252,0.5694094719624295,MARK2
Q7KZI7,ENSG00000072518,EFO_0005772,neurodegenerative disease,crispr_screen:0.607930797611621; europepmc:0.16328970494304168,0.3745432967130912,MARK2
Q7KZI7,ENSG00000072518,EFO_0010934,aspartate aminotransferase to alanine aminotransferase ratio,gwas_credible_sets:0.507217441319432,0.3083531036638479,MARK2
Q7KZI7,ENSG00000072518,EFO_0004309,platelet count,gwas_credible_sets:0.4945941102758974,0.3006789919540363,MARK2
Q7KZI7,ENSG00000072518,OBA_2050130,insulin-like protein amount,gwas_credible_sets:0.4863636685455622,0.2956754529482177,MARK2
Q7KZI7,ENSG00000072518,EFO_1001180,sialolithiasis,gwas_credible_sets:0.4497234230012021,0.2734007192497492,MARK2
Q7KZI7,ENSG00000072518,EFO_1000044,pancreatic adenocarcinoma,intogen:0.4392888203164935; europepmc:0.06828751553838537,0.2691329071062823,MARK2
Q7KZI7,ENSG00000072518,EFO_0010642,Neurodevelopmental disorder,genomics_england:0.3039653988058105; europepmc:0.04269587098137251,0.1860877340873723,MARK2
Q7KZI7,ENSG00000072518,HP_0001249,Intellectual disability,genomics_england:0.3039653988058105; europepmc:0.01838135975485995,0.1853486570771988,MARK2
Q7KZI7,ENSG00000072518,EFO_0004611,low density lipoprotein cholesterol measurement,gwas_credible_sets:0.2762917108431149,0.1679662401463342,MARK2
Q7L7X3,ENSG00000160551,MONDO_0859199,developmental delay with or without intellectual impairment or behavioral abnormalities,eva:0.9178433550217698; uniprot_variants:0.865457038266544; uniprot_literature:0.607930797611621,0.7305841680922038,TAOK1
Q7L7X3,ENSG00000160551,EFO_0005772,neurodegenerative disease,crispr_screen:0.9132580109217002; europepmc:0.023874793379536387,0.5559233821139334,TAOK1
Q7L7X3,ENSG00000160551,HP_0001249,Intellectual disability,genomics_england:0.7599134970145264; gene2phenotype:0.607930797611621; europepmc:0.06518369107724604,0.5552503858783385,TAOK1
Q7L7X3,ENSG00000160551,EFO_0000508,genetic disorder,eva:0.8613350640842571,0.5236321125195992,TAOK1
Q7L7X3,ENSG00000160551,EFO_0004309,platelet count,gwas_credible_sets:0.853436925551896,0.5188305908619738,TAOK1
Q7L7X3,ENSG00000160551,OBA_0003277,platelet volume,gwas_credible_sets:0.8513037096524664,0.5175337432187558,TAOK1
Q7L7X3,ENSG00000160551,EFO_0010642,Neurodevelopmental disorder,eva:0.8346079583150271; europepmc:0.2742365967722396,0.5157197254419632,TAOK1
Q7L7X3,ENSG00000160551,EFO_0005091,monocyte count,gwas_credible_sets:0.809997671315424,0.4924225303863414,TAOK1
Q7L7X3,ENSG00000160551,MONDO_0002561,lysosomal storage disease,crispr_screen:0.759527302977148,0.461740039106701,TAOK1
Q7L7X3,ENSG00000160551,EFO_0009188,Red cell distribution width,gwas_credible_sets:0.7531698079420527,0.4578751220792035,TAOK1
Q7RTN6,ENSG00000266173,MONDO_0012611,"polyhydramnios, megalencephaly, and symptomatic epilepsy",genomics_england:0.9190679877429972; eva:0.9003410447998517; gene2phenotype:0.607930797611621; orphanet:0.607930797611621; europepmc:0.08077441363942363,0.760122008465599,STRADA
Q7RTN6,ENSG00000266173,MONDO_0007295,childhood epilepsy with centrotemporal spikes,eva:0.7447152270742359,0.4527353219887597,STRADA
Q7RTN6,ENSG00000266173,Orphanet_1945,Rolandic epilepsy,eva:0.7447152270742359,0.4527353219887597,STRADA
Q7RTN6,ENSG00000266173,EFO_0005772,neurodegenerative disease,crispr_screen:0.679282300016811,0.4129566304526764,STRADA
Q7RTN6,ENSG00000266173,EFO_0000304,breast adenocarcinoma,slapenrich:0.9067628608047468,0.2756245346068125,STRADA
Q7RTN6,ENSG00000266173,MONDO_0004975,Alzheimer disease,crispr_screen:0.4514766889834071; europepmc:0.030396539880581056,0.2753905332734482,STRADA
Q7RTN6,ENSG00000266173,MONDO_0002561,lysosomal storage disease,crispr_screen:0.4514766889834071,0.2744665836367364,STRADA
Q7RTN6,ENSG00000266173,MONDO_0005180,Parkinson disease,crispr_screen:0.4514766889834071,0.2744665836367364,STRADA
Q7RTN6,ENSG00000266173,MONDO_0005301,multiple sclerosis,crispr_screen:0.4514766889834071,0.2744665836367364,STRADA
Q7RTN6,ENSG00000266173,OBA_2045223,myeloid leukocyte count,gwas_credible_sets:0.3891032556573427,0.2365478525650468,STRADA
Q7Z2Y5,ENSG00000123572,OBA_VT0001253,body height,gene_burden:0.9268499910550239; gwas_credible_sets:0.8361374151967546,0.690539075761775,NRK
Q7Z2Y5,ENSG00000123572,EFO_0005772,neurodegenerative disease,crispr_screen:0.8645087086772669,0.5255614688083634,NRK
Q7Z2Y5,ENSG00000123572,EFO_0011011,sitting height measurement,gene_burden:0.8339683443330881,0.5069950407532573,NRK
Q7Z2Y5,ENSG00000123572,EFO_0004995,lean body mass,gene_burden:0.6077330836250171,0.3694596582631266,NRK
Q7Z2Y5,ENSG00000123572,OBA_2050096,serum creatinine amount,gwas_credible_sets:0.5716535697860917,0.3475258106375892,NRK
Q7Z2Y5,ENSG00000123572,EFO_0004324,body weights and measures,gene_burden:0.5706174335421463,0.3468959115043732,NRK
Q7Z2Y5,ENSG00000123572,EFO_0009805,whole body water mass,gene_burden:0.4323297062011142,0.2628265431220412,NRK
Q7Z2Y5,ENSG00000123572,EFO_0000708,squamous cell lung carcinoma,intogen:0.40601940565850236,0.2468317011277696,NRK
Q7Z2Y5,ENSG00000123572,EFO_0004302,anthropometric measurement,gene_burden:0.3846102775791818,0.2338164328183389,NRK
Q7Z2Y5,ENSG00000123572,EFO_0007777,base metabolic rate measurement,gene_burden:0.29429832132650807,0.1789130132197852,NRK
Q7Z695,ENSG00000133597,EFO_0005772,neurodegenerative disease,crispr_screen:0.6417456114905596,0.3901369214572134,ADCK2
Q7Z695,ENSG00000133597,EFO_0009188,Red cell distribution width,gwas_credible_sets:0.4202140405999018,0.2554610568695004,ADCK2
Q7Z695,ENSG00000133597,EFO_0003060,non-small cell lung carcinoma,europepmc:0.6264861965120557,0.0761720506276489,ADCK2
Q7Z695,ENSG00000133597,EFO_0000756,melanoma,europepmc:0.607930797611621,0.0739159709369403,ADCK2
Q7Z695,ENSG00000133597,EFO_0003888,attention deficit hyperactivity disorder,impc:0.547760846918011,0.0666001377134567,ADCK2
Q7Z695,ENSG00000133597,MONDO_0859261,attention deficit-hyperactivity disorder 8,impc:0.4059761866450406,0.0493610853916887,ADCK2
Q7Z695,ENSG00000133597,MONDO_0012574,Potocki-Lupski syndrome,impc:0.3977083277975225,0.0483558281869463,ADCK2
Q7Z695,ENSG00000133597,EFO_0004895,Tourette syndrome,impc:0.3916898129011675,0.0476240600746706,ADCK2
Q7Z695,ENSG00000133597,EFO_0003758,autism,impc:0.3880422281154977,0.047180564249049,ADCK2
Q7Z695,ENSG00000133597,MONDO_0013498,schizophrenia 15,impc:0.3039653988058105,0.0369579854684701,ADCK2
Q7Z7A4,ENSG00000168297,EFO_0005772,neurodegenerative disease,crispr_screen:0.8274613634158176,0.5030392466541774,PXK
Q7Z7A4,ENSG00000168297,EFO_0004736,aspartate aminotransferase measurement,gwas_credible_sets:0.7810171580908503,0.4748043838665322,PXK
Q7Z7A4,ENSG00000168297,MONDO_0004975,Alzheimer disease,crispr_screen:0.7599134970145264; expression_atlas:0.020255008301260435,0.462590500523488,PXK
Q7Z7A4,ENSG00000168297,MONDO_0005301,multiple sclerosis,crispr_screen:0.7599134970145264,0.4619748183558772,PXK
Q7Z7A4,ENSG00000168297,MONDO_0005180,Parkinson disease,crispr_screen:0.7599134970145264,0.4619748183558772,PXK
Q7Z7A4,ENSG00000168297,MONDO_0002561,lysosomal storage disease,crispr_screen:0.7599134970145264,0.4619748183558772,PXK
Q7Z7A4,ENSG00000168297,EFO_0004309,platelet count,gwas_credible_sets:0.7443010525370095,0.4524835325319932,PXK
Q7Z7A4,ENSG00000168297,EFO_0004611,low density lipoprotein cholesterol measurement,gwas_credible_sets:0.7330266165374728,0.4456294556621737,PXK
Q7Z7A4,ENSG00000168297,OBA_0003277,platelet volume,gwas_credible_sets:0.7056263668034731,0.4289719999866257,PXK
Q7Z7A4,ENSG00000168297,EFO_0004536,total blood protein measurement,gwas_credible_sets:0.6131957182581217,0.3727805620926908,PXK
Q86SG6,ENSG00000160602,MONDO_0017417,renal-hepatic-pancreatic dysplasia,eva:0.9194567532466207; genomics_england:0.8897742701710087; uniprot_literature:0.607930797611621; orphanet:0.607930797611621; clingen:0.607930797611621; gene2phenotype:0.607930797611621; uniprot_variants:0.607930797611621; impc:0.3272491483543356,0.7915729919142827,NEK8
Q86SG6,ENSG00000160602,MONDO_0019005,nephronophthisis,eva:0.9015937186260953; genomics_england:0.865457038266544; uniprot_variants:0.8274613634158176; gene2phenotype:0.607930797611621; uniprot_literature:0.607930797611621; impc:0.6509724222213759,0.775614860022763,NEK8
Q86SG6,ENSG00000160602,HP_0000090,Nephronophthisis,genomics_england:0.7599134970145264; gene2phenotype:0.607930797611621; impc:0.2682190679062472; europepmc:0.13026587363326703,0.5589832151358378,NEK8
Q86SG6,ENSG00000160602,EFO_0000508,genetic disorder,eva:0.682001067995928; europepmc:0.012158615952232422,0.4149790330934266,NEK8
Q86SG6,ENSG00000160602,EFO_1001496,Autosomal dominant polycystic kidney disease,clingen:0.607930797611621; impc:0.3397877210550753; europepmc:0.056374313927633986,0.3806698186238138,NEK8
Q86SG6,ENSG00000160602,EFO_0008620,Polycystic Kidney Disease,genomics_england:0.607930797611621; europepmc:0.07291847510597024,0.3717963240212915,NEK8
Q86SG6,ENSG00000160602,MONDO_0019741,familial cystic renal disease,eva:0.607930797611621,0.3695798546847018,NEK8
Q86SG6,ENSG00000160602,Orphanet_93591,Infantile nephronophthisis,orphanet:0.607930797611621,0.3695798546847018,NEK8
Q86SG6,ENSG00000160602,HP_0002619,Varicose veins,gwas_credible_sets:0.5702413303684517,0.3466672668020047,NEK8
Q86SG6,ENSG00000160602,EFO_0020092,neuroinflammatory disorder,crispr_screen:0.5594554123756329,0.3401101750736569,NEK8
Q86TB3,ENSG00000198796,EFO_0004842,eosinophil count,gwas_credible_sets:0.9228486287462481,0.5610281029484974,ALPK2
Q86TB3,ENSG00000198796,EFO_0007991,eosinophil percentage of leukocytes,gwas_credible_sets:0.7809839953883516,0.4747842232383512,ALPK2
Q86TB3,ENSG00000198796,OBA_0003277,platelet volume,gwas_credible_sets:0.6447655436642407,0.3919728312322923,ALPK2
Q86TB3,ENSG00000198796,EFO_0004530,triglyceride measurement,gwas_credible_sets:0.6179119458125468,0.3756477020715704,ALPK2
Q86TB3,ENSG00000198796,EFO_0004612,high density lipoprotein cholesterol measurement,gwas_credible_sets:0.6095539474302841,0.3705666174486047,ALPK2
Q86TB3,ENSG00000198796,EFO_0004309,platelet count,gwas_credible_sets:0.6004361881003266,0.3650236507467129,ALPK2
Q86TB3,ENSG00000198796,EFO_0004614,apolipoprotein A 1 measurement,gwas_credible_sets:0.5960693885922298,0.3623689388387455,ALPK2
Q86TB3,ENSG00000198796,EFO_0004346,neuroimaging measurement,gwas_credible_sets:0.5454827677415834,0.3316157740765355,ALPK2
Q86TB3,ENSG00000198796,EFO_0007486,sinusitis,gwas_credible_sets:0.5421502198945928,0.3295898156058355,ALPK2
Q86TB3,ENSG00000198796,MONDO_0000833,bone remodeling disease,gwas_credible_sets:0.5413302529596727,0.3290913324530744,ALPK2
Q86TW2,ENSG00000063761,OBA_1001087,heart rate,gwas_credible_sets:0.8715571626458237,0.529846441051397,ADCK1
Q86TW2,ENSG00000063761,EFO_0800214,1-palmitoyl-GPC (16:0) measurement,gwas_credible_sets:0.656987611607325,0.399403002745395,ADCK1
Q86TW2,ENSG00000063761,EFO_0800390,1-palmitoyl-2-arachidonoyl-GPC (16:0/20:4n6) measurement,gwas_credible_sets:0.6538801422875741,0.3975138764432852,ADCK1
Q86TW2,ENSG00000063761,MONDO_0000620,breast benign neoplasm,gwas_credible_sets:0.6169350031481367,0.3750537885383747,ADCK1
Q86TW2,ENSG00000063761,EFO_0004725,metabolite measurement,gwas_credible_sets:0.5408699825771281,0.3288115199122971,ADCK1
Q86TW2,ENSG00000063761,EFO_0004698,insomnia,gwas_credible_sets:0.5305322927819919,0.3225269199096784,ADCK1
Q86TW2,ENSG00000063761,EFO_0022117,"Sphingomyelin (d18:2/24:1, d18:1/24:2) measurement",gwas_credible_sets:0.5212623039950777,0.3168914082325988,ADCK1
Q86TW2,ENSG00000063761,EFO_0009676,musculoskeletal system disease,gwas_credible_sets:0.5154570766685421,0.3133622317536613,ADCK1
Q86TW2,ENSG00000063761,EFO_0006335,systolic blood pressure,gwas_credible_sets:0.5032810285923145,0.3059600371349228,ADCK1
Q86TW2,ENSG00000063761,EFO_0009003,ovarian dysfunction,gwas_credible_sets:0.49716001511628277,0.3022388845302474,ADCK1
Q86UE8,ENSG00000146872,MONDO_0054837,"intellectual disability, autosomal dominant 57",uniprot_variants:0.9513974960387728; eva:0.9347354901834237; genomics_england:0.8464592008411808; uniprot_literature:0.607930797611621; europepmc:0.023388448741447087,0.8008364640350688,TLK2
Q86UE8,ENSG00000146872,EFO_0000508,genetic disorder,eva:0.8468723487742643,0.5148397824655655,TLK2
Q86UE8,ENSG00000146872,EFO_0010642,Neurodevelopmental disorder,eva:0.7173583411817129; europepmc:0.10357671825214596,0.4392526023749992,TLK2
Q86UE8,ENSG00000146872,EFO_0005772,neurodegenerative disease,crispr_screen:0.6481485899725947,0.394029489272887,TLK2
Q86UE8,ENSG00000146872,HP_0001249,Intellectual disability,eva:0.607930797611621; europepmc:0.05190433386852853,0.3711575668391115,TLK2
Q86UE8,ENSG00000146872,EFO_0020092,neuroinflammatory disorder,crispr_screen:0.607930797611621,0.3695798546847018,TLK2
Q86UE8,ENSG00000146872,OBA_0003747,glomerular filtration rate,gwas_credible_sets:0.5940463192099069,0.3611390526555263,TLK2
Q86UE8,ENSG00000146872,EFO_0004875,mathematical ability,gwas_credible_sets:0.5647854478073496,0.3433504677649586,TLK2
Q86UE8,ENSG00000146872,OBA_1000110,bone tissue density,gwas_credible_sets:0.5227582377007791,0.31780083240348,TLK2
Q86UE8,ENSG00000146872,OBA_2050135,growth differentiation factor 15 amount,gwas_credible_sets:0.509278608567705,0.3096061507131015,TLK2
Q86UX6,ENSG00000165752,EFO_0005772,neurodegenerative disease,crispr_screen:0.6613693869614661,0.4020668189313929,STK32C
Q86UX6,ENSG00000165752,EFO_0005670,smoking initiation,gwas_credible_sets:0.5853143369509917,0.3558306117161335,STK32C
Q86UX6,ENSG00000165752,EFO_0008579,risk-taking behaviour,gwas_credible_sets:0.5815275762449067,0.3535285232597189,STK32C
Q86UX6,ENSG00000165752,EFO_0003888,attention deficit hyperactivity disorder,gwas_credible_sets:0.578973570133842,0.3519758642875144,STK32C
Q86UX6,ENSG00000165752,EFO_0006527,smoking status measurement,gwas_credible_sets:0.5399145177201498,0.3282306633997043,STK32C
Q86UX6,ENSG00000165752,EFO_0020092,neuroinflammatory disorder,crispr_screen:0.4657701935443719,0.2831560452651491,STK32C
Q86UX6,ENSG00000165752,MONDO_0002491,substance abuse,gwas_credible_sets:0.46516026881613826,0.282785253238631,STK32C
Q86UX6,ENSG00000165752,OBA_1000278,social inhibition quality,gwas_credible_sets:0.46516026881613826,0.282785253238631,STK32C
Q86UX6,ENSG00000165752,EFO_0005423,adolescent idiopathic scoliosis,gwas_credible_sets:0.4649694838823195,0.2826692692016423,STK32C
Q86UX6,ENSG00000165752,EFO_0021340,X-12847 measurement,gwas_credible_sets:0.2845389104577631,0.1729799667861295,STK32C
Q86V86,ENSG00000198355,MONDO_0005148,type 2 diabetes mellitus,gwas_credible_sets:0.7875854245540544; europepmc:0.037995674850726316,0.4799523723823232,PIM3
Q86V86,ENSG00000198355,EFO_0005772,neurodegenerative disease,crispr_screen:0.607930797611621,0.3695798546847018,PIM3
Q86V86,ENSG00000198355,EFO_0000400,diabetes mellitus,gwas_credible_sets:0.5322725786401512; europepmc:0.21277577916406737,0.3300525407364837,PIM3
Q86V86,ENSG00000198355,EFO_0009924,Drugs used in diabetes use measurement,gwas_credible_sets:0.5056774554148503,0.3074168988045649,PIM3
Q86V86,ENSG00000198355,EFO_0004344,birth weight,gwas_credible_sets:0.49384298426128154,0.3002223593168641,PIM3
Q86V86,ENSG00000198355,EFO_0009718,peak expiratory flow,gwas_credible_sets:0.49236132654058995,0.2993216139569367,PIM3
Q86V86,ENSG00000198355,EFO_0004696,sex hormone-binding globulin measurement,gwas_credible_sets:0.4523395389824198,0.2749911367248554,PIM3
Q86V86,ENSG00000198355,MONDO_0001039,tonsillitis,gwas_credible_sets:0.43095612220151125,0.2619914991055759,PIM3
Q86V86,ENSG00000198355,EFO_0020092,neuroinflammatory disorder,crispr_screen:0.4148919368630368,0.2522255860997763,PIM3
Q86V86,ENSG00000198355,EFO_0004614,apolipoprotein A 1 measurement,gwas_credible_sets:0.3518847821690833,0.2139215962914423,PIM3
Q86Y07,ENSG00000028116,EFO_0004346,neuroimaging measurement,gwas_credible_sets:0.8944280155539763,0.5437503369019082,VRK2
Q86Y07,ENSG00000028116,MONDO_0005090,schizophrenia,gwas_credible_sets:0.8694748040274428; europepmc:0.37160976929973305,0.5398761622881441,VRK2
Q86Y07,ENSG00000028116,EFO_0008111,diet measurement,gwas_credible_sets:0.8478107121002461,0.515410242430779,VRK2
Q86Y07,ENSG00000028116,MONDO_0002009,major depressive disorder,gwas_credible_sets:0.8112119640260437; europepmc:0.2474582311678103,0.5006826103149128,VRK2
Q86Y07,ENSG00000028116,EFO_0011015,educational attainment,gwas_credible_sets:0.8132392651541708,0.4943931951142636,VRK2
Q86Y07,ENSG00000028116,EFO_0004784,self reported educational attainment,gwas_credible_sets:0.7954649204454555,0.4835876235584704,VRK2
Q86Y07,ENSG00000028116,EFO_0009598,feeling miserable measurement,gwas_credible_sets:0.786672528041034,0.4782424574311362,VRK2
Q86Y07,ENSG00000028116,EFO_0007660,neuroticism measurement,gwas_credible_sets:0.7850419033392483,0.4772511504555743,VRK2
Q86Y07,ENSG00000028116,EFO_0007789,BMI-adjusted waist circumference,gwas_credible_sets:0.7842267645206297,0.4767556024634073,VRK2
Q86Y07,ENSG00000028116,OBA_1000840,alcohol consumption quality,gwas_credible_sets:0.7687633149903991,0.4673548952566672,VRK2
Q86YV5,ENSG00000275342,EFO_0004346,neuroimaging measurement,gwas_credible_sets:0.8725418261630696,0.5304450483288153,PRAG1
Q86YV5,ENSG00000275342,EFO_0004612,high density lipoprotein cholesterol measurement,gwas_credible_sets:0.8618790970529477,0.5239628469161823,PRAG1
Q86YV5,ENSG00000275342,EFO_0004529,lipid measurement,gwas_credible_sets:0.8462566654035317,0.5144654895829198,PRAG1
Q86YV5,ENSG00000275342,EFO_0004530,triglyceride measurement,gwas_credible_sets:0.8309320870037139,0.5051492064132567,PRAG1
Q86YV5,ENSG00000275342,EFO_0004574,total cholesterol measurement,gwas_credible_sets:0.8245719219118467,0.5012826661760162,PRAG1
Q86YV5,ENSG00000275342,EFO_0020946,phospholipids:total lipids ratio,gwas_credible_sets:0.7861807225575737,0.4779434737313063,PRAG1
Q86YV5,ENSG00000275342,EFO_0010351,cholesteryl ester measurement,gwas_credible_sets:0.7856192114237263,0.4776021138198387,PRAG1
Q86YV5,ENSG00000275342,EFO_0010639,pain measurement,gwas_credible_sets:0.7849644536768354,0.4772040664205289,PRAG1
Q86YV5,ENSG00000275342,OBA_2050296,chylomicron amount,gwas_credible_sets:0.7798998671154884,0.4741251482727162,PRAG1
Q86YV5,ENSG00000275342,OBA_2050114,VLDL particle size,gwas_credible_sets:0.7739206607650616,0.4704902045870167,PRAG1
Q86Z02,ENSG00000163349,EFO_0005772,neurodegenerative disease,crispr_screen:0.6672772726341686,0.4056584045805972,HIPK1
Q86Z02,ENSG00000163349,EFO_0004705,hypothyroidism,gwas_credible_sets:0.6359575301040751,0.3866181685232869,HIPK1
Q86Z02,ENSG00000163349,EFO_0000685,rheumatoid arthritis,gwas_credible_sets:0.5816533118464949,0.3536049618042806,HIPK1
Q86Z02,ENSG00000163349,EFO_0004833,neutrophil count,gwas_credible_sets:0.513628057615055,0.312250314741628,HIPK1
Q86Z02,ENSG00000163349,MONDO_0004975,Alzheimer disease,crispr_screen:0.5102498406861066; expression_atlas:0.05410127039855181,0.311841084052767,HIPK1
Q86Z02,ENSG00000163349,MONDO_0002561,lysosomal storage disease,crispr_screen:0.5102498406861066,0.3101965926295073,HIPK1
Q86Z02,ENSG00000163349,MONDO_0005301,multiple sclerosis,crispr_screen:0.5102498406861066,0.3101965926295073,HIPK1
Q86Z02,ENSG00000163349,MONDO_0005180,Parkinson disease,crispr_screen:0.5102498406861066,0.3101965926295073,HIPK1
Q86Z02,ENSG00000163349,EFO_0007791,rheumatoid factor seropositivity measurement,gwas_credible_sets:0.4653226494771959,0.2828839694434245,HIPK1
Q86Z02,ENSG00000163349,EFO_0007837,anti-citrullinated protein antibody seropositivity,gwas_credible_sets:0.4653226494771959,0.2828839694434245,HIPK1
Q8IU85,ENSG00000183049,EFO_0004541,HbA1c measurement,gwas_credible_sets:0.7888479298807379,0.4795649512066731,CAMK1D
Q8IU85,ENSG00000183049,EFO_0004784,self reported educational attainment,gwas_credible_sets:0.7477023968150698,0.4545513144719061,CAMK1D
Q8IU85,ENSG00000183049,EFO_0011015,educational attainment,gwas_credible_sets:0.7461248645787804,0.4535922840412407,CAMK1D
Q8IU85,ENSG00000183049,EFO_0004627,IGF-1 measurement,gwas_credible_sets:0.7398174718224787,0.4497578257320525,CAMK1D
Q8IU85,ENSG00000183049,HP_0002315,Headache,gwas_credible_sets:0.6427061099741486,0.3907208380664463,CAMK1D
Q8IU85,ENSG00000183049,EFO_0004309,platelet count,gwas_credible_sets:0.6276877246448613,0.3815906990943741,CAMK1D
Q8IU85,ENSG00000183049,EFO_0009888,trauma complication,gwas_credible_sets:0.6006262746093299,0.3651392101897465,CAMK1D
Q8IU85,ENSG00000183049,EFO_0004468,glucose measurement,gwas_credible_sets:0.5902847351174172,0.3588522698378959,CAMK1D
Q8IU85,ENSG00000183049,MONDO_0005090,schizophrenia,gwas_credible_sets:0.5493323731702554; europepmc:0.046945767148897415,0.335383056658644,CAMK1D
Q8IU85,ENSG00000183049,EFO_0004337,intelligence,gwas_credible_sets:0.5493323731702554,0.333956067775278,CAMK1D
Q8IV63,ENSG00000105053,EFO_0005772,neurodegenerative disease,crispr_screen:0.4176610310209824; europepmc:0.05319394479101685,0.2555259155841234,VRK3
Q8IV63,ENSG00000105053,EFO_0020092,neuroinflammatory disorder,crispr_screen:0.4066296388601914,0.2472026806848015,VRK3
Q8IV63,ENSG00000105053,MONDO_0011962,endometrial cancer,slapenrich:0.38593890739653686,0.1173120739014671,VRK3
Q8IV63,ENSG00000105053,EFO_0003757,Asperger syndrome,impc:0.40723764305008464,0.0495144610313829,VRK3
Q8IV63,ENSG00000105053,EFO_0003758,autism,impc:0.4072325769601046,0.0495138450649584,VRK3
Q8IV63,ENSG00000105053,MONDO_0010857,semantic dementia,impc:0.4037268426938775,0.049087596299222,VRK3
Q8IV63,ENSG00000105053,EFO_0004207,pathological myopia,gwas_credible_sets:0.07722513139608848,0.0469475357252863,VRK3
Q8IV63,ENSG00000105053,HP_0000717,Autism,impc:0.30177684793440873; europepmc:0.20956725551000607,0.043062007412871,VRK3
Q8IV63,ENSG00000105053,MONDO_0015681,childhood disintegrative disorder,impc:0.3391037989077622,0.0412303285886253,VRK3
Q8IV63,ENSG00000105053,MONDO_0019394,Senior-Boichis syndrome,impc:0.3389214196684787,0.0412081537973442,VRK3
Q8IVH8,ENSG00000011566,OBA_2050068,serum albumin amount,gwas_credible_sets:0.8277328854431605,0.5032043132568291,MAP4K3
Q8IVH8,ENSG00000011566,OBA_0003747,glomerular filtration rate,gwas_credible_sets:0.7171015323269134,0.4359481065160162,MAP4K3
Q8IVH8,ENSG00000011566,EFO_0004509,hemoglobin measurement,gwas_credible_sets:0.6435243082375918,0.3912182459893458,MAP4K3
Q8IVH8,ENSG00000011566,EFO_0004348,hematocrit,gwas_credible_sets:0.6059447939307901,0.3683725018829546,MAP4K3
Q8IVH8,ENSG00000011566,EFO_0004617,cystatin C measurement,gwas_credible_sets:0.5832806630381546,0.3545942787122205,MAP4K3
Q8IVH8,ENSG00000011566,EFO_0007442,placenta praevia,gwas_credible_sets:0.5628373306858114,0.3421661473694211,MAP4K3
Q8IVH8,ENSG00000011566,OBA_2045260,red blood cell density,gwas_credible_sets:0.5516389351161778,0.3353582978188032,MAP4K3
Q8IVH8,ENSG00000011566,OBA_0003460,erythrocyte volume,gwas_credible_sets:0.48684934165893895,0.2959707085914114,MAP4K3
Q8IVH8,ENSG00000011566,EFO_0005137,conduction system disorder,gwas_credible_sets:0.4753912042998417,0.2890049540075519,MAP4K3
Q8IVH8,ENSG00000011566,MONDO_0008733,familial glucocorticoid deficiency,gwas_credible_sets:0.47225984089321155,0.2871013017541473,MAP4K3
Q8IVT5,ENSG00000141068,MONDO_0004992,cancer,reactome:0.9703567939903968; europepmc:0.17746585897168157,0.5953041277981117,KSR1
Q8IVT5,ENSG00000141068,MONDO_0018997,Noonan syndrome,reactome:0.9066612367713315,0.5511872888339344,KSR1
Q8IVT5,ENSG00000141068,EFO_0000538,hypertrophic cardiomyopathy,reactome:0.8897742701710087,0.5409211817593593,KSR1
Q8IVT5,ENSG00000141068,MONDO_0009026,Costello syndrome,reactome:0.8897742701710087,0.5409211817593593,KSR1
Q8IVT5,ENSG00000141068,EFO_0005091,monocyte count,gwas_credible_sets:0.8872122209930657,0.5393636331590923,KSR1
Q8IVT5,ENSG00000141068,EFO_0000384,Crohn's disease,gwas_credible_sets:0.7836842236302597; europepmc:0.030396539880581056,0.4773497247838996,KSR1
Q8IVT5,ENSG00000141068,EFO_0007989,monocyte percentage of leukocytes,gwas_credible_sets:0.7398043391169002,0.4497498419558753,KSR1
Q8IVT5,ENSG00000141068,MONDO_0015280,cardiofaciocutaneous syndrome,reactome:0.607930797611621; europepmc:0.030396539880581056,0.3705038043214135,KSR1
Q8IVT5,ENSG00000141068,EFO_0010934,aspartate aminotransferase to alanine aminotransferase ratio,gwas_credible_sets:0.5506311579049736,0.3347456390149811,KSR1
Q8IVT5,ENSG00000141068,EFO_0000729,ulcerative colitis,gwas_credible_sets:0.5420754040297955; expression_atlas:0.011599686955371932,0.3298969230846165,KSR1
Q8IVW4,ENSG00000006837,OBA_0003277,platelet volume,gwas_credible_sets:0.48662223624760786,0.2958326442175589,CDKL3
Q8IVW4,ENSG00000006837,EFO_0005772,neurodegenerative disease,crispr_screen:0.24626825244113065,0.1497140551329566,CDKL3
Q8IVW4,ENSG00000006837,EFO_0005922,esophageal squamous cell carcinoma,europepmc:0.7594102654098368,0.0923337776730109,CDKL3
Q8IVW4,ENSG00000006837,EFO_0000616,neoplasm,europepmc:0.7057084389682757,0.0858043788366471,CDKL3
Q8IVW4,ENSG00000006837,MONDO_0004992,cancer,europepmc:0.6695432066558923,0.0814071871315518,CDKL3
Q8IVW4,ENSG00000006837,EFO_0000637,osteosarcoma,europepmc:0.628955071029023,0.0764722315985095,CDKL3
Q8IVW4,ENSG00000006837,EFO_0005543,glioma,europepmc:0.6190761955678341,0.0752710970707842,CDKL3
Q8IVW4,ENSG00000006837,MONDO_0008315,prostate cancer,europepmc:0.616036541579776,0.0749015172160995,CDKL3
Q8IVW4,ENSG00000006837,EFO_0005221,cholangiocarcinoma,europepmc:0.5598873776337027,0.0680745560115071,CDKL3
Q8IVW4,ENSG00000006837,EFO_0000182,hepatocellular carcinoma,europepmc:0.5091420429997326,0.0619046256596875,CDKL3
Q8IW41,ENSG00000089022,MONDO_0859247,neurocardiofaciodigital syndrome,eva:0.8281537290464308; genomics_england:0.7176960805137194; uniprot_literature:0.607930797611621,0.6536019730098952,MAPKAPK5
Q8IW41,ENSG00000089022,EFO_0004346,neuroimaging measurement,gwas_credible_sets:0.7095092815459958,0.4313325434431054,MAPKAPK5
Q8IW41,ENSG00000089022,EFO_0004309,platelet count,gwas_credible_sets:0.6667669859406975,0.4053481855840247,MAPKAPK5
Q8IW41,ENSG00000089022,EFO_0004611,low density lipoprotein cholesterol measurement,gwas_credible_sets:0.6401388936585064,0.3891601482040365,MAPKAPK5
Q8IW41,ENSG00000089022,OBA_2050096,serum creatinine amount,gwas_credible_sets:0.6097167494044731,0.3706655897826262,MAPKAPK5
Q8IW41,ENSG00000089022,EFO_0004612,high density lipoprotein cholesterol measurement,gwas_credible_sets:0.606161528556777,0.3685042615370008,MAPKAPK5
Q8IW41,ENSG00000089022,OBA_0003277,platelet volume,gwas_credible_sets:0.5415101312408017,0.3292006859999942,MAPKAPK5
Q8IW41,ENSG00000089022,EFO_0004509,hemoglobin measurement,gwas_credible_sets:0.5414632963709572,0.3291722136402136,MAPKAPK5
Q8IW41,ENSG00000089022,EFO_0000341,chronic obstructive pulmonary disease,gwas_credible_sets:0.5378418971886315,0.3269706535468322,MAPKAPK5
Q8IW41,ENSG00000089022,EFO_0010351,cholesteryl ester measurement,gwas_credible_sets:0.5375114926441779,0.326769790448588,MAPKAPK5
Q8IWB6,ENSG00000121101,MONDO_0054727,spermatogenic failure 23,eva:0.7673120868112493; uniprot_literature:0.607930797611621; uniprot_variants:0.607930797611621; impc:0.5057528288030478,0.603775324929283,TEX14
Q8IWB6,ENSG00000121101,EFO_0000279,azoospermia,eva:0.8520556838558467; impc:0.7658327842210209; europepmc:0.012158615952232422,0.541433815976624,TEX14
Q8IWB6,ENSG00000121101,EFO_0005772,neurodegenerative disease,crispr_screen:0.865016006464517,0.525869870756793,TEX14
Q8IWB6,ENSG00000121101,EFO_0700088,male infertility with azoospermia or oligozoospermia due to single gene mutation,eva:0.6687238773727833; orphanet:0.607930797611621; impc:0.5193248838597273,0.505948661399112,TEX14
Q8IWB6,ENSG00000121101,EFO_0006336,diastolic blood pressure,gwas_credible_sets:0.6835821742503314,0.4155706564250901,TEX14
Q8IWB6,ENSG00000121101,EFO_0009188,Red cell distribution width,gwas_credible_sets:0.6650246106379916,0.4042889419765119,TEX14
Q8IWB6,ENSG00000121101,EFO_0006335,systolic blood pressure,gwas_credible_sets:0.6537665537198899,0.3974448224547334,TEX14
Q8IWB6,ENSG00000121101,OBA_0003460,erythrocyte volume,gwas_credible_sets:0.6079256207615933,0.3695767075181352,TEX14
Q8IWB6,ENSG00000121101,EFO_0004517,arterial stiffness measurement,gwas_credible_sets:0.499813124010082,0.3038517911362052,TEX14
Q8IWB6,ENSG00000121101,EFO_0004541,HbA1c measurement,gwas_credible_sets:0.46394868259284067,0.2820486926595264,TEX14
Q8IWQ3,ENSG00000174672,EFO_0000508,genetic disorder,eva:0.8347660218195977,0.5074799734638679,BRSK2
Q8IWQ3,ENSG00000174672,EFO_0010642,Neurodevelopmental disorder,gene2phenotype:0.607930797611621; genomics_england:0.607930797611621; eva:0.4377101742803672; europepmc:0.06687238773727831,0.4920493790308448,BRSK2
Q8IWQ3,ENSG00000174672,EFO_0005772,neurodegenerative disease,crispr_screen:0.7604301067863727,0.4622888813465297,BRSK2
Q8IWQ3,ENSG00000174672,OBA_2050009,brain volume,gwas_credible_sets:0.661545587929647,0.4021739369265191,BRSK2
Q8IWQ3,ENSG00000174672,HP_0001249,Intellectual disability,genomics_england:0.607930797611621; eva:0.19453785523571876; europepmc:0.02870784322054877,0.3995340737711841,BRSK2
Q8IWQ3,ENSG00000174672,MONDO_0100038,complex neurodevelopmental disorder,clingen:0.607930797611621; eva:0.19453785523571876,0.3991462430594779,BRSK2
Q8IWQ3,ENSG00000174672,HP_0000717,Autism,genomics_england:0.607930797611621; europepmc:0.11169884057783522,0.3729751129469406,BRSK2
Q8IWQ3,ENSG00000174672,HP_0001263,Global developmental delay,genomics_england:0.607930797611621; europepmc:0.028876712886552,0.3704576068395779,BRSK2
Q8IWQ3,ENSG00000174672,HP_0000708,Atypical behavior,genomics_england:0.607930797611621,0.3695798546847018,BRSK2
Q8IWQ3,ENSG00000174672,MONDO_0015802,autosomal dominant non-syndromic intellectual disability,orphanet:0.607930797611621,0.3695798546847018,BRSK2
Q8IWU2,ENSG00000164715,EFO_0004532,serum gamma-glutamyl transferase measurement,gwas_credible_sets:0.7946379167860108,0.4830848625641565,LMTK2
Q8IWU2,ENSG00000164715,EFO_0001663,prostate carcinoma,gwas_credible_sets:0.7398417227766036; eva_somatic:0.18237923928348632,0.4774910577352891,LMTK2
Q8IWU2,ENSG00000164715,MONDO_0008315,prostate cancer,gwas_credible_sets:0.6229362116763831; eva_somatic:0.18237923928348632; europepmc:0.7011797254756532,0.4158932360108825,LMTK2
Q8IWU2,ENSG00000164715,OBA_2050200,prostate specific antigen amount,gwas_credible_sets:0.6574550038044188,0.3996871448565717,LMTK2
Q8IWU2,ENSG00000164715,EFO_0006527,smoking status measurement,gwas_credible_sets:0.6242625996898237,0.3795084601485386,LMTK2
Q8IWU2,ENSG00000164715,EFO_0004509,hemoglobin measurement,gwas_credible_sets:0.579807746756498,0.3524829859470746,LMTK2
Q8IWU2,ENSG00000164715,MONDO_0005148,type 2 diabetes mellitus,gwas_credible_sets:0.5264290893720106; europepmc:0.030396539880581056,0.3209564058245975,LMTK2
Q8IWU2,ENSG00000164715,HP_0000118,Phenotypic abnormality,gwas_credible_sets:0.5016270464575644,0.3049545304565088,LMTK2
Q8IWU2,ENSG00000164715,EFO_0005670,smoking initiation,gwas_credible_sets:0.49939973637215995,0.3036004800597605,LMTK2
Q8IWU2,ENSG00000164715,EFO_0000668,preeclampsia,gwas_credible_sets:0.4986296271878844,0.3031323069691158,LMTK2
Q8IY84,ENSG00000177453,EFO_0004340,body mass index,gwas_credible_sets:0.805437555681747,0.4896502956519589,NIM1K
Q8IY84,ENSG00000177453,OBA_2050200,prostate specific antigen amount,gwas_credible_sets:0.7554609386725379,0.4592679710116199,NIM1K
Q8IY84,ENSG00000177453,EFO_0004587,lymphocyte count,gwas_credible_sets:0.680670275022957,0.4138004232052277,NIM1K
Q8IY84,ENSG00000177453,EFO_0007800,body fat percentage,gwas_credible_sets:0.6733892540589791,0.4093740663231697,NIM1K
Q8IY84,ENSG00000177453,EFO_0006527,smoking status measurement,gwas_credible_sets:0.6226331448213125,0.3785178643506525,NIM1K
Q8IY84,ENSG00000177453,OBA_0004528,fat pad mass,gwas_credible_sets:0.6182277046024586,0.3758396615645743,NIM1K
Q8IY84,ENSG00000177453,EFO_0004627,IGF-1 measurement,gwas_credible_sets:0.5897509921824993,0.3585277910697517,NIM1K
Q8IY84,ENSG00000177453,EFO_0004703,age at menarche,gwas_credible_sets:0.5449299831410606,0.3312797192934322,NIM1K
Q8IY84,ENSG00000177453,OBA_1001085,waist circumference,gwas_credible_sets:0.5163855085653605,0.3139266540972222,NIM1K
Q8IY84,ENSG00000177453,EFO_0004338,body weight,gwas_credible_sets:0.5156178695374828,0.3134599826907266,NIM1K
Q8IYT8,ENSG00000083290,EFO_0004340,body mass index,gwas_credible_sets:0.5739637376301123,0.3489302328176213,ULK2
Q8IYT8,ENSG00000083290,EFO_0009804,pulse wave reflection index measurement,gwas_credible_sets:0.5068875465057536,0.3081525504466404,ULK2
Q8IYT8,ENSG00000083290,HP_0012443,Abnormal brain morphology,eva:0.4377101742803672,0.2660974953729852,ULK2
Q8IYT8,ENSG00000083290,EFO_0009332,executive function measurement,gwas_credible_sets:0.2533895458683577,0.1540433087261971,ULK2
Q8IYT8,ENSG00000083290,MONDO_0008315,prostate cancer,eva_somatic:0.18237923928348632; europepmc:0.09095037804179495,0.1136385331987118,ULK2
Q8IYT8,ENSG00000083290,EFO_0001663,prostate carcinoma,eva_somatic:0.18237923928348632,0.1108739564054105,ULK2
Q8IYT8,ENSG00000083290,Orphanet_1331,Familial prostate cancer,eva_somatic:0.18237923928348632,0.1108739564054105,ULK2
Q8IYT8,ENSG00000083290,EFO_0004346,neuroimaging measurement,gwas_credible_sets:0.12504900455527967,0.0760211410798304,ULK2
Q8IYT8,ENSG00000083290,MONDO_0005090,schizophrenia,europepmc:0.6161209764127775,0.0749117833231741,ULK2
Q8IYT8,ENSG00000083290,MONDO_0008170,ovarian cancer,europepmc:0.607930797611621,0.0739159709369403,ULK2
Q8IZE3,ENSG00000000457,EFO_0003907,deep vein thrombosis,gwas_credible_sets:0.7828113900579636,0.4758951527373996,SCYL3
Q8IZE3,ENSG00000000457,EFO_0005670,smoking initiation,gwas_credible_sets:0.5737636364485786,0.3488085851467286,SCYL3
Q8IZE3,ENSG00000000457,EFO_0007010,drug use measurement,gwas_credible_sets:0.5542512458802491,0.3369464019852145,SCYL3
Q8IZE3,ENSG00000000457,EFO_0000719,temporal measurement,gwas_credible_sets:0.5299116391087895,0.3221496054270878,SCYL3
Q8IZE3,ENSG00000000457,EFO_0004517,arterial stiffness measurement,gwas_credible_sets:0.5038675930830363,0.306316627753618,SCYL3
Q8IZE3,ENSG00000000457,MONDO_0005301,multiple sclerosis,crispr_screen:0.42881291444667824; gwas_credible_sets:0.26190477178355404,0.3004935713078993,SCYL3
Q8IZE3,ENSG00000000457,OBA_2045291,cerebrospinal fluid composition attribute,gwas_credible_sets:0.45317471315893837,0.275498864828131,SCYL3
Q8IZE3,ENSG00000000457,EFO_0600003,vitamin C measurement,gwas_credible_sets:0.45317471315893837,0.275498864828131,SCYL3
Q8IZE3,ENSG00000000457,EFO_0005772,neurodegenerative disease,crispr_screen:0.42881291444667824,0.2606885771057329,SCYL3
Q8IZE3,ENSG00000000457,MONDO_0004975,Alzheimer disease,crispr_screen:0.42881291444667824,0.2606885771057329,SCYL3
Q8IZL9,ENSG00000156345,EFO_0005772,neurodegenerative disease,crispr_screen:0.7006098601261243,0.425922311081041,CDK20
Q8IZL9,ENSG00000156345,EFO_0020092,neuroinflammatory disorder,crispr_screen:0.5594554123756329,0.3401101750736569,CDK20
Q8IZL9,ENSG00000156345,EFO_0004242,obsessive-compulsive disorder,eva:0.547137717850459,0.3326218692162316,CDK20
Q8IZL9,ENSG00000156345,HP_0000365,Hearing impairment,eva:0.547137717850459,0.3326218692162316,CDK20
Q8IZL9,ENSG00000156345,EFO_0003888,attention deficit hyperactivity disorder,eva:0.547137717850459,0.3326218692162316,CDK20
Q8IZL9,ENSG00000156345,HP_0001250,Seizure,eva:0.547137717850459,0.3326218692162316,CDK20
Q8IZL9,ENSG00000156345,HP_0001249,Intellectual disability,eva:0.42555155832813474,0.2587058982792912,CDK20
Q8IZL9,ENSG00000156345,HP_0001263,Global developmental delay,eva:0.42555155832813474,0.2587058982792912,CDK20
Q8IZL9,ENSG00000156345,EFO_0004612,high density lipoprotein cholesterol measurement,gwas_credible_sets:0.41067420467255583,0.249661496805105,CDK20
Q8IZL9,ENSG00000156345,EFO_0003893,ovarian neoplasm,gwas_credible_sets:0.3725757379611423,0.2265002655494555,CDK20
Q8N165,ENSG00000175087,EFO_0005772,neurodegenerative disease,crispr_screen:0.47170290753746147; europepmc:0.030396539880581056,0.2876866744516814,PDIK1L
Q8N165,ENSG00000175087,EFO_0004627,IGF-1 measurement,gwas_credible_sets:0.3453281620398304,0.2099356249866292,PDIK1L
Q8N165,ENSG00000175087,EFO_0004833,neutrophil count,gwas_credible_sets:0.30273917479209395,0.1840444679996416,PDIK1L
Q8N165,ENSG00000175087,EFO_0005689,non-high density lipoprotein cholesterol measurement,gwas_credible_sets:0.2993777323137844,0.1820009435926773,PDIK1L
Q8N165,ENSG00000175087,EFO_0004991,Myasthenia gravis,gwas_credible_sets:0.29729075972241703,0.1807322086806137,PDIK1L
Q8N165,ENSG00000175087,EFO_0004995,lean body mass,gwas_credible_sets:0.2335092299468692,0.1419574524112756,PDIK1L
Q8N165,ENSG00000175087,MONDO_0005148,type 2 diabetes mellitus,gwas_credible_sets:0.2092843245260451; europepmc:0.024148362238461615,0.12796441299256,PDIK1L
Q8N165,ENSG00000175087,EFO_0004314,forced expiratory volume,gwas_credible_sets:0.2067453199372439,0.1256868472519184,PDIK1L
Q8N165,ENSG00000175087,EFO_0004574,total cholesterol measurement,gwas_credible_sets:0.2053630544885115,0.1248465255151596,PDIK1L
Q8N165,ENSG00000175087,OBA_0003460,erythrocyte volume,gwas_credible_sets:0.20306998272896154,0.1234524965713957,PDIK1L
Q8N2I9,ENSG00000196182,EFO_0005772,neurodegenerative disease,crispr_screen:0.7628290554883166,0.4637472761443318,STK40
Q8N2I9,ENSG00000196182,EFO_0020092,neuroinflammatory disorder,crispr_screen:0.7599134970145264,0.4619748183558772,STK40
Q8N2I9,ENSG00000196182,EFO_0004833,neutrophil count,gwas_credible_sets:0.5402617099690539,0.3284417322605052,STK40
Q8N2I9,ENSG00000196182,EFO_0000546,injury,gwas_credible_sets:0.4970231986887324,0.3021557096103203,STK40
Q8N2I9,ENSG00000196182,OBA_2050116,smoking behavior trait,gwas_credible_sets:0.47300286213894693,0.2875530072527096,STK40
Q8N2I9,ENSG00000196182,EFO_0004255,nephrotic syndrome,gwas_credible_sets:0.454444594134169,0.2762708645822748,STK40
Q8N2I9,ENSG00000196182,OBA_2045223,myeloid leukocyte count,gwas_credible_sets:0.4119531597011743,0.2504390129557624,STK40
Q8N2I9,ENSG00000196182,EFO_0007990,neutrophil percentage of leukocytes,gwas_credible_sets:0.4119531597011743,0.2504390129557624,STK40
Q8N2I9,ENSG00000196182,EFO_0007660,neuroticism measurement,gwas_credible_sets:0.3267953929379185,0.1986689838845519,STK40
Q8N2I9,ENSG00000196182,EFO_0007869,wellbeing measurement,gwas_credible_sets:0.18565924860497426,0.1128679750883962,STK40
Q8N4C8,ENSG00000141503,EFO_0004309,platelet count,gwas_credible_sets:0.8475753309552226,0.5152671469835423,MINK1
Q8N4C8,ENSG00000141503,OBA_0003277,platelet volume,gwas_credible_sets:0.6719475202047535,0.4084975919112266,MINK1
Q8N4C8,ENSG00000141503,EFO_0004587,lymphocyte count,gwas_credible_sets:0.638600479509101,0.3882248988631315,MINK1
Q8N4C8,ENSG00000141503,EFO_0004340,body mass index,gwas_credible_sets:0.6356261162996035,0.386416691864795,MINK1
Q8N4C8,ENSG00000141503,EFO_0007800,body fat percentage,gwas_credible_sets:0.6142559075084013,0.3734250837892325,MINK1
Q8N4C8,ENSG00000141503,EFO_0004462,PR interval,gwas_credible_sets:0.5488937469667016,0.3336894133974982,MINK1
Q8N4C8,ENSG00000141503,MONDO_0004975,Alzheimer disease,crispr_screen:0.5193274185795038; europepmc:0.14550451629767208; expression_atlas:0.09115639593632732,0.3213694496419348,MINK1
Q8N4C8,ENSG00000141503,HP_0001873,Thrombocytopenia,gwas_credible_sets:0.5263977292806432,0.3200133914225276,MINK1
Q8N4C8,ENSG00000141503,EFO_0005772,neurodegenerative disease,crispr_screen:0.5193274185795038; europepmc:0.03647584785669726,0.316823871362676,MINK1
Q8N4C8,ENSG00000141503,MONDO_0005301,multiple sclerosis,crispr_screen:0.5193274185795038; europepmc:0.012158615952232422,0.3160847116533066,MINK1
Q8N568,ENSG00000170390,OBA_0003747,glomerular filtration rate,gwas_credible_sets:0.672693812286267,0.4089512858515924,DCLK2
Q8N568,ENSG00000170390,OBA_0003460,erythrocyte volume,gwas_credible_sets:0.6449034555014365,0.3920566720854788,DCLK2
Q8N568,ENSG00000170390,EFO_0004741,blood urea nitrogen measurement,gwas_credible_sets:0.6127948607245689,0.3725368684525894,DCLK2
Q8N568,ENSG00000170390,OBA_2045295,brain connectivity attribute,gwas_credible_sets:0.5730451034179753,0.3483717667883236,DCLK2
Q8N568,ENSG00000170390,EFO_0007645,longitudinal alcohol consumption measurement,gwas_credible_sets:0.5656452376344697,0.3438731604803381,DCLK2
Q8N568,ENSG00000170390,EFO_0009458,alcohol use disorder measurement,gwas_credible_sets:0.5656452376344697,0.3438731604803381,DCLK2
Q8N568,ENSG00000170390,EFO_0021061,10-nonadecenoate 19:1n9 measurement,gwas_credible_sets:0.563387926702,0.3425008716447044,DCLK2
Q8N568,ENSG00000170390,EFO_0005763,pulse pressure measurement,gwas_credible_sets:0.5590762465571802,0.3398796684952179,DCLK2
Q8N568,ENSG00000170390,OBA_2040343,level of junctional adhesion molecule A in blood serum,gwas_credible_sets:0.5554286388562892,0.3376621754362409,DCLK2
Q8N568,ENSG00000170390,EFO_0004725,metabolite measurement,gwas_credible_sets:0.5545274000757829,0.3371142846255692,DCLK2
Q8N5S9,ENSG00000004660,EFO_0004340,body mass index,gwas_credible_sets:0.5887108956000195,0.3578954843247716,CAMKK1
Q8N5S9,ENSG00000004660,EFO_0020217,calcium/calmodulin-dependent protein kinase kinase 1 measurement,gwas_credible_sets:0.5882125092273929,0.3575924998997419,CAMKK1
Q8N5S9,ENSG00000004660,EFO_0001061,cervical carcinoma,gwas_credible_sets:0.5768505838479809,0.3506852355414323,CAMKK1
Q8N5S9,ENSG00000004660,EFO_0004338,body weight,gwas_credible_sets:0.530138029449673,0.3222872350875927,CAMKK1
Q8N5S9,ENSG00000004660,EFO_0005772,neurodegenerative disease,crispr_screen:0.5253583532365459,0.3193815227150211,CAMKK1
Q8N5S9,ENSG00000004660,EFO_0004587,lymphocyte count,gwas_credible_sets:0.4580046549278136,0.278435135180101,CAMKK1
Q8N5S9,ENSG00000004660,EFO_0000571,lung adenocarcinoma,slapenrich:0.5873284887696477,0.17852753831888,CAMKK1
Q8N5S9,ENSG00000004660,EFO_0004611,low density lipoprotein cholesterol measurement,gwas_credible_sets:0.11640451521465033,0.0707658897800364,CAMKK1
Q8N5S9,ENSG00000004660,EFO_1001754,Abruptio Placentae,gwas_credible_sets:0.11188544955560344,0.0680186105894728,CAMKK1
Q8N5S9,ENSG00000004660,MONDO_0008903,lung cancer,europepmc:0.5269273962231926,0.064067078453876,CAMKK1
Q8N752,ENSG00000180138,EFO_0022842,mosaic loss of chromosome X measurement,gwas_credible_sets:0.5124474452814475,0.3115325841439879,CSNK1A1L
Q8N752,ENSG00000180138,EFO_0004305,erythrocyte count,gwas_credible_sets:0.48609848889629365,0.2955142420725275,CSNK1A1L
Q8N752,ENSG00000180138,EFO_0010967,urinary microalbumin measurement,gwas_credible_sets:0.48609848889629365,0.2955142420725275,CSNK1A1L
Q8N752,ENSG00000180138,OBA_0003460,erythrocyte volume,gwas_credible_sets:0.4604905223758818,0.2799463705605619,CSNK1A1L
Q8N752,ENSG00000180138,EFO_0004833,neutrophil count,gwas_credible_sets:0.4078081460771503,0.2479191315171984,CSNK1A1L
Q8N752,ENSG00000180138,EFO_0004517,arterial stiffness measurement,gwas_credible_sets:0.4014032249866381,0.2440253827300039,CSNK1A1L
Q8N752,ENSG00000180138,EFO_0020092,neuroinflammatory disorder,crispr_screen:0.317678568651858,0.1931265856246421,CSNK1A1L
Q8N752,ENSG00000180138,EFO_0005279,temporomandibular joint disorder,gwas_credible_sets:0.3088424103789567,0.1877548128779747,CSNK1A1L
Q8N752,ENSG00000180138,OBA_1001087,heart rate,gwas_credible_sets:0.3088424103789567,0.1877548128779747,CSNK1A1L
Q8N752,ENSG00000180138,EFO_0004309,platelet count,gwas_credible_sets:0.3088424103789567,0.1877548128779747,CSNK1A1L
Q8NB16,ENSG00000168404,MONDO_0009813,chronic recurrent multifocal osteomyelitis,eva:0.6839221473130737; europepmc:0.06383273374922022,0.4177176307573841,MLKL
Q8NB16,ENSG00000168404,EFO_0000763,viral disease,reactome:0.607930797611621; europepmc:0.09920859654983563,0.3725954527462253,MLKL
Q8NB16,ENSG00000168404,EFO_0007328,influenza,reactome:0.607930797611621; europepmc:0.08817191871026547,0.3722599759281257,MLKL
Q8NB16,ENSG00000168404,Orphanet_552,MODY,eva:0.5592963338026914; europepmc:0.015198269940290528,0.3404754411282815,MLKL
Q8NB16,ENSG00000168404,MONDO_0018911,maturity-onset diabetes of the young,eva:0.5592963338026914,0.3400134663099256,MLKL
Q8NB16,ENSG00000168404,EFO_0009804,pulse wave reflection index measurement,gwas_credible_sets:0.4748322944490304,0.2886651754961551,MLKL
Q8NB16,ENSG00000168404,EFO_1002018,bronchial disease,gwas_credible_sets:0.3797603496480694,0.2308680122628189,MLKL
Q8NB16,ENSG00000168404,EFO_0000304,breast adenocarcinoma,slapenrich:0.5932097582307575,0.1803152407361106,MLKL
Q8NB16,ENSG00000168404,EFO_0009270,heel bone mineral density,gwas_credible_sets:0.29384013972733164,0.1786344705147469,MLKL
Q8NB16,ENSG00000168404,EFO_0004531,urate measurement,gwas_credible_sets:0.29384013972733164,0.1786344705147469,MLKL
Q8NCB2,ENSG00000164076,EFO_0004340,body mass index,gwas_credible_sets:0.5856205614940446,0.3560167750468399,CAMKV
Q8NCB2,ENSG00000164076,MONDO_0005178,osteoarthritis,gwas_credible_sets:0.4586461098768664,0.2788250953989106,CAMKV
Q8NCB2,ENSG00000164076,EFO_0009101,age at first birth measurement,gwas_credible_sets:0.4044650869378932,0.245886782908207,CAMKV
Q8NCB2,ENSG00000164076,EFO_1000787,"osteoarthritis, spine",gwas_credible_sets:0.3992372856248126,0.2427086414861909,CAMKV
Q8NCB2,ENSG00000164076,EFO_0004531,urate measurement,gwas_credible_sets:0.37741492214059463,0.2294421546474595,CAMKV
Q8NCB2,ENSG00000164076,EFO_0004587,lymphocyte count,gwas_credible_sets:0.36489663769481895,0.22183190399961,CAMKV
Q8NCB2,ENSG00000164076,OBA_0003747,glomerular filtration rate,gwas_credible_sets:0.3496244278056033,0.212547457260367,CAMKV
Q8NCB2,ENSG00000164076,EFO_0011015,educational attainment,gwas_credible_sets:0.34919378591087125,0.2122856567898176,CAMKV
Q8NCB2,ENSG00000164076,EFO_0006336,diastolic blood pressure,gwas_credible_sets:0.33144757722935836,0.2014971899914832,CAMKV
Q8NCB2,ENSG00000164076,EFO_0004784,self reported educational attainment,gwas_credible_sets:0.32547870030902704,0.1978685258844605,CAMKV
Q8NE63,ENSG00000160396,EFO_0005772,neurodegenerative disease,crispr_screen:0.663747203500104,0.4035123668363011,HIPK4
Q8NE63,ENSG00000160396,EFO_0020092,neuroinflammatory disorder,crispr_screen:0.30042713836478796,0.1826389098502824,HIPK4
Q8NE63,ENSG00000160396,MONDO_0008315,prostate cancer,eva_somatic:0.18237923928348632,0.1108739564054105,HIPK4
Q8NE63,ENSG00000160396,EFO_0001663,prostate carcinoma,eva_somatic:0.18237923928348632,0.1108739564054105,HIPK4
Q8NE63,ENSG00000160396,Orphanet_1331,Familial prostate cancer,eva_somatic:0.18237923928348632,0.1108739564054105,HIPK4
Q8NE63,ENSG00000160396,EFO_0000279,azoospermia,impc:0.8896144604840578,0.108164805705781,HIPK4
Q8NE63,ENSG00000160396,MONDO_0018394,male infertility with teratozoospermia due to single gene mutation,impc:0.8189723509199335,0.0995757029033239,HIPK4
Q8NE63,ENSG00000160396,MONDO_0014037,spermatogenic failure 11,impc:0.747591077486271,0.0908967280047119,HIPK4
Q8NE63,ENSG00000160396,MONDO_0013901,spermatogenic failure 10,impc:0.747591077486271,0.0908967280047119,HIPK4
Q8NE63,ENSG00000160396,MONDO_0030531,spermatogenic failure 65,impc:0.7432578818566279,0.0903698713896447,HIPK4
Q8NER5,ENSG00000123612,EFO_0007788,BMI-adjusted waist-hip ratio,gwas_credible_sets:0.9395474038418913; gene_burden:0.607930797611621,0.6635747662827043,ACVR1C
Q8NER5,ENSG00000123612,EFO_0004344,birth weight,gene_burden:0.8082045882085463; gwas_credible_sets:0.8041410776801609,0.6135479916295855,ACVR1C
Q8NER5,ENSG00000123612,EFO_0004574,total cholesterol measurement,gwas_credible_sets:0.9440519999983582,0.573918285345848,ACVR1C
Q8NER5,ENSG00000123612,EFO_0004611,low density lipoprotein cholesterol measurement,gwas_credible_sets:0.9374936279619891,0.5699312490027444,ACVR1C
Q8NER5,ENSG00000123612,EFO_0007789,BMI-adjusted waist circumference,gwas_credible_sets:0.8995363768722887,0.5468558670726382,ACVR1C
Q8NER5,ENSG00000123612,EFO_0004343,waist-hip ratio,gwas_credible_sets:0.8068354366096541; gene_burden:0.3509459661227262,0.54383782579532,ACVR1C
Q8NER5,ENSG00000123612,EFO_0007986,reticulocyte count,gwas_credible_sets:0.8932204070981872,0.5430161945301778,ACVR1C
Q8NER5,ENSG00000123612,EFO_0010700,reticulocyte measurement,gwas_credible_sets:0.8778222982221273,0.5336552099194442,ACVR1C
Q8NER5,ENSG00000123612,EFO_0004468,glucose measurement,gwas_credible_sets:0.8690907053894833,0.528347005724275,ACVR1C
Q8NER5,ENSG00000123612,EFO_0004615,apolipoprotein B measurement,gwas_credible_sets:0.8656546147973039,0.5262581004299055,ACVR1C
Q8NEV1,ENSG00000254598,EFO_0004346,neuroimaging measurement,gwas_credible_sets:0.4045226797137558,0.2459217953303738,CSNK2A3
Q8NEV1,ENSG00000254598,EFO_1001986,connective tissue disease,gwas_credible_sets:0.3570103818571224,0.2170376061980298,CSNK2A3
Q8NEV1,ENSG00000254598,EFO_0000768,idiopathic pulmonary fibrosis,gwas_credible_sets:0.3570103818571224,0.2170376061980298,CSNK2A3
Q8NEV1,ENSG00000254598,EFO_0001421,liver disease,gwas_credible_sets:0.3222941416521497,0.1959325346001441,CSNK2A3
Q8NEV1,ENSG00000254598,EFO_0010968,phosphate measurement,gwas_credible_sets:0.30189307638580876,0.1835300987206507,CSNK2A3
Q8NEV1,ENSG00000254598,EFO_0004541,HbA1c measurement,gwas_credible_sets:0.28998466535214257,0.176290608902667,CSNK2A3
Q8NEV1,ENSG00000254598,OBA_2050096,serum creatinine amount,gwas_credible_sets:0.28324000890218676,0.172190324527429,CSNK2A3
Q8NEV1,ENSG00000254598,EFO_0010972,blood phosphate measurement,gwas_credible_sets:0.28009990534584456,0.1702813588678388,CSNK2A3
Q8NEV1,ENSG00000254598,EFO_0004329,alcohol drinking,gwas_credible_sets:0.2759072040930802,0.1677324866510985,CSNK2A3
Q8NEV1,ENSG00000254598,EFO_0006335,systolic blood pressure,gwas_credible_sets:0.2759072040930802,0.1677324866510985,CSNK2A3
Q8NEV4,ENSG00000095777,EFO_0001063,deafness,eva:0.9011235009832684; genomics_england:0.7599134970145264; impc:0.5208160030105359; europepmc:0.15927602170310917,0.6715607952329358,MYO3A
Q8NEV4,ENSG00000095777,MONDO_0019588,"hearing loss, autosomal recessive",eva:0.9011235009832684; orphanet:0.607930797611621; europepmc:0.04255515583281348,0.6407905943666864,MYO3A
Q8NEV4,ENSG00000095777,EFO_0004533,alkaline phosphatase measurement,gwas_credible_sets:0.8493644885666523,0.5163548309973115,MYO3A
Q8NEV4,ENSG00000095777,MONDO_0019497,nonsyndromic genetic hearing loss,clingen:0.607930797611621; eva_somatic:0.5592963338026914; eva:0.547137717850459,0.4915412067306534,MYO3A
Q8NEV4,ENSG00000095777,MONDO_0019587,autosomal dominant nonsyndromic hearing loss,eva_somatic:0.5592963338026914; eva:0.547137717850459; europepmc:0.012158615952232422,0.4233331913271767,MYO3A
Q8NEV4,ENSG00000095777,EFO_0009188,Red cell distribution width,gwas_credible_sets:0.689333488317415,0.4190670573732072,MYO3A
Q8NEV4,ENSG00000095777,Orphanet_96210,Rare genetic deafness,eva:0.6460413038352295,0.3927484051306027,MYO3A
Q8NEV4,ENSG00000095777,EFO_1001176,sensorineural hearing loss,eva:0.5592963338026914; europepmc:0.021277577916406734,0.3406602310556239,MYO3A
Q8NEV4,ENSG00000095777,HP_0000407,Sensorineural hearing impairment,eva:0.5592963338026914,0.3400134663099256,MYO3A
Q8NEV4,ENSG00000095777,EFO_0004612,high density lipoprotein cholesterol measurement,gwas_credible_sets:0.5453722203508161,0.3315485689130924,MYO3A
Q8NFD2,ENSG00000170209,EFO_0004309,platelet count,gwas_credible_sets:0.8222020375627278,0.4998419404934091,ANKK1
Q8NFD2,ENSG00000170209,EFO_0007800,body fat percentage,gwas_credible_sets:0.7124910554962401,0.433145255658975,ANKK1
Q8NFD2,ENSG00000170209,OBA_0003277,platelet volume,gwas_credible_sets:0.5977691859984481,0.363402298031686,ANKK1
Q8NFD2,ENSG00000170209,EFO_0000195,metabolic syndrome,gwas_credible_sets:0.5799847221222747; europepmc:0.17478010431334104,0.3579032851334414,ANKK1
Q8NFD2,ENSG00000170209,EFO_0004612,high density lipoprotein cholesterol measurement,gwas_credible_sets:0.550082314227992,0.3344119800406696,ANKK1
Q8NFD2,ENSG00000170209,OBA_1001085,waist circumference,gwas_credible_sets:0.5497560054024323,0.3342136068560793,ANKK1
Q8NFD2,ENSG00000170209,EFO_0010724,lifestyle measurement,gwas_credible_sets:0.5408993218876673,0.3288293561827545,ANKK1
Q8NFD2,ENSG00000170209,EFO_0009595,guilt measurement,gwas_credible_sets:0.5197130055540476,0.315949541995605,ANKK1
Q8NFD2,ENSG00000170209,EFO_0004340,body mass index,gwas_credible_sets:0.5190855112199214,0.3155680688645629,ANKK1
Q8NFD2,ENSG00000170209,EFO_0009589,worry measurement,gwas_credible_sets:0.5107795936992744,0.3105186458013396,ANKK1
Q8NG66,ENSG00000114670,EFO_0004698,insomnia,gwas_credible_sets:0.7048793761137897,0.428517881340838,NEK11
Q8NG66,ENSG00000114670,EFO_0007702,hip bone mineral density,gwas_credible_sets:0.5873832332013805,0.357088357463808,NEK11
Q8NG66,ENSG00000114670,OBA_2050103,hip bone size,gwas_credible_sets:0.5873832332013805,0.357088357463808,NEK11
Q8NG66,ENSG00000114670,EFO_0005772,neurodegenerative disease,crispr_screen:0.5232723364877937,0.318113368889121,NEK11
Q8NG66,ENSG00000114670,EFO_0005091,monocyte count,gwas_credible_sets:0.5113693372812627,0.3108771690875241,NEK11
Q8NG66,ENSG00000114670,OBA_0004528,fat pad mass,gwas_credible_sets:0.46990658656110446,0.2856706859710465,NEK11
Q8NG66,ENSG00000114670,EFO_0003893,ovarian neoplasm,gwas_credible_sets:0.3980525135003254,0.2419883820235633,NEK11
Q8NG66,ENSG00000114670,OBA_2050200,prostate specific antigen amount,gwas_credible_sets:0.3980525135003254,0.2419883820235633,NEK11
Q8NG66,ENSG00000114670,EFO_0001061,cervical carcinoma,gwas_credible_sets:0.3933125479859144,0.2391068110077359,NEK11
Q8NG66,ENSG00000114670,EFO_0004587,lymphocyte count,gwas_credible_sets:0.3933125479859144,0.2391068110077359,NEK11
Q8NI60,ENSG00000163050,MONDO_0012784,autosomal recessive ataxia due to ubiquinone deficiency,genomics_england:0.9580964074361958; uniprot_variants:0.9580964074361958; eva:0.9390801504319447; uniprot_literature:0.607930797611621; orphanet:0.607930797611621; impc:0.2684014471455307; europepmc:0.17345212814797187,0.8307220798251299,COQ8A
Q8NI60,ENSG00000163050,MONDO_0018151,coenzyme Q10 deficiency,eva:0.9388824836006644; genomics_england:0.8897742701710087; gene2phenotype:0.607930797611621; europepmc:0.17719944065212784,0.7484168633232213,COQ8A
Q8NI60,ENSG00000163050,EFO_0004833,neutrophil count,gwas_credible_sets:0.8653044551914217,0.5260452276214103,COQ8A
Q8NI60,ENSG00000163050,OBA_0003460,erythrocyte volume,gwas_credible_sets:0.7058878696068105; gene_burden:0.6339946950044003,0.5254872007483267,COQ8A
Q8NI60,ENSG00000163050,EFO_0004527,mean corpuscular hemoglobin,gwas_credible_sets:0.6937317779584854; gene_burden:0.5652959914638409,0.5076561238471463,COQ8A
Q8NI60,ENSG00000163050,MONDO_0005129,cataract,gwas_credible_sets:0.7929914017129114,0.4820838953424876,COQ8A
Q8NI60,ENSG00000163050,EFO_0004587,lymphocyte count,gwas_credible_sets:0.756957714573246,0.4601779071787832,COQ8A
Q8NI60,ENSG00000163050,EFO_0005091,monocyte count,gwas_credible_sets:0.745495666845707,0.453209775361518,COQ8A
Q8NI60,ENSG00000163050,EFO_0004305,erythrocyte count,gwas_credible_sets:0.5751091513135019; gene_burden:0.4280549864836465,0.4146835174104185,COQ8A
Q8NI60,ENSG00000163050,EFO_0007993,lymphocyte percentage of leukocytes,gwas_credible_sets:0.6801981521477816,0.4135134051691516,COQ8A
Q8TAS1,ENSG00000152332,EFO_0005091,monocyte count,gwas_credible_sets:0.746534695831041,0.4538414330813137,UHMK1
Q8TAS1,ENSG00000152332,EFO_0004833,neutrophil count,gwas_credible_sets:0.6551408364458176,0.3982802912484504,UHMK1
Q8TAS1,ENSG00000152332,EFO_0004587,lymphocyte count,gwas_credible_sets:0.6335497566775675,0.385154408903642,UHMK1
Q8TAS1,ENSG00000152332,EFO_0004340,body mass index,gwas_credible_sets:0.5877940717525949,0.3573381188719374,UHMK1
Q8TAS1,ENSG00000152332,EFO_0004842,eosinophil count,gwas_credible_sets:0.5603145324291261,0.3406324606130211,UHMK1
Q8TAS1,ENSG00000152332,EFO_0803539,basophil measurement,gwas_credible_sets:0.5120414474846396,0.3112857655795459,UHMK1
Q8TAS1,ENSG00000152332,Orphanet_183763,Rare genetic intellectual disability with developmental anomaly,eva:0.4377101742803672,0.2660974953729852,UHMK1
Q8TAS1,ENSG00000152332,EFO_0005772,neurodegenerative disease,crispr_screen:0.3903072921146727; europepmc:0.012158615952232422,0.2376494032635896,UHMK1
Q8TAS1,ENSG00000152332,EFO_0021970,low affinity immunoglobulin gamma Fc region receptor II-b measurement,gwas_credible_sets:0.3671276654074505,0.2231882144564437,UHMK1
Q8TAS1,ENSG00000152332,EFO_0000571,lung adenocarcinoma,europepmc:0.7612644543425521,0.0925592213843686,UHMK1
Q8TD08,ENSG00000181085,EFO_0005772,neurodegenerative disease,crispr_screen:0.5226397910084541,0.3177288250113405,MAPK15
Q8TD08,ENSG00000181085,EFO_0004725,metabolite measurement,gwas_credible_sets:0.2135262233811831,0.1298091672911198,MAPK15
Q8TD08,ENSG00000181085,EFO_0004530,triglyceride measurement,gwas_credible_sets:0.15528351440931462,0.0944016307707902,MAPK15
Q8TD08,ENSG00000181085,MONDO_0008903,lung cancer,europepmc:0.6393962138285163,0.0777417300525241,MAPK15
Q8TD08,ENSG00000181085,MONDO_0001056,gastric cancer,europepmc:0.6358699411345058,0.0773129840982309,MAPK15
Q8TD08,ENSG00000181085,MONDO_0015459,nasopharyngeal carcinoma,europepmc:0.6244800248799373,0.075928127923557,MAPK15
Q8TD08,ENSG00000181085,EFO_0000637,osteosarcoma,europepmc:0.6206804573948648,0.0754661531052011,MAPK15
Q8TD08,ENSG00000181085,EFO_0000571,lung adenocarcinoma,europepmc:0.5647643335878759,0.0686675263561346,MAPK15
Q8TD08,ENSG00000181085,EFO_0000616,neoplasm,europepmc:0.5420835490764664,0.0659098568724389,MAPK15
Q8TD08,ENSG00000181085,EFO_1000284,Granular Cell Tumor,europepmc:0.5228204859459941,0.0635677350057687,MAPK15
Q8TD19,ENSG00000119638,MONDO_0014870,NEK9-related lethal skeletal dysplasia,genomics_england:0.865457038266544; eva:0.7430743672464608; orphanet:0.607930797611621; uniprot_literature:0.607930797611621; europepmc:0.03647584785669727,0.7034130033095369,NEK9
Q8TD19,ENSG00000119638,MONDO_0013660,"arthrogryposis, Perthes disease, and upward gaze palsy",genomics_england:0.7599134970145264; eva:0.7501737858580252; uniprot_literature:0.607930797611621; uniprot_variants:0.607930797611621; europepmc:0.01823792392834863,0.6402401237330954,NEK9
Q8TD19,ENSG00000119638,MONDO_0014873,nevus comedonicus syndrome,uniprot_variants:0.7599134970145264; eva_somatic:0.6839221473130737; uniprot_literature:0.607930797611621; genomics_england:0.3039653988058105; europepmc:0.06079307976116211,0.6188286151268946,NEK9
Q8TD19,ENSG00000119638,MONDO_0017436,lethal congenital contracture syndrome,eva:0.7469864812798911,0.4541160873695824,NEK9
Q8TD19,ENSG00000119638,OBA_0003460,erythrocyte volume,gwas_credible_sets:0.7220050366742777,0.4389290978250014,NEK9
Q8TD19,ENSG00000119638,EFO_0000508,genetic disorder,eva:0.6820859542079829; europepmc:0.012158615952232422,0.4150306380360273,NEK9
Q8TD19,ENSG00000119638,EFO_0005772,neurodegenerative disease,crispr_screen:0.624902457633303; europepmc:0.046945767148897415,0.3813244383818421,NEK9
Q8TD19,ENSG00000119638,EFO_0020092,neuroinflammatory disorder,crispr_screen:0.5912012350590018,0.3594094383783944,NEK9
Q8TD19,ENSG00000119638,MONDO_0012280,Goldberg-Shprintzen syndrome,eva:0.547137717850459,0.3326218692162316,NEK9
Q8TD19,ENSG00000119638,EFO_0004338,body weight,gwas_credible_sets:0.4472549261622167,0.2719000439975231,NEK9
Q8TDC3,ENSG00000160469,EFO_0803063,serine/threonine-protein kinase BRSK2 measurement,gwas_credible_sets:0.4138435249112065,0.2515882241856745,BRSK1
Q8TDC3,ENSG00000160469,EFO_0005772,neurodegenerative disease,crispr_screen:0.3689622376394405,0.2243035074167135,BRSK1
Q8TDC3,ENSG00000160469,EFO_0004617,cystatin C measurement,gwas_credible_sets:0.27696477217086096,0.1683754148561524,BRSK1
Q8TDC3,ENSG00000160469,OBA_0003747,glomerular filtration rate,gwas_credible_sets:0.2648929251391829,0.1610365672615389,BRSK1
Q8TDC3,ENSG00000160469,EFO_0020092,neuroinflammatory disorder,crispr_screen:0.25311409145892017,0.1538758515073621,BRSK1
Q8TDC3,ENSG00000160469,EFO_0004704,age at menopause,gwas_credible_sets:0.2102582587457386,0.1278224709437274,BRSK1
Q8TDC3,ENSG00000160469,MONDO_0005178,osteoarthritis,gwas_credible_sets:0.19661255239500383,0.1195268257979513,BRSK1
Q8TDC3,ENSG00000160469,EFO_1000786,"osteoarthritis, hip",gwas_credible_sets:0.19636703254714225,0.1193775667210113,BRSK1
Q8TDC3,ENSG00000160469,EFO_0010726,total joint arthroplasty,gwas_credible_sets:0.13941762949261963,0.0847562706985697,BRSK1
Q8TDC3,ENSG00000160469,EFO_0004616,"osteoarthritis, knee",gwas_credible_sets:0.13941762949261963,0.0847562706985697,BRSK1
Q8TDR2,ENSG00000125834,EFO_0005772,neurodegenerative disease,crispr_screen:0.6778289405870785,0.4120730884953427,STK35
Q8TDR2,ENSG00000125834,EFO_0010934,aspartate aminotransferase to alanine aminotransferase ratio,gwas_credible_sets:0.6640293730940229,0.403683906422594,STK35
Q8TDR2,ENSG00000125834,EFO_0004309,platelet count,gwas_credible_sets:0.6521873125693562,0.3964847531224684,STK35
Q8TDR2,ENSG00000125834,EFO_0010067,corneal resistance factor,gwas_credible_sets:0.5924539481746168,0.3601710012619488,STK35
Q8TDR2,ENSG00000125834,EFO_0004736,aspartate aminotransferase measurement,gwas_credible_sets:0.5700048536349281,0.3465235053127772,STK35
Q8TDR2,ENSG00000125834,EFO_0004541,HbA1c measurement,gwas_credible_sets:0.5611972704406122,0.341169104236426,STK35
Q8TDR2,ENSG00000125834,EFO_0004529,lipid measurement,gwas_credible_sets:0.5264759051849678,0.3200609169623976,STK35
Q8TDR2,ENSG00000125834,EFO_0004612,high density lipoprotein cholesterol measurement,gwas_credible_sets:0.5247362896431698,0.3190033510985348,STK35
Q8TDR2,ENSG00000125834,EFO_0020539,lymphatic vessel endothelial hyaluronic acid receptor 1 measurement,gwas_credible_sets:0.5187826919078106,0.3153839756786191,STK35
Q8TDR2,ENSG00000125834,MONDO_0015486,keratoconus,gwas_credible_sets:0.4964179176556681; europepmc:0.030396539880581056,0.302711690265822,STK35
Q8TDX7,ENSG00000151414,EFO_0004833,neutrophil count,gwas_credible_sets:0.8496485931263845; gene_burden:0.2317757226148621,0.5517534468879803,NEK7
Q8TDX7,ENSG00000151414,EFO_0004458,C-reactive protein measurement,gwas_credible_sets:0.7866134074730942; gene_burden:0.20047553525927198,0.5086753292300596,NEK7
Q8TDX7,ENSG00000151414,EFO_0005091,monocyte count,gwas_credible_sets:0.8008009635251865,0.4868315684840213,NEK7
Q8TDX7,ENSG00000151414,EFO_0004528,mean corpuscular hemoglobin concentration,gwas_credible_sets:0.7557103389790452,0.4594195891388795,NEK7
Q8TDX7,ENSG00000151414,EFO_0004587,lymphocyte count,gwas_credible_sets:0.7497741869923097,0.4558108195268395,NEK7
Q8TDX7,ENSG00000151414,EFO_0007352,lymphatic system disease,gwas_credible_sets:0.7223500924190908,0.439138867839166,NEK7
Q8TDX7,ENSG00000151414,MONDO_0004634,vein disorder,gwas_credible_sets:0.7223500924190908,0.439138867839166,NEK7
Q8TDX7,ENSG00000151414,HP_0002619,Varicose veins,gwas_credible_sets:0.7151962868020427,0.4347898490844355,NEK7
Q8TDX7,ENSG00000151414,OBA_0003460,erythrocyte volume,gwas_credible_sets:0.6780575431212276,0.412212063016264,NEK7
Q8TDX7,ENSG00000151414,EFO_0004309,platelet count,gwas_credible_sets:0.6773981614479332,0.4118112045896877,NEK7
Q8TEA7,ENSG00000145348,MONDO_0014176,"hypotonia, infantile, with psychomotor retardation and characteristic facies",eva:0.9394521712441237; genomics_england:0.8274613634158176; uniprot_variants:0.7599134970145264; uniprot_literature:0.607930797611621,0.7713109957366229,TBCK
Q8TEA7,ENSG00000145348,EFO_0000508,genetic disorder,eva:0.8292987188864298,0.5041562316309228,TBCK
Q8TEA7,ENSG00000145348,HP_0001250,Seizure,genomics_england:0.607930797611621; eva:0.42555155832813474,0.4342563292545246,TBCK
Q8TEA7,ENSG00000145348,HP_0000707,Abnormality of the nervous system,eva:0.6991204172533643,0.425016832887407,TBCK
Q8TEA7,ENSG00000145348,MONDO_0004979,asthma,gwas_credible_sets:0.6964689783962508,0.4234049415481836,TBCK
Q8TEA7,ENSG00000145348,HP_0001263,Global developmental delay,eva:0.6656842233847251; europepmc:0.045738245647382894,0.4060802252876369,TBCK
Q8TEA7,ENSG00000145348,EFO_0006335,systolic blood pressure,gwas_credible_sets:0.6530098912506441,0.396984824036282,TBCK
Q8TEA7,ENSG00000145348,MONDO_0800439,syndromic complex neurodevelopmental disorder,clingen:0.607930797611621,0.3695798546847018,TBCK
Q8TEA7,ENSG00000145348,EFO_0004191,androgenetic alopecia,gwas_credible_sets:0.581183086588435,0.3533190973880911,TBCK
Q8TEA7,ENSG00000145348,HP_0001249,Intellectual disability,eva:0.5592963338026914; europepmc:0.07578925942802513,0.3423171975566493,TBCK
Q8TF76,ENSG00000177602,MONDO_0007254,breast cancer,europepmc:0.8540317735790358,0.1038384434595141,HASPIN
Q8TF76,ENSG00000177602,MONDO_0008170,ovarian cancer,europepmc:0.6632356132276781,0.080640271070787,HASPIN
Q8TF76,ENSG00000177602,EFO_0005221,cholangiocarcinoma,europepmc:0.6459264724623474,0.0785357191204991,HASPIN
Q8TF76,ENSG00000177602,MONDO_0004986,urinary bladder carcinoma,europepmc:0.6109704515996791,0.074285550791625,HASPIN
Q8TF76,ENSG00000177602,MONDO_0002108,thyroid cancer,europepmc:0.607930797611621,0.0739159709369403,HASPIN
Q8TF76,ENSG00000177602,MONDO_0018899,posterior cortical atrophy,europepmc:0.607930797611621,0.0739159709369403,HASPIN
Q8TF76,ENSG00000177602,EFO_0000616,neoplasm,europepmc:0.5170105528751656,0.0628613275566049,HASPIN
Q8TF76,ENSG00000177602,MONDO_0018394,male infertility with teratozoospermia due to single gene mutation,impc:0.4877428789238036,0.0593027834827072,HASPIN
Q8TF76,ENSG00000177602,EFO_0000756,melanoma,europepmc:0.41230194094393,0.0501302095629725,HASPIN
Q8TF76,ENSG00000177602,MONDO_0013504,spermatogenic failure 8,impc:0.41229866694020134,0.0501298114894329,HASPIN
Q8WTQ7,ENSG00000114124,EFO_0000719,temporal measurement,gwas_credible_sets:0.5463404250530857,0.3321371703699944,GRK7
Q8WTQ7,ENSG00000114124,OBA_0003460,erythrocyte volume,gwas_credible_sets:0.5432629388368793,0.3302662717199373,GRK7
Q8WTQ7,ENSG00000114124,MONDO_0008170,ovarian cancer,slapenrich:0.607930797611621,0.1847899273423509,GRK7
Q8WTQ7,ENSG00000114124,EFO_0000304,breast adenocarcinoma,slapenrich:0.36650615479680426,0.1114051895075947,GRK7
Q8WTQ7,ENSG00000114124,EFO_0021375,X-14632 measurement,gwas_credible_sets:0.17810875369823345,0.1082777966973788,GRK7
Q8WTQ7,ENSG00000114124,EFO_0004527,mean corpuscular hemoglobin,gwas_credible_sets:0.13538468263202746,0.0823045180968846,GRK7
Q8WTQ7,ENSG00000114124,EFO_0004338,body weight,gwas_credible_sets:0.10054632479590152,0.0611252074300895,GRK7
Q8WTQ7,ENSG00000114124,EFO_0004627,IGF-1 measurement,gwas_credible_sets:0.10054632479590152,0.0611252074300895,GRK7
Q8WTQ7,ENSG00000114124,OBA_0003747,glomerular filtration rate,gwas_credible_sets:0.09520444153848655,0.057877712080661,GRK7
Q8WTQ7,ENSG00000114124,MONDO_0042981,aortic valve stenosis,gwas_credible_sets:0.09520444153848655,0.057877712080661,GRK7
Q8WU08,ENSG00000169302,EFO_0000278,pancreatitis,gwas_credible_sets:0.6900849736938942,0.4195239084775236,STK32A
Q8WU08,ENSG00000169302,EFO_0007828,daytime rest measurement,gwas_credible_sets:0.5640199047307096,0.3428850705517708,STK32A
Q8WU08,ENSG00000169302,EFO_0000318,cardiomyopathy,gwas_credible_sets:0.5565687718969339,0.3383552974250234,STK32A
Q8WU08,ENSG00000169302,EFO_1000652,acute pancreatitis,gwas_credible_sets:0.5520679789551153,0.3356191267820189,STK32A
Q8WU08,ENSG00000169302,MONDO_0004126,thyroiditis,gwas_credible_sets:0.5431156118332219,0.3301767070970942,STK32A
Q8WU08,ENSG00000169302,MONDO_0001639,deficiency anemia,gwas_credible_sets:0.5295687615502843,0.3219411595994627,STK32A
Q8WU08,ENSG00000169302,EFO_0000729,ulcerative colitis,gwas_credible_sets:0.5276599790079369; expression_atlas:0.016404674673513392,0.3212793972539677,STK32A
Q8WU08,ENSG00000169302,EFO_0010967,urinary microalbumin measurement,gwas_credible_sets:0.5274462423859698,0.320650814830955,STK32A
Q8WU08,ENSG00000169302,EFO_0000400,diabetes mellitus,gwas_credible_sets:0.49352969960351356,0.3000319039249877,STK32A
Q8WU08,ENSG00000169302,EFO_0004612,high density lipoprotein cholesterol measurement,gwas_credible_sets:0.49352969960351356,0.3000319039249877,STK32A
Q8WXR4,ENSG00000071909,OBA_0003460,erythrocyte volume,gwas_credible_sets:0.7282492441515417,0.4427251438571069,MYO3B
Q8WXR4,ENSG00000071909,EFO_0004530,triglyceride measurement,gwas_credible_sets:0.7157204454069173,0.4351085012431719,MYO3B
Q8WXR4,ENSG00000071909,EFO_1002018,bronchial disease,gwas_credible_sets:0.5846153004346792,0.355405645889212,MYO3B
Q8WXR4,ENSG00000071909,MONDO_0005277,migraine disorder,gwas_credible_sets:0.55940163307456,0.3400774809802607,MYO3B
Q8WXR4,ENSG00000071909,EFO_0005670,smoking initiation,gwas_credible_sets:0.5536979542631542,0.3366100389711222,MYO3B
Q8WXR4,ENSG00000071909,EFO_0004875,mathematical ability,gwas_credible_sets:0.5515259116373931,0.3352895873651968,MYO3B
Q8WXR4,ENSG00000071909,MONDO_0000620,breast benign neoplasm,gwas_credible_sets:0.5509425589297746,0.3349349492883654,MYO3B
Q8WXR4,ENSG00000071909,EFO_0001061,cervical carcinoma,gwas_credible_sets:0.5453722203508161,0.3315485689130924,MYO3B
Q8WXR4,ENSG00000071909,MONDO_0003265,adjustment disorder,gwas_credible_sets:0.5435057290947555,0.3304138713950603,MYO3B
Q8WXR4,ENSG00000071909,EFO_0010098,stress-related disorder,gwas_credible_sets:0.5435057290947555,0.3304138713950603,MYO3B
Q8WZ42,ENSG00000155657,EFO_0000407,dilated cardiomyopathy,gene_burden:0.9693049495932319; eva:0.9430845895615884; eva_somatic:0.8523662617579736; clingen:0.607930797611621; gene2phenotype:0.607930797611621; genomics_england:0.607930797611621; gwas_credible_sets:0.5513968167789143; impc:0.5359272260659551; europepmc:0.09574910062383032,0.8463293516985615,
Q8WZ42,ENSG00000155657,MONDO_0011400,dilated cardiomyopathy 1G,eva:0.9468235917475697; uniprot_variants:0.9190679877429972; genomics_england:0.8274613634158176; uniprot_literature:0.607930797611621; eva_somatic:0.42555155832813474; impc:0.41398567490357363; europepmc:0.015198269940290528,0.806061786200876,
Q8WZ42,ENSG00000155657,EFO_0000318,cardiomyopathy,gene_burden:0.9855015344421922; eva:0.9368495476711686; gwas_credible_sets:0.8442706042611751; europepmc:0.7229749012746902,0.8040243189083583,
Q8WZ42,ENSG00000155657,MONDO_0010870,tibial muscular dystrophy,eva:0.9339946972295622; genomics_england:0.865457038266544; uniprot_variants:0.7599134970145264; orphanet:0.607930797611621; uniprot_literature:0.607930797611621; clingen:0.3039653988058105; impc:0.583310713493986; europepmc:0.1899062942495949,0.7954923412028356,
Q8WZ42,ENSG00000155657,MONDO_0012714,early-onset myopathy with fatal cardiomyopathy,eva:0.9343874893302632; genomics_england:0.8897742701710087; orphanet:0.607930797611621; uniprot_literature:0.607930797611621; gene2phenotype:0.607930797611621; impc:0.45984392140341024; europepmc:0.02539462037356544,0.7838356772448081,
Q8WZ42,ENSG00000155657,MONDO_0011362,"myopathy, myofibrillar, 9, with early respiratory failure",eva:0.9378958914623983; genomics_england:0.865457038266544; uniprot_literature:0.607930797611621; uniprot_variants:0.607930797611621; clingen:0.3039653988058105; impc:0.2649970346789056; europepmc:0.1891037745088384,0.7746292924785673,
Q8WZ42,ENSG00000155657,MONDO_0012127,autosomal recessive limb-girdle muscular dystrophy type 2J,eva:0.946254294599284; genomics_england:0.865457038266544; uniprot_literature:0.607930797611621; orphanet:0.607930797611621; impc:0.5097498218146449; europepmc:0.08800840228157998,0.7737311740842922,
Q8WZ42,ENSG00000155657,MONDO_0013412,hypertrophic cardiomyopathy 9,eva:0.9331642274458085; genomics_england:0.865457038266544; uniprot_variants:0.607930797611621; uniprot_literature:0.607930797611621; impc:0.4495631361371337; europepmc:0.012158615952232422,0.7652244298385769,
Q8WZ42,ENSG00000155657,EFO_0000275,atrial fibrillation,gene_burden:0.9845771321689549; gwas_credible_sets:0.8323589877017201; eva:0.24713597725308184; europepmc:0.52351871166362,0.7457307244165844,
Q8WZ42,ENSG00000155657,Orphanet_178464,Hereditary proximal myopathy with early respiratory failure,eva:0.9378958914623983; genomics_england:0.7599134970145264; orphanet:0.607930797611621; impc:0.34115556534970143; europepmc:0.1891037745088384,0.7302461135153245,
Q92519,ENSG00000071575,EFO_0004309,platelet count,gwas_credible_sets:0.8995245610073617,0.5468486838444486,TRIB2
Q92519,ENSG00000071575,EFO_0004340,body mass index,gwas_credible_sets:0.8508179747862956,0.5172384500341368,TRIB2
Q92519,ENSG00000071575,EFO_0005091,monocyte count,gwas_credible_sets:0.8506391877381225,0.5171297598813384,TRIB2
Q92519,ENSG00000071575,EFO_0004190,open-angle glaucoma,gwas_credible_sets:0.8194123944511378; europepmc:0.034787151196664985,0.4992034395602097,TRIB2
Q92519,ENSG00000071575,EFO_0004348,hematocrit,gwas_credible_sets:0.8170896748588559,0.4967339777571644,TRIB2
Q92519,ENSG00000071575,EFO_0004509,hemoglobin measurement,gwas_credible_sets:0.80920931882654; europepmc:0.04863446380892969,0.4934215860477138,TRIB2
Q92519,ENSG00000071575,EFO_0004833,neutrophil count,gwas_credible_sets:0.7969743647870665,0.4845052612610164,TRIB2
Q92519,ENSG00000071575,EFO_0004612,high density lipoprotein cholesterol measurement,gwas_credible_sets:0.786041822618092,0.477859032180309,TRIB2
Q92519,ENSG00000071575,EFO_0004705,hypothyroidism,gwas_credible_sets:0.7792092413254216; europepmc:0.015198269940290528,0.4741672704036656,TRIB2
Q92519,ENSG00000071575,EFO_0007986,reticulocyte count,gwas_credible_sets:0.7737198567959795,0.4703681296699291,TRIB2
Q92630,ENSG00000127334,OBA_2045267,cerebral cortex area attribute,gwas_credible_sets:0.7079935743280644,0.4304110983451627,DYRK2
Q92630,ENSG00000127334,EFO_0004340,body mass index,gwas_credible_sets:0.6728868989125452,0.4090686691583138,DYRK2
Q92630,ENSG00000127334,EFO_0005670,smoking initiation,gwas_credible_sets:0.6043393751881647,0.3673965183862497,DYRK2
Q92630,ENSG00000127334,EFO_0004840,cortical thickness,gwas_credible_sets:0.5934012077623934,0.360746869538691,DYRK2
Q92630,ENSG00000127334,EFO_0007825,balding measurement,gwas_credible_sets:0.5714913140376606,0.3474271703710284,DYRK2
Q92630,ENSG00000127334,EFO_0005756,skin wound,gwas_credible_sets:0.5297346298758058,0.3220419960628954,DYRK2
Q92630,ENSG00000127334,EFO_0003888,attention deficit hyperactivity disorder,gwas_credible_sets:0.5087227122914614; europepmc:0.06079307976116211,0.3111161035199188,DYRK2
Q92630,ENSG00000127334,MONDO_0000334,multinodular goiter,gwas_credible_sets:0.5116392008700799,0.31104122747432,DYRK2
Q92630,ENSG00000127334,OBA_1000278,social inhibition quality,gwas_credible_sets:0.5087227122914614,0.3092682042464953,DYRK2
Q92630,ENSG00000127334,EFO_0006527,smoking status measurement,gwas_credible_sets:0.5087227122914614,0.3092682042464953,DYRK2
Q92772,ENSG00000138769,EFO_0005091,monocyte count,gwas_credible_sets:0.5497589556478426,0.3342154004011248,CDKL2
Q92772,ENSG00000138769,EFO_0004541,HbA1c measurement,gwas_credible_sets:0.5324779950743571,0.3237097722561907,CDKL2
Q92772,ENSG00000138769,EFO_0000662,polyp,gwas_credible_sets:0.526644786714953,0.3201635852456234,CDKL2
Q92772,ENSG00000138769,EFO_0010282,gastrointestinal disease,gwas_credible_sets:0.5087416786090371,0.3092797344550669,CDKL2
Q92772,ENSG00000138769,MONDO_0005148,type 2 diabetes mellitus,gwas_credible_sets:0.49686103882427546,0.3020571276345804,CDKL2
Q92772,ENSG00000138769,EFO_0004612,high density lipoprotein cholesterol measurement,gwas_credible_sets:0.3623855124084674,0.2203053136013756,CDKL2
Q92772,ENSG00000138769,EFO_1000566,Testicular Germ Cell Tumor,gwas_credible_sets:0.3464690771354548,0.2106292224107193,CDKL2
Q92772,ENSG00000138769,EFO_0004468,glucose measurement,gwas_credible_sets:0.3265192507903933,0.1985011085685527,CDKL2
Q92772,ENSG00000138769,EFO_0004611,low density lipoprotein cholesterol measurement,gwas_credible_sets:0.3191969610403099,0.1940496631204411,CDKL2
Q92772,ENSG00000138769,EFO_0005772,neurodegenerative disease,crispr_screen:0.22172338637107475; europepmc:0.02262853524443256,0.1354803042997136,CDKL2
Q92918,ENSG00000104814,EFO_0000546,injury,gwas_credible_sets:0.4794819920790773,0.2914918698850424,MAP4K1
Q92918,ENSG00000104814,EFO_0004309,platelet count,gwas_credible_sets:0.29015900945264833,0.1763965980507464,MAP4K1
Q92918,ENSG00000104814,EFO_0000616,neoplasm,europepmc:0.8788165518321402,0.1068519294619215,MAP4K1
Q92918,ENSG00000104814,EFO_0004842,eosinophil count,gwas_credible_sets:0.1639384594566558,0.0996632384167051,MAP4K1
Q92918,ENSG00000104814,EFO_0000222,acute myeloid leukemia,europepmc:0.7270080972463083,0.088394122485811,MAP4K1
Q92918,ENSG00000104814,HP_0002725,Systemic lupus erythematosus,europepmc:0.7019010147404717,0.0853414487471162,MAP4K1
Q92918,ENSG00000104814,EFO_0005543,glioma,europepmc:0.6180586524405732,0.0751473779097922,MAP4K1
Q92918,ENSG00000104814,EFO_0000519,glioblastoma multiforme,europepmc:0.6123214089277049,0.0744498085048182,MAP4K1
Q92918,ENSG00000104814,EFO_0005140,autoimmune disease,impc:0.5603906092383923; europepmc:0.0996082811010701,0.0711634890985964,MAP4K1
Q92918,ENSG00000104814,MONDO_0013860,idiopathic membranous glomerulonephritis,impc:0.5659227794966581,0.0688083773451977,MAP4K1
Q96BR1,ENSG00000104205,EFO_0005772,neurodegenerative disease,crispr_screen:0.6283069694613685,0.3819671570895902,SGK3
Q96BR1,ENSG00000104205,EFO_0004747,protein measurement,gwas_credible_sets:0.5155457143203358,0.3134161173120147,SGK3
Q96BR1,ENSG00000104205,EFO_0000284,benign prostatic hyperplasia,gwas_credible_sets:0.5038675930830363,0.306316627753618,SGK3
Q96BR1,ENSG00000104205,EFO_0004517,arterial stiffness measurement,gwas_credible_sets:0.49716577463268274,0.3022423859176463,SGK3
Q96BR1,ENSG00000104205,MONDO_0004975,Alzheimer disease,crispr_screen:0.39843516715766963; europepmc:0.03495602086266821,0.2432835510489002,SGK3
Q96BR1,ENSG00000104205,MONDO_0005301,multiple sclerosis,crispr_screen:0.39843516715766963,0.2422210089666816,SGK3
Q96BR1,ENSG00000104205,MONDO_0005180,Parkinson disease,crispr_screen:0.39843516715766963,0.2422210089666816,SGK3
Q96BR1,ENSG00000104205,MONDO_0002561,lysosomal storage disease,crispr_screen:0.39843516715766963,0.2422210089666816,SGK3
Q96BR1,ENSG00000104205,EFO_0004327,electrocardiography,gwas_credible_sets:0.31152416485347867,0.1893851340146694,SGK3
Q96BR1,ENSG00000104205,EFO_0020092,neuroinflammatory disorder,crispr_screen:0.2693418120850649,0.1637411826510328,SGK3
Q96C45,ENSG00000168038,EFO_0004348,hematocrit,gwas_credible_sets:0.9040939438446031,0.5496265523972856,ULK4
Q96C45,ENSG00000168038,EFO_0006336,diastolic blood pressure,gwas_credible_sets:0.8900043928118673,0.541061080399965,ULK4
Q96C45,ENSG00000168038,EFO_0004305,erythrocyte count,gwas_credible_sets:0.8878792274771821,0.5397691269429933,ULK4
Q96C45,ENSG00000168038,EFO_0005763,pulse pressure measurement,gwas_credible_sets:0.8694869307139457,0.5285878833018093,ULK4
Q96C45,ENSG00000168038,EFO_0006335,systolic blood pressure,gwas_credible_sets:0.8630122205212871,0.5246517075700823,ULK4
Q96C45,ENSG00000168038,EFO_0004509,hemoglobin measurement,gwas_credible_sets:0.8381668468809402,0.5095474397559475,ULK4
Q96C45,ENSG00000168038,EFO_0006945,diastolic blood pressure change measurement,gwas_credible_sets:0.8078104959907022,0.4910928791466668,ULK4
Q96C45,ENSG00000168038,EFO_0020865,aortic measurement,gwas_credible_sets:0.7667179556014336,0.466111458291931,ULK4
Q96C45,ENSG00000168038,EFO_0001378,multiple myeloma,gwas_credible_sets:0.7466537095936495; europepmc:0.04745237614690708,0.4553561732569208,ULK4
Q96C45,ENSG00000168038,EFO_0004309,platelet count,gwas_credible_sets:0.7417351837041218,0.4509236618458491,ULK4
Q96D53,ENSG00000123815,EFO_0004255,nephrotic syndrome,eva:0.9236109219094549; genomics_england:0.9190679877429972; uniprot_variants:0.9066612367713315; uniprot_literature:0.607930797611621; europepmc:0.18186044574643653,0.7864001996883431,COQ8B
Q96D53,ENSG00000123815,MONDO_0019200,retinitis pigmentosa,eva:0.630424237123251; genomics_england:0.3039653988058105; europepmc:0.0727828260473913,0.4304350560656549,COQ8B
Q96D53,ENSG00000123815,MONDO_0044970,mitochondrial disease,clingen:0.607930797611621; eva:0.19453785523571876,0.3991462430594779,COQ8B
Q96D53,ENSG00000123815,MONDO_0019006,familial idiopathic steroid-resistant nephrotic syndrome,orphanet:0.607930797611621,0.3695798546847018,COQ8B
Q96D53,ENSG00000123815,EFO_0000508,genetic disorder,eva:0.5404638354802462,0.328564610583742,COQ8B
Q96D53,ENSG00000123815,EFO_0004348,hematocrit,gwas_credible_sets:0.4072104566765348,0.2475557777231583,COQ8B
Q96D53,ENSG00000123815,EFO_0004509,hemoglobin measurement,gwas_credible_sets:0.31754822071360506,0.193047343098573,COQ8B
Q96D53,ENSG00000123815,EFO_0004305,erythrocyte count,gwas_credible_sets:0.3166984627097544,0.1925307490375152,COQ8B
Q96D53,ENSG00000123815,EFO_0000341,chronic obstructive pulmonary disease,gwas_credible_sets:0.26040473396109,0.1583080576188074,COQ8B
Q96D53,ENSG00000123815,EFO_0007794,nicotine metabolite ratio,gwas_credible_sets:0.23120160739697085,0.1405545775939293,COQ8B
Q96GD4,ENSG00000178999,EFO_0005772,neurodegenerative disease,crispr_screen:0.9236591545568223; europepmc:0.012158615952232422,0.5618904264056893,AURKB
Q96GD4,ENSG00000178999,MONDO_0004975,Alzheimer disease,crispr_screen:0.865457038266544; europepmc:0.08257895537223855,0.5286481020822403,AURKB
Q96GD4,ENSG00000178999,MONDO_0005301,multiple sclerosis,crispr_screen:0.865457038266544; europepmc:0.030396539880581056,0.5270619372086831,AURKB
Q96GD4,ENSG00000178999,MONDO_0002561,lysosomal storage disease,crispr_screen:0.865457038266544,0.5261379875719714,AURKB
Q96GD4,ENSG00000178999,MONDO_0005180,Parkinson disease,crispr_screen:0.865457038266544,0.5261379875719714,AURKB
Q96GD4,ENSG00000178999,EFO_0020092,neuroinflammatory disorder,crispr_screen:0.7317489058530164,0.4448526959866553,AURKB
Q96GD4,ENSG00000178999,EFO_0000702,small cell lung carcinoma,chembl:0.44750461490855437; slapenrich:0.45887733627675253; europepmc:0.20738570391629363,0.3097242379716517,AURKB
Q96GD4,ENSG00000178999,EFO_0000222,acute myeloid leukemia,slapenrich:0.8535113418812669; chembl:0.16727781092716906; europepmc:0.586372196500466,0.2927828868332708,AURKB
Q96GD4,ENSG00000178999,EFO_0000519,glioblastoma multiforme,slapenrich:0.8669482737236037; europepmc:0.574971875683498; expression_atlas:0.0933581982594713,0.2822606627365293,AURKB
Q96GD4,ENSG00000178999,EFO_0000304,breast adenocarcinoma,slapenrich:0.8709615444383813,0.2647421731997372,AURKB
Q96GX5,ENSG00000120539,EFO_0005772,neurodegenerative disease,crispr_screen:0.8872284402827698,0.5393734933648188,MASTL
Q96GX5,ENSG00000120539,MONDO_0002561,lysosomal storage disease,crispr_screen:0.8274613634158176,0.5030392466541774,MASTL
Q96GX5,ENSG00000120539,MONDO_0005180,Parkinson disease,crispr_screen:0.8274613634158176,0.5030392466541774,MASTL
Q96GX5,ENSG00000120539,MONDO_0005301,multiple sclerosis,crispr_screen:0.8274613634158176,0.5030392466541774,MASTL
Q96GX5,ENSG00000120539,MONDO_0004975,Alzheimer disease,crispr_screen:0.8274613634158176,0.5030392466541774,MASTL
Q96GX5,ENSG00000120539,EFO_0004309,platelet count,gwas_credible_sets:0.7595430587291656,0.461749617513592,MASTL
Q96GX5,ENSG00000120539,EFO_0700038,autosomal thrombocytopenia with normal platelets,orphanet:0.607930797611621,0.3695798546847018,MASTL
Q96GX5,ENSG00000120539,EFO_0004587,lymphocyte count,gwas_credible_sets:0.4752930521840178,0.2889452843134917,MASTL
Q96GX5,ENSG00000120539,EFO_0007985,platelet crit,gwas_credible_sets:0.4485278915205844,0.2726739188431675,MASTL
Q96GX5,ENSG00000120539,HP_0001873,Thrombocytopenia,eva:0.3132096645724904; genomics_england:0.3039653988058105; europepmc:0.082415048406624; clingen:0.006079307976116211,0.2379516625838333,MASTL
Q96J92,ENSG00000126562,MONDO_0013777,pseudohypoaldosteronism type 2B,uniprot_variants:0.865457038266544; eva:0.8450322648458851; genomics_england:0.7599134970145264; orphanet:0.607930797611621; uniprot_literature:0.607930797611621; impc:0.6288697411867916,0.7459046832069319,WNK4
Q96J92,ENSG00000126562,EFO_0009283,potassium measurement,gwas_credible_sets:0.7273128706196106,0.4421558935489776,WNK4
Q96J92,ENSG00000126562,EFO_0005772,neurodegenerative disease,crispr_screen:0.607930797611621,0.3695798546847018,WNK4
Q96J92,ENSG00000126562,EFO_0000508,genetic disorder,eva:0.3184677592475232; europepmc:0.012158615952232422,0.1939759387476171,WNK4
Q96J92,ENSG00000126562,EFO_0000519,glioblastoma multiforme,slapenrich:0.5776119763517491,0.1755740547467718,WNK4
Q96J92,ENSG00000126562,EFO_0000304,breast adenocarcinoma,slapenrich:0.5221988336516445,0.1587303767268512,WNK4
Q96J92,ENSG00000126562,EFO_0004833,neutrophil count,gwas_credible_sets:0.24146314377137892,0.1467928815867439,WNK4
Q96J92,ENSG00000126562,EFO_0000181,head and neck squamous cell carcinoma,slapenrich:0.3827459360611051; europepmc:0.012158615952232422,0.1167111009508017,WNK4
Q96J92,ENSG00000126562,EFO_0004530,triglyceride measurement,gwas_credible_sets:0.13182658773591477,0.080141442628713,WNK4
Q96J92,ENSG00000126562,EFO_0005689,non-high density lipoprotein cholesterol measurement,gwas_credible_sets:0.12798393013759768,0.0778053727300197,WNK4
Q96KB5,ENSG00000168078,EFO_0004725,metabolite measurement,gwas_credible_sets:0.5473300852236318,0.332738815266839,PBK
Q96KB5,ENSG00000168078,OBA_VT0001253,body height,gwas_credible_sets:0.22191181990284034,0.1349070296729801,PBK
Q96KB5,ENSG00000168078,EFO_0000182,hepatocellular carcinoma,europepmc:0.8754827002990008; expression_atlas:0.3313164578292827,0.1165174531810901,PBK
Q96KB5,ENSG00000168078,EFO_0000616,neoplasm,europepmc:0.9442714589021627,0.1148103402344561,PBK
Q96KB5,ENSG00000168078,MONDO_0004992,cancer,europepmc:0.9250918316311777,0.1124783630135074,PBK
Q96KB5,ENSG00000168078,MONDO_0007254,breast cancer,europepmc:0.8728850017112928,0.1061307350627134,PBK
Q96KB5,ENSG00000168078,EFO_0003060,non-small cell lung carcinoma,europepmc:0.7867064698837224; expression_atlas:0.29410215775674,0.1045923063117445,PBK
Q96KB5,ENSG00000168078,MONDO_0001056,gastric cancer,europepmc:0.8348891739656672,0.101510968289251,PBK
Q96KB5,ENSG00000168078,EFO_0005922,esophageal squamous cell carcinoma,europepmc:0.828626961506025,0.1007495699261703,PBK
Q96KB5,ENSG00000168078,EFO_0000519,glioblastoma multiforme,europepmc:0.7283623503991185; expression_atlas:0.3926207658341003,0.1004930936923027,PBK
Q96KG9,ENSG00000142186,MONDO_0014744,acute infantile liver failure-cerebellar ataxia-peripheral sensory motor neuropathy syndrome,eva:0.9108839169067622; genomics_england:0.8970119723611113; orphanet:0.607930797611621; uniprot_literature:0.607930797611621; europepmc:0.04103532883878443,0.7544474294305153,SCYL1
Q96KG9,ENSG00000142186,MONDO_0015244,autosomal recessive cerebellar ataxia,eva:0.9108839169067622,0.5537543861367255,SCYL1
Q96KG9,ENSG00000142186,EFO_0000508,genetic disorder,eva:0.8518773478654875; europepmc:0.03630697819069404,0.518986082065655,SCYL1
Q96KG9,ENSG00000142186,EFO_0004305,erythrocyte count,gwas_credible_sets:0.6403125623881902,0.3892657267733934,SCYL1
Q96KG9,ENSG00000142186,OBA_0003460,erythrocyte volume,gwas_credible_sets:0.5602425465565292,0.3405886981840765,SCYL1
Q96KG9,ENSG00000142186,OBA_2050096,serum creatinine amount,gwas_credible_sets:0.49017708413915806,0.297993745731657,SCYL1
Q96KG9,ENSG00000142186,OBA_0003747,glomerular filtration rate,gwas_credible_sets:0.4209969758589377,0.2559370273260044,SCYL1
Q96KG9,ENSG00000142186,EFO_0800126,"N6,N6,N6-trimethyllysine measurement",gwas_credible_sets:0.4129024476606479,0.2510161143421283,SCYL1
Q96KG9,ENSG00000142186,EFO_0020092,neuroinflammatory disorder,crispr_screen:0.393008873094221,0.2389221976886141,SCYL1
Q96KG9,ENSG00000142186,OBA_1001085,waist circumference,gwas_credible_sets:0.38564805898029925,0.2344473320932668,SCYL1
Q96L34,ENSG00000007047,MONDO_0013560,Hermansky-Pudlak syndrome 8,eva:0.8176580516632072,0.4970795115211776,MARK4
Q96L34,ENSG00000007047,MONDO_0019312,Hermansky-Pudlak syndrome,eva:0.6303060283570487,0.3831824465585137,MARK4
Q96L34,ENSG00000007047,EFO_0004611,low density lipoprotein cholesterol measurement,gwas_credible_sets:0.513713669847893,0.3123023610546225,MARK4
Q96L34,ENSG00000007047,EFO_0010351,cholesteryl ester measurement,gwas_credible_sets:0.49019276479003737,0.2980032784822531,MARK4
Q96L34,ENSG00000007047,EFO_0004574,total cholesterol measurement,gwas_credible_sets:0.4866625517009152,0.2958571532232442,MARK4
Q96L34,ENSG00000007047,EFO_0008595,intermediate density lipoprotein measurement,gwas_credible_sets:0.4826044583523321,0.2933901132970576,MARK4
Q96L34,ENSG00000007047,EFO_0004639,phospholipid measurement,gwas_credible_sets:0.4647021656606701,0.2825067582219388,MARK4
Q96L34,ENSG00000007047,EFO_0008591,free cholesterol measurement,gwas_credible_sets:0.4636859395045307,0.2818889630442832,MARK4
Q96L34,ENSG00000007047,EFO_0004529,lipid measurement,gwas_credible_sets:0.4570449307054839,0.2778516892681329,MARK4
Q96L34,ENSG00000007047,EFO_0020946,phospholipids:total lipids ratio,gwas_credible_sets:0.43843363138895325,0.2665373072300458,MARK4
Q96L96,ENSG00000136383,EFO_0000538,hypertrophic cardiomyopathy,eva:0.9350756068553397; genomics_england:0.8274613634158176; gene2phenotype:0.7599134970145264; clingen:0.7599134970145264; uniprot_variants:0.607930797611621; uniprot_literature:0.607930797611621; gwas_credible_sets:0.3521273688533827; europepmc:0.7922701568591648; impc:0.6460728320567432,0.8063180289620713,ALPK3
Q96L96,ENSG00000136383,HP_0001626,Abnormality of the cardiovascular system,eva:0.9132743989990534,0.5552076338217684,ALPK3
Q96L96,ENSG00000136383,EFO_0000318,cardiomyopathy,eva:0.825549758796661; europepmc:0.3216480220760793,0.5116541102638811,ALPK3
Q96L96,ENSG00000136383,EFO_0004541,HbA1c measurement,gwas_credible_sets:0.7053774757666864,0.4288206914601136,ALPK3
Q96L96,ENSG00000136383,EFO_0010642,Neurodevelopmental disorder,eva:0.6991204172533643,0.425016832887407,ALPK3
Q96L96,ENSG00000136383,EFO_0008205,left ventricular structural measurement,gwas_credible_sets:0.6808838487214445,0.4139302612340981,ALPK3
Q96L96,ENSG00000136383,EFO_0008206,left ventricular systolic function measurement,gwas_credible_sets:0.6401709727214234,0.3891796500543422,ALPK3
Q96L96,ENSG00000136383,EFO_0004842,eosinophil count,gwas_credible_sets:0.5962909990566407,0.362503662665134,ALPK3
Q96L96,ENSG00000136383,EFO_0004340,body mass index,gwas_credible_sets:0.595685654025459,0.3621356547774975,ALPK3
Q96L96,ENSG00000136383,EFO_0004327,electrocardiography,gwas_credible_sets:0.5670238075513119,0.3447112355894473,ALPK3
Q96NX5,ENSG00000008118,EFO_0004340,body mass index,gwas_credible_sets:0.7961628811220068,0.4840119353492678,CAMK1G
Q96NX5,ENSG00000008118,OBA_1001085,waist circumference,gwas_credible_sets:0.6894803387529543,0.4191563322756142,CAMK1G
Q96NX5,ENSG00000008118,EFO_0005772,neurodegenerative disease,crispr_screen:0.6799667167917653,0.4133727084885731,CAMK1G
Q96NX5,ENSG00000008118,EFO_0004530,triglyceride measurement,gwas_credible_sets:0.6189059495585344,0.3762519875616975,CAMK1G
Q96NX5,ENSG00000008118,EFO_0004338,body weight,gwas_credible_sets:0.6185562283375131,0.3760393812608603,CAMK1G
Q96NX5,ENSG00000008118,EFO_0004346,neuroimaging measurement,gwas_credible_sets:0.6185562283375131,0.3760393812608603,CAMK1G
Q96NX5,ENSG00000008118,MONDO_0004975,Alzheimer disease,crispr_screen:0.5720619448546039; expression_atlas:0.03359944968349924; europepmc:0.012158615952232422,0.3489596391441778,CAMK1G
Q96NX5,ENSG00000008118,MONDO_0005301,multiple sclerosis,crispr_screen:0.5720619448546039,0.3477740744187145,CAMK1G
Q96NX5,ENSG00000008118,MONDO_0005180,Parkinson disease,crispr_screen:0.5720619448546039,0.3477740744187145,CAMK1G
Q96NX5,ENSG00000008118,MONDO_0002561,lysosomal storage disease,crispr_screen:0.5720619448546039,0.3477740744187145,CAMK1G
Q96PF2,ENSG00000206203,EFO_0000279,azoospermia,impc:0.6984345392334553; europepmc:0.04542594015486835,0.0863007647046702,TSSK2
Q96PF2,ENSG00000206203,Orphanet_399786,Male infertility with spermatogenesis disorder due to single gene mutation,impc:0.607930797611621,0.0739159709369403,TSSK2
Q96PF2,ENSG00000206203,Orphanet_404469,Female infertility due to fertilization defect,impc:0.5902248131311826,0.0717631682834019,TSSK2
Q96PF2,ENSG00000206203,Orphanet_400008,Rare genetic female infertility,impc:0.5700719071903573,0.0693128538468424,TSSK2
Q96PF2,ENSG00000206203,MONDO_0015607,partial chromosome Y deletion,impc:0.5502229666483379,0.0668994973957513,TSSK2
Q96PF2,ENSG00000206203,MONDO_0018394,male infertility with teratozoospermia due to single gene mutation,impc:0.545465908157027,0.0663211049231697,TSSK2
Q96PF2,ENSG00000206203,MONDO_0011720,spermatogenic failure 3,impc:0.49807770248320116,0.0605593549886352,TSSK2
Q96PF2,ENSG00000206203,MONDO_0030307,spermatogenic failure 55,impc:0.49807770248320116,0.0605593549886352,TSSK2
Q96PF2,ENSG00000206203,MONDO_0020852,spermatogenic failure 31,impc:0.47892788235843514,0.0582310019041216,TSSK2
Q96PF2,ENSG00000206203,MONDO_0030989,spermatogenic failure 53,impc:0.47892788235843514,0.0582310019041216,TSSK2
Q96PN8,ENSG00000162526,EFO_0020092,neuroinflammatory disorder,crispr_screen:0.5012406324991396,0.3047196175105554,TSSK3
Q96PN8,ENSG00000162526,EFO_0000279,azoospermia,impc:0.9140185127433959,0.111132000696776,TSSK3
Q96PN8,ENSG00000162526,MONDO_0018394,male infertility with teratozoospermia due to single gene mutation,impc:0.8509607518876133,0.1034650497262443,TSSK3
Q96PN8,ENSG00000162526,MONDO_0030531,spermatogenic failure 65,impc:0.8195789495809519,0.0996494569048885,TSSK3
Q96PN8,ENSG00000162526,MONDO_0030430,spermatogenic failure 56,impc:0.814402672143788,0.0990200932106817,TSSK3
Q96PN8,ENSG00000162526,MONDO_0025354,"spermatogenic failure, X-linked, 3",impc:0.8143845186546926,0.0990178859976606,TSSK3
Q96PN8,ENSG00000162526,MONDO_0032859,spermatogenic failure 40,impc:0.8114086129655508,0.0986560570538172,TSSK3
Q96PN8,ENSG00000162526,MONDO_0023664,spermatogenic failure 54,impc:0.8095616009936403,0.0984314859615609,TSSK3
Q96PN8,ENSG00000162526,MONDO_0014037,spermatogenic failure 11,impc:0.8088168857665662,0.0983409388971632,TSSK3
Q96PN8,ENSG00000162526,MONDO_0013901,spermatogenic failure 10,impc:0.8088168857665662,0.0983409388971632,TSSK3
Q96PY6,ENSG00000137601,MONDO_0009894,short-rib thoracic dysplasia 6 with or without polydactyly,genomics_england:0.9446636436547599; eva:0.9383765558170067; uniprot_variants:0.7599134970145264; uniprot_literature:0.607930797611621; europepmc:0.14396139026775195,0.7920365491643633,NEK1
Q96PY6,ENSG00000137601,Orphanet_2751,Orofaciodigital syndrome type 2,eva:0.7378912383342425; orphanet:0.607930797611621; uniprot_literature:0.3039653988058105; uniprot_variants:0.3039653988058105; europepmc:0.08207065767756885,0.5734625035934449,NEK1
Q96PY6,ENSG00000137601,MONDO_0009642,orofaciodigital syndrome type II,eva:0.7378912383342425; uniprot_variants:0.3039653988058105; uniprot_literature:0.3039653988058105; europepmc:0.08207065767756885,0.5159401710606811,NEK1
Q96PY6,ENSG00000137601,MONDO_0019662,"short rib-polydactyly syndrome, Majewski type",orphanet:0.607930797611621; eva:0.547137717850459,0.4527353219887596,NEK1
Q96PY6,ENSG00000137601,MONDO_0015461,short rib-polydactyly syndrome,gene2phenotype:0.607930797611621; eva:0.5209426552600382; europepmc:0.15356669687001553,0.450828746210012,NEK1
Q96PY6,ENSG00000137601,EFO_0005670,smoking initiation,gwas_credible_sets:0.7206566908375119,0.438109396865,NEK1
Q96PY6,ENSG00000137601,MONDO_0004976,amyotrophic lateral sclerosis,uniprot_literature:0.607930797611621; eva:0.24317231904464845; gwas_credible_sets:0.03624070428626749,0.4089858224045894,NEK1
Q96PY6,ENSG00000137601,EFO_1001986,connective tissue disease,eva:0.6695544667185317,0.4070427809966205,NEK1
Q96PY6,ENSG00000137601,EFO_0003782,motor neuron disease,eva:0.6520242901779296; europepmc:0.012158615952232422,0.3967552266447045,NEK1
Q96PY6,ENSG00000137601,EFO_0009578,placental retention,gwas_credible_sets:0.5578015315274568,0.3391047299704706,NEK1
Q96Q04,ENSG00000142235,EFO_0010967,urinary microalbumin measurement,gwas_credible_sets:0.24505947388943294,0.1489792014238872,LMTK3
Q96Q04,ENSG00000142235,HP_0001948,Alkalosis,gwas_credible_sets:0.19298547287940915,0.117321812455035,LMTK3
Q96Q04,ENSG00000142235,EFO_0000616,neoplasm,europepmc:0.6757605756677063,0.0821631331520313,LMTK3
Q96Q04,ENSG00000142235,EFO_0009492,cardiac arrest,gwas_credible_sets:0.13499133643163577,0.082065390827543,LMTK3
Q96Q04,ENSG00000142235,EFO_1001951,colorectal carcinoma,europepmc:0.6420863762574339,0.0780688165707474,LMTK3
Q96Q04,ENSG00000142235,MONDO_0002108,thyroid cancer,europepmc:0.6109704515996791,0.074285550791625,LMTK3
Q96Q04,ENSG00000142235,MONDO_0011719,gastrointestinal stromal tumor,europepmc:0.5693238145699631,0.0692218961381616,LMTK3
Q96Q04,ENSG00000142235,MONDO_0008170,ovarian cancer,europepmc:0.5592963338026914,0.0680026932619851,LMTK3
Q96Q04,ENSG00000142235,MONDO_0007254,breast cancer,europepmc:0.49006092094730924,0.0595846253099566,LMTK3
Q96Q04,ENSG00000142235,EFO_0003757,Asperger syndrome,impc:0.3856560997348721,0.0468904440631215,LMTK3
Q96Q40,ENSG00000138395,EFO_0004338,body weight,gwas_credible_sets:0.5936551874723234,0.360901271626326,CDK15
Q96Q40,ENSG00000138395,EFO_0800960,3-hydroxyhippurate measurement,gwas_credible_sets:0.5322372503510678,0.3235634161245407,CDK15
Q96Q40,ENSG00000138395,EFO_0004530,triglyceride measurement,gwas_credible_sets:0.5246717873043972,0.318964138140277,CDK15
Q96Q40,ENSG00000138395,EFO_0009519,device complication,gwas_credible_sets:0.5244069287038939,0.3188031224400187,CDK15
Q96Q40,ENSG00000138395,MONDO_0002050,depressive disorder,gwas_credible_sets:0.5108987570711229; europepmc:0.04126836897786887,0.3118455045084758,CDK15
Q96Q40,ENSG00000138395,OBA_2045223,myeloid leukocyte count,gwas_credible_sets:0.5033266651555779,0.3059877810072278,CDK15
Q96Q40,ENSG00000138395,EFO_0004346,neuroimaging measurement,gwas_credible_sets:0.5008805467593486,0.3045007102995556,CDK15
Q96Q40,ENSG00000138395,EFO_0004264,vascular disease,gwas_credible_sets:0.49088886360951756; europepmc:0.021277577916406734,0.2990732231384945,CDK15
Q96Q40,ENSG00000138395,EFO_0008039,BMI-adjusted hip circumference,gwas_credible_sets:0.368348175720069,0.2239302002642871,CDK15
Q96Q40,ENSG00000138395,EFO_0020092,neuroinflammatory disorder,crispr_screen:0.25311409145892017,0.1538758515073621,CDK15
Q96QP1,ENSG00000073331,MONDO_0013999,"retinal dystrophy, optic nerve edema, splenomegaly, anhidrosis, and migraine headache syndrome",genomics_england:0.8586178167934132; eva:0.7997544896735449; uniprot_literature:0.607930797611621; orphanet:0.607930797611621; uniprot_variants:0.607930797611621; gene2phenotype:0.607930797611621; europepmc:0.37306796496734435,0.7336672431523752,ALPK1
Q96QP1,ENSG00000073331,EFO_0004340,body mass index,gwas_credible_sets:0.8703618088450917,0.5291197486618899,ALPK1
Q96QP1,ENSG00000073331,EFO_0004346,neuroimaging measurement,gwas_credible_sets:0.7167598729699908,0.4357404012706506,ALPK1
Q96QP1,ENSG00000073331,EFO_0000508,genetic disorder,eva:0.682994801333908,0.4152135743395134,ALPK1
Q96QP1,ENSG00000073331,EFO_0004338,body weight,gwas_credible_sets:0.5737506732703399,0.3488007044314423,ALPK1
Q96QP1,ENSG00000073331,OBA_1000840,alcohol consumption quality,gwas_credible_sets:0.5655308360711512,0.3438036122467018,ALPK1
Q96QP1,ENSG00000073331,MONDO_0004577,corneal ulcer,gwas_credible_sets:0.4986296271878844,0.3031323069691158,ALPK1
Q96QP1,ENSG00000073331,OBA_1001085,waist circumference,gwas_credible_sets:0.49088886360951756,0.2984264583927963,ALPK1
Q96QP1,ENSG00000073331,EFO_0005756,skin wound,gwas_credible_sets:0.48353005139758837,0.293952809815324,ALPK1
Q96QP1,ENSG00000073331,EFO_0009812,secondary malignant neoplasm,gwas_credible_sets:0.4750260258285191,0.2887829507682101,ALPK1
Q96QS6,ENSG00000147613,EFO_0004833,neutrophil count,gwas_credible_sets:0.7630435512909385,0.4638776747487041,PSKH2
Q96QS6,ENSG00000147613,EFO_0004528,mean corpuscular hemoglobin concentration,gwas_credible_sets:0.6805429189793497,0.4137229995440569,PSKH2
Q96QS6,ENSG00000147613,EFO_0005423,adolescent idiopathic scoliosis,gwas_credible_sets:0.5562364252646546,0.3381532536717783,PSKH2
Q96QS6,ENSG00000147613,OBA_2045223,myeloid leukocyte count,gwas_credible_sets:0.5352714742905347,0.3254080143041931,PSKH2
Q96QS6,ENSG00000147613,OBA_2050135,growth differentiation factor 15 amount,gwas_credible_sets:0.5063563676159495,0.3078296304404874,PSKH2
Q96QS6,ENSG00000147613,EFO_0006336,diastolic blood pressure,gwas_credible_sets:0.493404638291314,0.2999558753017119,PSKH2
Q96QS6,ENSG00000147613,EFO_0004792,plasminogen activator inhibitor 1 measurement,gwas_credible_sets:0.49024944420937977,0.2980377356468621,PSKH2
Q96QS6,ENSG00000147613,EFO_0004327,electrocardiography,gwas_credible_sets:0.47478216716008725,0.2886347015734058,PSKH2
Q96QS6,ENSG00000147613,EFO_0005772,neurodegenerative disease,crispr_screen:0.45147620472334543,0.2744662892401309,PSKH2
Q96QS6,ENSG00000147613,EFO_0000571,lung adenocarcinoma,europepmc:0.06079307976116211,0.007391597093694,PSKH2
Q96QT4,ENSG00000092439,MONDO_0011176,intestinal hypomagnesemia 1,eva:0.6839221473130737; europepmc:0.03812232710022874,0.4169361233563322,TRPM7
Q96QT4,ENSG00000092439,MONDO_0007104,amyotrophic lateral sclerosis-parkinsonism-dementia complex,uniprot_literature:0.607930797611621; eva:0.2942917344520128,0.4143071068986816,TRPM7
Q96QT4,ENSG00000092439,EFO_0004838,calcium measurement,gwas_credible_sets:0.6697841262552543,0.4071823981019594,TRPM7
Q96QT4,ENSG00000092439,EFO_0005763,pulse pressure measurement,gwas_credible_sets:0.6584568746843797,0.4002962130197302,TRPM7
Q96QT4,ENSG00000092439,EFO_0004845,magnesium measurement,gwas_credible_sets:0.6465451021360626,0.3930546796334636,TRPM7
Q96QT4,ENSG00000092439,EFO_0006335,systolic blood pressure,gwas_credible_sets:0.6233828429159959,0.3789736289113212,TRPM7
Q96QT4,ENSG00000092439,EFO_0004736,aspartate aminotransferase measurement,gwas_credible_sets:0.612899212691004,0.3726003072267767,TRPM7
Q96QT4,ENSG00000092439,MONDO_0015372,autosomal dominant macrothrombocytopenia,orphanet:0.607930797611621,0.3695798546847018,TRPM7
Q96QT4,ENSG00000092439,EFO_0020092,neuroinflammatory disorder,crispr_screen:0.5042361092337572,0.3065406600710584,TRPM7
Q96QT4,ENSG00000092439,EFO_0005091,monocyte count,gwas_credible_sets:0.4661949647295508,0.2834142767505573,TRPM7
Q96RG2,ENSG00000115687,EFO_0009003,ovarian dysfunction,gwas_credible_sets:0.5245584215657628,0.3188952196163672,PASK
Q96RG2,ENSG00000115687,EFO_0003893,ovarian neoplasm,gwas_credible_sets:0.49096904163115584,0.2984752010814417,PASK
Q96RG2,ENSG00000115687,EFO_0010676,cornea transplantation,gwas_credible_sets:0.468356073772534,0.2847280814947838,PASK
Q96RG2,ENSG00000115687,EFO_0006945,diastolic blood pressure change measurement,gwas_credible_sets:0.3831847606698211,0.2329498171866224,PASK
Q96RG2,ENSG00000115687,EFO_0020092,neuroinflammatory disorder,crispr_screen:0.3584680901799122,0.2179237919813885,PASK
Q96RG2,ENSG00000115687,EFO_0004685,hip geometry,gwas_credible_sets:0.28055284872499753,0.1705567170976002,PASK
Q96RG2,ENSG00000115687,EFO_0004346,neuroimaging measurement,gwas_credible_sets:0.23213579482042854,0.1411224988993907,PASK
Q96RG2,ENSG00000115687,EFO_0003884,chronic kidney disease,eva:0.19453785523571876,0.1182655534991045,PASK
Q96RG2,ENSG00000115687,EFO_0004143,carpal tunnel syndrome,gwas_credible_sets:0.16987462538326548,0.1032720165032239,PASK
Q96RG2,ENSG00000115687,EFO_0004980,appendicular lean mass,gwas_credible_sets:0.16938443263047537,0.1029740132320367,PASK
Q96RR4,ENSG00000110931,OBA_0003460,erythrocyte volume,gwas_credible_sets:0.8377714597525893,0.5093070717436436,CAMKK2
Q96RR4,ENSG00000110931,OBA_0003277,platelet volume,gwas_credible_sets:0.8036919623915683,0.488589095730755,CAMKK2
Q96RR4,ENSG00000110931,EFO_0004528,mean corpuscular hemoglobin concentration,gwas_credible_sets:0.6772653605590085,0.4117304708393602,CAMKK2
Q96RR4,ENSG00000110931,EFO_0004340,body mass index,gwas_credible_sets:0.6641526613860125,0.4037588571722794,CAMKK2
Q96RR4,ENSG00000110931,EFO_0004617,cystatin C measurement,gwas_credible_sets:0.5727900191638284,0.3482166932142419,CAMKK2
Q96RR4,ENSG00000110931,OBA_1001085,waist circumference,gwas_credible_sets:0.559754064257166,0.3402917347502055,CAMKK2
Q96RR4,ENSG00000110931,EFO_0006335,systolic blood pressure,gwas_credible_sets:0.5213737566146011,0.3169591637124816,CAMKK2
Q96RR4,ENSG00000110931,EFO_0004338,body weight,gwas_credible_sets:0.4635564079454745,0.2818102168202703,CAMKK2
Q96RR4,ENSG00000110931,EFO_0007788,BMI-adjusted waist-hip ratio,gwas_credible_sets:0.36052672083259324,0.2191752969560606,CAMKK2
Q96RR4,ENSG00000110931,EFO_0004980,appendicular lean mass,gwas_credible_sets:0.31655497713510755,0.1924435197376744,CAMKK2
Q96RU7,ENSG00000101255,EFO_0007442,placenta praevia,gwas_credible_sets:0.5967776711104551,0.3627995255949846,TRIB3
Q96RU7,ENSG00000101255,MONDO_0008170,ovarian cancer,slapenrich:0.9066612367713315; europepmc:0.6227068933869035,0.2945217793357149,TRIB3
Q96RU7,ENSG00000101255,MONDO_0024622,thyroid gland adenocarcinoma,slapenrich:0.9676359174653556,0.2941278375511831,TRIB3
Q96RU7,ENSG00000101255,EFO_0000304,breast adenocarcinoma,slapenrich:0.9631297320168509; europepmc:0.030396539880581056,0.2936820627309472,TRIB3
Q96RU7,ENSG00000101255,MONDO_0011962,endometrial cancer,slapenrich:0.8897742701710087; europepmc:0.09424925394525338,0.2733254420859415,TRIB3
Q96RU7,ENSG00000101255,EFO_0803548,neutrophil measurement,gwas_credible_sets:0.41752138160530644,0.2538241065392199,TRIB3
Q96RU7,ENSG00000101255,EFO_0000571,lung adenocarcinoma,slapenrich:0.7599134970145264; europepmc:0.6722085306927796; expression_atlas:0.017427628074014812,0.2516556624077755,TRIB3
Q96RU7,ENSG00000101255,EFO_0000616,neoplasm,europepmc:0.9501050274517963,0.1155196214307163,TRIB3
Q96RU7,ENSG00000101255,MONDO_0007254,breast cancer,europepmc:0.9104926811711554,0.1107033083767848,TRIB3
Q96RU7,ENSG00000101255,EFO_0000182,hepatocellular carcinoma,europepmc:0.8943713749284598,0.1087431806642521,TRIB3
Q96RU8,ENSG00000173334,EFO_0004612,high density lipoprotein cholesterol measurement,gwas_credible_sets:0.9636735182019925,0.5858468105577344,TRIB1
Q96RU8,ENSG00000173334,EFO_0004530,triglyceride measurement,gwas_credible_sets:0.9633368859797754,0.5856421614623801,TRIB1
Q96RU8,ENSG00000173334,EFO_0004574,total cholesterol measurement,gwas_credible_sets:0.9530667973634043,0.5793986582982876,TRIB1
Q96RU8,ENSG00000173334,EFO_0004611,low density lipoprotein cholesterol measurement,gwas_credible_sets:0.9496219299244862,0.5773044172884798,TRIB1
Q96RU8,ENSG00000173334,EFO_0020947,triglycerides:total lipids ratio,gwas_credible_sets:0.9457863255711755,0.574972635274649,TRIB1
Q96RU8,ENSG00000173334,EFO_0004639,phospholipid measurement,gwas_credible_sets:0.9403746758812201,0.5716827267622399,TRIB1
Q96RU8,ENSG00000173334,EFO_0008591,free cholesterol measurement,gwas_credible_sets:0.9391549218533125,0.5709412007231639,TRIB1
Q96RU8,ENSG00000173334,EFO_0020945,free cholesterol:total lipids ratio,gwas_credible_sets:0.9389482721186708,0.570815571985157,TRIB1
Q96RU8,ENSG00000173334,OBA_2050296,chylomicron amount,gwas_credible_sets:0.9379991038203146,0.5702385433444697,TRIB1
Q96RU8,ENSG00000173334,EFO_0010351,cholesteryl ester measurement,gwas_credible_sets:0.9372528802968126,0.5697848910826305,TRIB1
Q96S38,ENSG00000136643,EFO_0004980,appendicular lean mass,gwas_credible_sets:0.5968330212981479,0.3628331746787366,RPS6KC1
Q96S38,ENSG00000136643,EFO_0005091,monocyte count,gwas_credible_sets:0.5849198392651448,0.3555907844233206,RPS6KC1
Q96S38,ENSG00000136643,EFO_0004833,neutrophil count,gwas_credible_sets:0.5846208589551992,0.3554090250850253,RPS6KC1
Q96S38,ENSG00000136643,EFO_0011015,educational attainment,gwas_credible_sets:0.5581771124448778,0.339333057177166,RPS6KC1
Q96S38,ENSG00000136643,EFO_0004340,body mass index,gwas_credible_sets:0.5365738086824816,0.3261997434898464,RPS6KC1
Q96S38,ENSG00000136643,EFO_0004875,mathematical ability,gwas_credible_sets:0.5267630509885202,0.320235481739782,RPS6KC1
Q96S38,ENSG00000136643,MONDO_0004975,Alzheimer disease,crispr_screen:0.5193274185795038; europepmc:0.06079307976116211; expression_atlas:0.03046417249886848,0.3179745890428413,RPS6KC1
Q96S38,ENSG00000136643,EFO_0005772,neurodegenerative disease,crispr_screen:0.5193274185795038,0.315715131798622,RPS6KC1
Q96S38,ENSG00000136643,MONDO_0005180,Parkinson disease,crispr_screen:0.5193274185795038,0.315715131798622,RPS6KC1
Q96S38,ENSG00000136643,MONDO_0005301,multiple sclerosis,crispr_screen:0.5193274185795038,0.315715131798622,RPS6KC1
Q96S44,ENSG00000172315,MONDO_0009627,Galloway-Mowat syndrome,genomics_england:0.865457038266544; eva:0.8613243959472301; uniprot_variants:0.8274613634158176; orphanet:0.607930797611621; uniprot_literature:0.607930797611621; gene2phenotype:0.607930797611621; europepmc:0.11503035504361062,0.7613711167314487,TP53RK
Q96S44,ENSG00000172315,EFO_0005772,neurodegenerative disease,crispr_screen:0.7057509235760041,0.4290477218846984,TP53RK
Q96S44,ENSG00000172315,HP_0001263,Global developmental delay,eva:0.5319394479101685; europepmc:0.012158615952232422,0.3237519527037987,TP53RK
Q96S44,ENSG00000172315,HP_0001250,Seizure,eva:0.5319394479101685,0.3233823728491141,TP53RK
Q96S44,ENSG00000172315,EFO_0000519,glioblastoma multiforme,slapenrich:0.806094838938632; europepmc:0.030396539880581056,0.2459488888299986,TP53RK
Q96S44,ENSG00000172315,EFO_0000181,head and neck squamous cell carcinoma,slapenrich:0.607930797611621,0.1847899273423509,TP53RK
Q96S44,ENSG00000172315,EFO_0000702,small cell lung carcinoma,slapenrich:0.45887733627675253,0.1394828325243111,TP53RK
Q96S44,ENSG00000172315,HP_0000252,Microcephaly,eva:0.18237923928348632; europepmc:0.034787151196664985,0.1119313654340917,TP53RK
Q96S44,ENSG00000172315,EFO_0002614,insulin resistance,europepmc:0.6155299325817664,0.0748399205736521,TP53RK
Q96S44,ENSG00000172315,EFO_1001517,renal fibrosis,europepmc:0.607930797611621,0.0739159709369403,TP53RK
Q96S53,ENSG00000070759,OBA_0003277,platelet volume,gwas_credible_sets:0.903730868068034,0.5494058274508427,TESK2
Q96S53,ENSG00000070759,EFO_0004309,platelet count,gwas_credible_sets:0.8622538565638223,0.5241906747645407,TESK2
Q96S53,ENSG00000070759,EFO_0007986,reticulocyte count,gwas_credible_sets:0.7844257592549563,0.476876577490967,TESK2
Q96S53,ENSG00000070759,EFO_0004611,low density lipoprotein cholesterol measurement,gwas_credible_sets:0.7809877563541906,0.4747865096453135,TESK2
Q96S53,ENSG00000070759,EFO_0010700,reticulocyte measurement,gwas_credible_sets:0.7541723991338682,0.4584846281421224,TESK2
Q96S53,ENSG00000070759,EFO_0004509,hemoglobin measurement,gwas_credible_sets:0.7058792951348193,0.4291257629088396,TESK2
Q96S53,ENSG00000070759,OBA_0003747,glomerular filtration rate,gwas_credible_sets:0.7031655009873692,0.4274759638682264,TESK2
Q96S53,ENSG00000070759,EFO_0005772,neurodegenerative disease,crispr_screen:0.6572176691657209,0.3995428618203672,TESK2
Q96S53,ENSG00000070759,EFO_0004348,hematocrit,gwas_credible_sets:0.638563139207882,0.3882021985440283,TESK2
Q96S53,ENSG00000070759,EFO_0005689,non-high density lipoprotein cholesterol measurement,gwas_credible_sets:0.6273337902955635,0.3813755315031033,TESK2
Q96SB4,ENSG00000096063,EFO_0005772,neurodegenerative disease,crispr_screen:0.7554299212482003; europepmc:0.012158615952232422,0.4596186944187871,SRPK1
Q96SB4,ENSG00000096063,OBA_0003460,erythrocyte volume,gwas_credible_sets:0.6950129213041518,0.4225197595988158,SRPK1
Q96SB4,ENSG00000096063,EFO_1000997,iritis,gwas_credible_sets:0.6597638982853398,0.401090792919959,SRPK1
Q96SB4,ENSG00000096063,EFO_1001231,uveitis,gwas_credible_sets:0.6597638982853398,0.401090792919959,SRPK1
Q96SB4,ENSG00000096063,EFO_0004528,mean corpuscular hemoglobin concentration,gwas_credible_sets:0.6580212920273305,0.4000314089076044,SRPK1
Q96SB4,ENSG00000096063,MONDO_0100096,COVID-19,reactome:0.607930797611621; europepmc:0.0697431720593332,0.3716998057956015,SRPK1
Q96SB4,ENSG00000096063,OBA_1001086,QRS duration,gwas_credible_sets:0.5321025124705414,0.3234815048173637,SRPK1
Q96SB4,ENSG00000096063,EFO_0004527,mean corpuscular hemoglobin,gwas_credible_sets:0.5314047819236786,0.3230573329294914,SRPK1
Q96SB4,ENSG00000096063,EFO_0004725,metabolite measurement,gwas_credible_sets:0.4852775860509441,0.2950151899509925,SRPK1
Q96SB4,ENSG00000096063,EFO_0010700,reticulocyte measurement,gwas_credible_sets:0.4506370232405447,0.273956124971951,SRPK1
Q99558,ENSG00000006062,MONDO_0018642,NIK deficiency,genomics_england:0.607930797611621; orphanet:0.607930797611621; eva:0.5622293035599676; clingen:0.3039653988058105,0.5115015786985339,MAP3K14
Q99558,ENSG00000006062,EFO_0004842,eosinophil count,gwas_credible_sets:0.7363762214027079,0.4476657836195798,MAP3K14
Q99558,ENSG00000006062,EFO_0005091,monocyte count,gwas_credible_sets:0.6643082051756275,0.4038534170323636,MAP3K14
Q99558,ENSG00000006062,EFO_0010934,aspartate aminotransferase to alanine aminotransferase ratio,gwas_credible_sets:0.5505437197300315,0.3346924826555468,MAP3K14
Q99558,ENSG00000006062,EFO_0004980,appendicular lean mass,gwas_credible_sets:0.5035575063514848,0.3061281164795771,MAP3K14
Q99558,ENSG00000006062,OBA_2045267,cerebral cortex area attribute,gwas_credible_sets:0.5021524784092554,0.3052739567219909,MAP3K14
Q99558,ENSG00000006062,MONDO_0005147,type 1 diabetes mellitus,gwas_credible_sets:0.4719071798622429; europepmc:0.11086180036023556,0.290256723388187,MAP3K14
Q99558,ENSG00000006062,EFO_0004736,aspartate aminotransferase measurement,gwas_credible_sets:0.47277733480075235,0.2874159022381178,MAP3K14
Q99558,ENSG00000006062,MONDO_0005301,multiple sclerosis,gwas_credible_sets:0.4588780685624208; europepmc:0.03343619386863916,0.2799824548280155,MAP3K14
Q99558,ENSG00000006062,EFO_0004641,white matter integrity,gwas_credible_sets:0.4589563196957464,0.2790136815015293,MAP3K14
Q99570,ENSG00000196455,EFO_0005772,neurodegenerative disease,crispr_screen:0.885599876756967; europepmc:0.01654922726831635,0.5388864786882704,PIK3R4
Q99570,ENSG00000196455,MONDO_0100096,COVID-19,reactome:0.7599134970145264; europepmc:0.09118961964174316,0.4647466672660125,PIK3R4
Q99570,ENSG00000196455,EFO_0000694,severe acute respiratory syndrome,reactome:0.607930797611621,0.3695798546847018,PIK3R4
Q99570,ENSG00000196455,EFO_0004309,platelet count,gwas_credible_sets:0.564986627074185,0.3434727708371088,PIK3R4
Q99570,ENSG00000196455,OBA_0003277,platelet volume,gwas_credible_sets:0.5254193343449434,0.3194185950088884,PIK3R4
Q99570,ENSG00000196455,MONDO_0020022,central nervous system malformation,gwas_credible_sets:0.5053838329424345,0.3072383966607124,PIK3R4
Q99570,ENSG00000196455,EFO_0004270,restless legs syndrome,gwas_credible_sets:0.4875267407467702,0.296382520359178,PIK3R4
Q99570,ENSG00000196455,EFO_0000304,breast adenocarcinoma,slapenrich:0.929307638497889,0.2824773669492968,PIK3R4
Q99570,ENSG00000196455,EFO_1000044,pancreatic adenocarcinoma,slapenrich:0.9130612300804795; europepmc:0.06079307976116211,0.2793869202089604,PIK3R4
Q99570,ENSG00000196455,OBA_2050135,growth differentiation factor 15 amount,gwas_credible_sets:0.4456243691780678,0.2709087781895982,PIK3R4
Q99640,ENSG00000127564,EFO_0005772,neurodegenerative disease,crispr_screen:0.8844419436410698,0.537679496238888,PKMYT1
Q99640,ENSG00000127564,EFO_0000304,breast adenocarcinoma,slapenrich:0.8477639019925193,0.2576908925623262,PKMYT1
Q99640,ENSG00000127564,EFO_0000571,lung adenocarcinoma,slapenrich:0.7599134970145264; europepmc:0.4149469533091618; expression_atlas:0.093378170513145,0.2448618600298499,PKMYT1
Q99640,ENSG00000127564,MONDO_0011962,endometrial cancer,slapenrich:0.7599134970145264,0.2309874091779386,PKMYT1
Q99640,ENSG00000127564,MONDO_0007576,esophageal cancer,slapenrich:0.545511138576582; europepmc:0.04137306817079087,0.1670741089070779,PKMYT1
Q99640,ENSG00000127564,EFO_0000584,infectious meningitis,gwas_credible_sets:0.19587706545502725,0.1190797006358984,PKMYT1
Q99640,ENSG00000127564,MONDO_0002887,bile duct disorder,gwas_credible_sets:0.19587706545502725,0.1190797006358984,PKMYT1
Q99640,ENSG00000127564,OBA_0003460,erythrocyte volume,gwas_credible_sets:0.17180466793764063,0.1044453488127295,PKMYT1
Q99640,ENSG00000127564,MONDO_0007254,breast cancer,europepmc:0.8548809593412943,0.1039416926950681,PKMYT1
Q99640,ENSG00000127564,EFO_0000616,neoplasm,europepmc:0.8228912633752816,0.1000521884182739,PKMYT1
Q99683,ENSG00000197442,EFO_0005091,monocyte count,gwas_credible_sets:0.8472325400114872,0.5150587538117031,MAP3K5
Q99683,ENSG00000197442,EFO_0004612,high density lipoprotein cholesterol measurement,gwas_credible_sets:0.837826020829324,0.5093402411025416,MAP3K5
Q99683,ENSG00000197442,EFO_0004842,eosinophil count,gwas_credible_sets:0.8321612692288589,0.5058964641437992,MAP3K5
Q99683,ENSG00000197442,EFO_0004536,total blood protein measurement,gwas_credible_sets:0.790746353265274,0.4807190612490387,MAP3K5
Q99683,ENSG00000197442,EFO_0004833,neutrophil count,gwas_credible_sets:0.7593690882568527,0.4616438555055979,MAP3K5
Q99683,ENSG00000197442,OBA_2045223,myeloid leukocyte count,gwas_credible_sets:0.745384795227311,0.453142373090114,MAP3K5
Q99683,ENSG00000197442,OBA_0003277,platelet volume,gwas_credible_sets:0.7393571550690863,0.4494779850010086,MAP3K5
Q99683,ENSG00000197442,EFO_0005670,smoking initiation,gwas_credible_sets:0.6532837687463594,0.3971513226007001,MAP3K5
Q99683,ENSG00000197442,EFO_0007993,lymphocyte percentage of leukocytes,gwas_credible_sets:0.6182756829705632,0.3758688290921643,MAP3K5
Q99683,ENSG00000197442,EFO_0010700,reticulocyte measurement,gwas_credible_sets:0.601487664602632,0.3656628756954293,MAP3K5
Q99759,ENSG00000198909,EFO_0005772,neurodegenerative disease,crispr_screen:0.607930797611621,0.3695798546847018,MAP3K3
Q99759,ENSG00000198909,MONDO_0018734,verrucous hemangioma,eva_somatic:0.5592963338026914; europepmc:0.012158615952232422,0.3403830461646103,MAP3K3
Q99759,ENSG00000198909,EFO_0004570,bilirubin measurement,gwas_credible_sets:0.4466012418533691,0.2715026491742591,MAP3K3
Q99759,ENSG00000198909,EFO_0004627,IGF-1 measurement,gwas_credible_sets:0.4368869803420681,0.265597050425486,MAP3K3
Q99759,ENSG00000198909,EFO_0004735,serum alanine aminotransferase measurement,gwas_credible_sets:0.4153247456977621,0.2524887039198842,MAP3K3
Q99759,ENSG00000198909,EFO_0004305,erythrocyte count,gwas_credible_sets:0.38142068482447544,0.231877381150914,MAP3K3
Q99759,ENSG00000198909,EFO_0004509,hemoglobin measurement,gwas_credible_sets:0.38142068482447544,0.231877381150914,MAP3K3
Q99759,ENSG00000198909,EFO_0004312,vital capacity,gwas_credible_sets:0.38142068482447544,0.231877381150914,MAP3K3
Q99759,ENSG00000198909,EFO_0008039,BMI-adjusted hip circumference,gwas_credible_sets:0.38142068482447544,0.231877381150914,MAP3K3
Q99759,ENSG00000198909,EFO_0004314,forced expiratory volume,gwas_credible_sets:0.38142068482447544,0.231877381150914,MAP3K3
Q99986,ENSG00000100749,MONDO_0016396,pontocerebellar hypoplasia type 1,genomics_england:0.9471757543886921; eva:0.941496474676958; orphanet:0.607930797611621; europepmc:0.01823792392834863,0.7601115082874366,VRK1
Q99986,ENSG00000100749,MONDO_0019502,autosomal recessive non-syndromic intellectual disability,eva:0.9412398834045244; genomics_england:0.9285669064556789,0.7133348180813207,VRK1
Q99986,ENSG00000100749,MONDO_0018894,distal hereditary motor neuropathy,genomics_england:0.8274613634158176; eva:0.6316301043913026; europepmc:0.18151243779435786,0.6014882505233676,VRK1
Q99986,ENSG00000100749,EFO_0005772,neurodegenerative disease,crispr_screen:0.8776698127300911; europepmc:0.06535256074324927,0.5355490010115768,VRK1
Q99986,ENSG00000100749,EFO_0000508,genetic disorder,eva:0.8574145282944131,0.5212486980698144,VRK1
Q99986,ENSG00000100749,MONDO_0020135,pontocerebellar hypoplasia,eva:0.6303060283570487; genomics_england:0.607930797611621; gene2phenotype:0.607930797611621; europepmc:0.015198269940290528,0.5167573322325782,VRK1
Q99986,ENSG00000100749,EFO_0004346,neuroimaging measurement,gwas_credible_sets:0.8148582179514062,0.4953774063795825,VRK1
Q99986,ENSG00000100749,EFO_0004261,osteitis deformans,gwas_credible_sets:0.7554727235426424,0.4592751353971023,VRK1
Q99986,ENSG00000100749,EFO_0008525,spinal muscular atrophy,genomics_england:0.607930797611621; eva:0.5592963338026914; europepmc:0.1337260649302688,0.4563898033358393,VRK1
Q99986,ENSG00000100749,MONDO_0018507,microcephaly-complex motor and sensory axonal neuropathy syndrome,orphanet:0.607930797611621; eva:0.5592963338026914; europepmc:0.030396539880581056,0.4549938655451662,VRK1
Q9BQI3,ENSG00000086232,EFO_0010700,reticulocyte measurement,gene_burden:0.89731274820972; gwas_credible_sets:0.6517392184152037,0.6445571404476931,EIF2AK1
Q9BQI3,ENSG00000086232,EFO_0007986,reticulocyte count,gene_burden:0.8359369815883955; gwas_credible_sets:0.65307762354882,0.6074483361166684,EIF2AK1
Q9BQI3,ENSG00000086232,MONDO_0030036,"leukoencephalopathy, motor delay, spasticity, and dysarthria syndrome",eva:0.6467016186924994; uniprot_variants:0.3039653988058105; uniprot_literature:0.3039653988058105; gene2phenotype:0.006079307976116211,0.4601105142623733,EIF2AK1
Q9BQI3,ENSG00000086232,OBA_0002272,reticulocyte amount,gene_burden:0.7455097704029144,0.4532183493483003,EIF2AK1
Q9BQI3,ENSG00000086232,OBA_0003460,erythrocyte volume,gwas_credible_sets:0.7251523199508745,0.4408424282576526,EIF2AK1
Q9BQI3,ENSG00000086232,MONDO_0054817,"leukodystrophy, hypomyelinating, 17",eva:0.6948986756032834,0.4224503061187632,EIF2AK1
Q9BQI3,ENSG00000086232,EFO_0000508,genetic disorder,eva:0.6713493289465553,0.4081339330225059,EIF2AK1
Q9BQI3,ENSG00000086232,EFO_0004346,neuroimaging measurement,gwas_credible_sets:0.6452173261313062,0.3922474837078424,EIF2AK1
Q9BQI3,ENSG00000086232,EFO_0004527,mean corpuscular hemoglobin,gwas_credible_sets:0.6377791800524016,0.3877256056293422,EIF2AK1
Q9BQI3,ENSG00000086232,HP_0003124,Hypercholesterolemia,gwas_credible_sets:0.607497418321086; europepmc:0.012158615952232422,0.369685969921623,EIF2AK1
Q9BRS2,ENSG00000124784,EFO_0020097,QRS-T angle,gwas_credible_sets:0.6233924836436853,0.378979489806595,RIOK1
Q9BRS2,ENSG00000124784,OBA_1001087,heart rate,gwas_credible_sets:0.6036041604049416,0.366949558676669,RIOK1
Q9BRS2,ENSG00000124784,EFO_0007885,JT interval,gwas_credible_sets:0.4700949576715196,0.2857852025704481,RIOK1
Q9BRS2,ENSG00000124784,EFO_0005772,neurodegenerative disease,crispr_screen:0.3930090130342497,0.2389222827624673,RIOK1
Q9BRS2,ENSG00000124784,EFO_1001951,colorectal carcinoma,europepmc:0.7401343463613446,0.0899900927046416,RIOK1
Q9BRS2,ENSG00000124784,EFO_0000616,neoplasm,europepmc:0.7196819377507779,0.0875033628887015,RIOK1
Q9BRS2,ENSG00000124784,OBA_2043969,level of thioredoxin domain-containing protein 5 in blood serum,gwas_credible_sets:0.13673772831728956,0.0831270762395309,RIOK1
Q9BRS2,ENSG00000124784,MONDO_0007254,breast cancer,europepmc:0.6663883065023671,0.0810235949382082,RIOK1
Q9BRS2,ENSG00000124784,EFO_0003060,non-small cell lung carcinoma,europepmc:0.6206804573948648,0.0754661531052011,RIOK1
Q9BRS2,ENSG00000124784,EFO_0005543,glioma,europepmc:0.6155299325817664,0.0748399205736521,RIOK1
Q9BUB5,ENSG00000079277,OBA_0003277,platelet volume,gwas_credible_sets:0.7863874176980449,0.4780691300729154,MKNK1
Q9BUB5,ENSG00000079277,EFO_0004833,neutrophil count,gwas_credible_sets:0.7204707680199345,0.437996368658216,MKNK1
Q9BUB5,ENSG00000079277,EFO_0005772,neurodegenerative disease,crispr_screen:0.607930797611621,0.3695798546847018,MKNK1
Q9BUB5,ENSG00000079277,EFO_0004587,lymphocyte count,gwas_credible_sets:0.5071183621710137,0.3082928703981232,MKNK1
Q9BUB5,ENSG00000079277,EFO_0000389,cutaneous melanoma,slapenrich:0.9360722249447112; europepmc:0.01823792392834863,0.2850879369483886,MKNK1
Q9BUB5,ENSG00000079277,EFO_0000571,lung adenocarcinoma,slapenrich:0.8897742701710087; europepmc:0.042512938416312665,0.2717528371076918,MKNK1
Q9BUB5,ENSG00000079277,EFO_0005091,monocyte count,gwas_credible_sets:0.4287344403712862,0.260640870298488,MKNK1
Q9BUB5,ENSG00000079277,MONDO_0011962,endometrial cancer,slapenrich:0.8274613634158176,0.2515196233270887,MKNK1
Q9BUB5,ENSG00000079277,EFO_0000181,head and neck squamous cell carcinoma,slapenrich:0.6636874893917333,0.2017380323953853,MKNK1
Q9BUB5,ENSG00000079277,EFO_0000616,neoplasm,europepmc:0.7968309182846424; chembl:0.12158615952232422,0.1153626038771117,MKNK1
Q9BVS4,ENSG00000058729,EFO_0005772,neurodegenerative disease,crispr_screen:0.8879608614202702,0.539818754731127,RIOK2
Q9BVS4,ENSG00000058729,MONDO_0005180,Parkinson disease,crispr_screen:0.8626235870935149,0.5244154453403582,RIOK2
Q9BVS4,ENSG00000058729,MONDO_0004975,Alzheimer disease,crispr_screen:0.8626235870935149,0.5244154453403582,RIOK2
Q9BVS4,ENSG00000058729,MONDO_0005301,multiple sclerosis,crispr_screen:0.8626235870935149,0.5244154453403582,RIOK2
Q9BVS4,ENSG00000058729,MONDO_0002561,lysosomal storage disease,crispr_screen:0.8626235870935149,0.5244154453403582,RIOK2
Q9BVS4,ENSG00000058729,EFO_0020092,neuroinflammatory disorder,crispr_screen:0.6940266026190562,0.4219201460938864,RIOK2
Q9BVS4,ENSG00000058729,EFO_0009283,potassium measurement,gwas_credible_sets:0.6081290823226284,0.3697003980672186,RIOK2
Q9BVS4,ENSG00000058729,OBA_2050200,prostate specific antigen amount,gwas_credible_sets:0.5959355457515078,0.3622875716538308,RIOK2
Q9BVS4,ENSG00000058729,OBA_1000110,bone tissue density,gwas_credible_sets:0.5087227122914614,0.3092682042464953,RIOK2
Q9BVS4,ENSG00000058729,EFO_0001421,liver disease,gwas_credible_sets:0.5037824851116686,0.3062648879967012,RIOK2
Q9BWU1,ENSG00000155111,MONDO_0030059,"developmental and epileptic encephalopathy, 87",uniprot_variants:0.9360722249447112; eva:0.8608261539705057; genomics_england:0.7599134970145264; gene2phenotype:0.607930797611621; uniprot_literature:0.607930797611621,0.7891102874078387,CDK19
Q9BWU1,ENSG00000155111,EFO_0000508,genetic disorder,eva:0.6736845230935491; europepmc:0.030396539880581056,0.4104775190995776,CDK19
Q9BWU1,ENSG00000155111,MONDO_0018614,undetermined early-onset epileptic encephalopathy,orphanet:0.607930797611621,0.3695798546847018,CDK19
Q9BWU1,ENSG00000155111,OBA_VT0001253,body height,gwas_credible_sets:0.515936790246037,0.3136538644114529,CDK19
Q9BWU1,ENSG00000155111,EFO_0004725,metabolite measurement,gwas_credible_sets:0.5091620291870089,0.3095352785172098,CDK19
Q9BWU1,ENSG00000155111,EFO_1002018,bronchial disease,gwas_credible_sets:0.4937510949134788,0.3001664969523623,CDK19
Q9BWU1,ENSG00000155111,EFO_0011015,educational attainment,gwas_credible_sets:0.4726190356451217,0.287319667306174,CDK19
Q9BWU1,ENSG00000155111,EFO_0000400,diabetes mellitus,gwas_credible_sets:0.44647337356519173; europepmc:0.20821629818198023,0.2777539691153138,CDK19
Q9BWU1,ENSG00000155111,EFO_0008579,risk-taking behaviour,gwas_credible_sets:0.4515977212032097,0.2745401628506577,CDK19
Q9BWU1,ENSG00000155111,EFO_1001754,Abruptio Placentae,gwas_credible_sets:0.382832548623917,0.2327356966366275,CDK19
Q9BX84,ENSG00000119121,MONDO_0011176,intestinal hypomagnesemia 1,eva:0.9319608469366573; uniprot_variants:0.7599134970145264; uniprot_literature:0.607930797611621; europepmc:0.1858339856161107,0.7245380114470102,TRPM6
Q9BX84,ENSG00000119121,Orphanet_30924,Primary hypomagnesemia with secondary hypocalcemia,genomics_england:0.8897742701710087; uniprot_variants:0.7599134970145264; uniprot_literature:0.607930797611621; orphanet:0.607930797611621; impc:0.3832395748143659; europepmc:0.1858339856161107,0.7230695551492294,TRPM6
Q9BX84,ENSG00000119121,EFO_0004845,magnesium measurement,gwas_credible_sets:0.8745093461004361,0.5316411642936553,TRPM6
Q9BX84,ENSG00000119121,EFO_0004838,calcium measurement,gwas_credible_sets:0.8614074477098754,0.5236761167548554,TRPM6
Q9BX84,ENSG00000119121,EFO_0009283,potassium measurement,gwas_credible_sets:0.8243493202555167,0.5011473397735339,TRPM6
Q9BX84,ENSG00000119121,OBA_1000110,bone tissue density,gwas_credible_sets:0.7126141460980675,0.4332200862267224,TRPM6
Q9BX84,ENSG00000119121,EFO_0004908,testosterone measurement,gwas_credible_sets:0.7098546775938631,0.4315425203379773,TRPM6
Q9BX84,ENSG00000119121,EFO_0010972,blood phosphate measurement,gwas_credible_sets:0.6966817565601593,0.4235342959470828,TRPM6
Q9BX84,ENSG00000119121,EFO_0010968,phosphate measurement,gwas_credible_sets:0.6949138988777704,0.4224595608161643,TRPM6
Q9BX84,ENSG00000119121,EFO_0000508,genetic disorder,eva:0.6833203083726712,0.4154114600932169,TRPM6
Q9BXA6,ENSG00000178093,EFO_0004639,phospholipid measurement,gwas_credible_sets:0.3475317238055661,0.2112752380484593,TSSK6
Q9BXA6,ENSG00000178093,EFO_0008595,intermediate density lipoprotein measurement,gwas_credible_sets:0.34665916749033415,0.2107447841917794,TSSK6
Q9BXA6,ENSG00000178093,EFO_0004574,total cholesterol measurement,gwas_credible_sets:0.3402024871496686,0.2068195693623553,TSSK6
Q9BXA6,ENSG00000178093,EFO_0004530,triglyceride measurement,gwas_credible_sets:0.3402024871496686,0.2068195693623553,TSSK6
Q9BXA6,ENSG00000178093,EFO_0008591,free cholesterol measurement,gwas_credible_sets:0.3338020703274965,0.2029285588586053,TSSK6
Q9BXA6,ENSG00000178093,EFO_0004529,lipid measurement,gwas_credible_sets:0.3309048674591102,0.2011672600079846,TSSK6
Q9BXA6,ENSG00000178093,EFO_0004611,low density lipoprotein cholesterol measurement,gwas_credible_sets:0.3163773366926127,0.1923355266417804,TSSK6
Q9BXA6,ENSG00000178093,EFO_0008589,esterified cholesterol measurement,gwas_credible_sets:0.2985984010754678,0.1815271641313638,TSSK6
Q9BXA6,ENSG00000178093,EFO_0005110,fatty acid measurement,gwas_credible_sets:0.25054801019137435,0.1523158516756467,TSSK6
Q9BXA6,ENSG00000178093,EFO_0007630,glycerophospholipid measurement,gwas_credible_sets:0.23244049226396035,0.1413077338592672,TSSK6
Q9BXA7,ENSG00000212122,EFO_0005207,congenital heart disease,gwas_credible_sets:0.5308152538104012,0.3226989406333723,TSSK1B
Q9BXA7,ENSG00000212122,EFO_0004725,metabolite measurement,gwas_credible_sets:0.5308152538104012,0.3226989406333723,TSSK1B
Q9BXA7,ENSG00000212122,OBA_2050068,serum albumin amount,gwas_credible_sets:0.5103577906578812,0.3102622187419505,TSSK1B
Q9BXA7,ENSG00000212122,EFO_0004532,serum gamma-glutamyl transferase measurement,gwas_credible_sets:0.4060777268625865,0.2468671563838862,TSSK1B
Q9BXA7,ENSG00000212122,EFO_0004340,body mass index,gwas_credible_sets:0.4050231509186423,0.2462260471891422,TSSK1B
Q9BXA7,ENSG00000212122,OBA_0003277,platelet volume,gwas_credible_sets:0.39672304081968096,0.2411801546364163,TSSK1B
Q9BXA7,ENSG00000212122,OBA_0003460,erythrocyte volume,gwas_credible_sets:0.39044439701608785,0.2373631737009787,TSSK1B
Q9BXA7,ENSG00000212122,EFO_1001754,Abruptio Placentae,gwas_credible_sets:0.39044439701608785,0.2373631737009787,TSSK1B
Q9BXA7,ENSG00000212122,EFO_0004747,protein measurement,gwas_credible_sets:0.38101480872443033,0.2316306365696821,TSSK1B
Q9BXA7,ENSG00000212122,OBA_2045210,brain attribute,gwas_credible_sets:0.3748499836139559,0.2278828495231352,TSSK1B
Q9BXM7,ENSG00000158828,Orphanet_2828,Young adult-onset Parkinsonism,uniprot_variants:0.976168709488724; eva:0.9364325963269309; genomics_england:0.9285669064556789; uniprot_literature:0.607930797611621; europepmc:0.08890193390181957; eva_somatic:0,0.8220184000100366,PINK1
Q9BXM7,ENSG00000158828,HP_0001332,Dystonia,genomics_england:0.8274613634158176; europepmc:0.08010189867191099,0.5054740672116684,PINK1
Q9BXM7,ENSG00000158828,MONDO_0005180,Parkinson disease,clingen:0.607930797611621; eva:0.2279740491043579; europepmc:0.9484234814367338,0.4170407625845798,PINK1
Q9BXM7,ENSG00000158828,MONDO_0017279,young-onset Parkinson disease,orphanet:0.607930797611621; europepmc:0.039642154094257795,0.3707848390025799,PINK1
Q9BXM7,ENSG00000158828,OBA_0003460,erythrocyte volume,gwas_credible_sets:0.4788853509888771,0.2911291533911891,PINK1
Q9BXM7,ENSG00000158828,EFO_0000508,genetic disorder,eva:0.31438286867856724; europepmc:0.01654922726831635,0.1916260673578451,PINK1
Q9BXM7,ENSG00000158828,EFO_0000621,neuroblastoma,eva:0.19453785523571876; europepmc:0.7350380034515714,0.1406081654847629,PINK1
Q9BXM7,ENSG00000158828,Orphanet_411602,Hereditary late-onset Parkinson disease,eva:0.2279740491043579,0.1385924455067631,PINK1
Q9BXM7,ENSG00000158828,EFO_0001054,leprosy,eva:0.18237923928348632; europepmc:0.6123214089277049,0.1294864085316151,PINK1
Q9BXM7,ENSG00000158828,HP_0001919,Acute kidney injury,europepmc:0.8518690930580433,0.1035754914406929,PINK1
Q9BXU1,ENSG00000196335,EFO_0004725,metabolite measurement,gwas_credible_sets:0.6748594151337806,0.4102678225179913,STK31
Q9BXU1,ENSG00000196335,OBA_0003784,"chromosome, telomeric region length",gwas_credible_sets:0.6688887135110052,0.4066380491181565,STK31
Q9BXU1,ENSG00000196335,OBA_VT0001253,body height,gwas_credible_sets:0.5380555060439397,0.3271005129486166,STK31
Q9BXU1,ENSG00000196335,EFO_0800153,xylose measurement,gwas_credible_sets:0.5058795086620012,0.3075397331962653,STK31
Q9BXU1,ENSG00000196335,HP_0000016,Urinary retention,gwas_credible_sets:0.4994699208190763,0.3036431473465543,STK31
Q9BXU1,ENSG00000196335,EFO_0008328,chronotype measurement,gwas_credible_sets:0.47118955866013945,0.2864506442225263,STK31
Q9BXU1,ENSG00000196335,MONDO_0005090,schizophrenia,gwas_credible_sets:0.46129566821691265,0.2804358435138934,STK31
Q9BXU1,ENSG00000196335,MONDO_0001369,chronic laryngitis,gwas_credible_sets:0.45403324533810147,0.2760207929805848,STK31
Q9BXU1,ENSG00000196335,EFO_0004309,platelet count,gwas_credible_sets:0.44502522227818436,0.2705445383368656,STK31
Q9BXU1,ENSG00000196335,EFO_0000400,diabetes mellitus,gwas_credible_sets:0.4307845949973255,0.2618872224355232,STK31
Q9BYP7,ENSG00000196632,MONDO_0010667,Prieto syndrome,genomics_england:0.8464592008411808; eva:0.805061323598977; uniprot_variants:0.607930797611621; uniprot_literature:0.607930797611621,0.7011071794746168,WNK3
Q9BYP7,ENSG00000196632,EFO_0010642,Neurodevelopmental disorder,eva:0.8159951130941984; gene2phenotype:0.3039653988058105; europepmc:0.012158615952232422,0.5424302994993219,WNK3
Q9BYP7,ENSG00000196632,EFO_0005772,neurodegenerative disease,crispr_screen:0.8430269653056379,0.5125020554263608,WNK3
Q9BYP7,ENSG00000196632,HP_0001249,Intellectual disability,genomics_england:0.793687430215172; europepmc:0.06822334506530414,0.4845807861340914,WNK3
Q9BYP7,ENSG00000196632,MONDO_0004975,Alzheimer disease,crispr_screen:0.5284734430464738; expression_atlas:0.021806096301822838,0.3219381116236805,WNK3
Q9BYP7,ENSG00000196632,MONDO_0002561,lysosomal storage disease,crispr_screen:0.5284734430464738; europepmc:0.012158615952232422,0.3216448616024871,WNK3
Q9BYP7,ENSG00000196632,MONDO_0005180,Parkinson disease,crispr_screen:0.5284734430464738,0.3212752817478024,WNK3
Q9BYP7,ENSG00000196632,MONDO_0005301,multiple sclerosis,crispr_screen:0.5284734430464738,0.3212752817478024,WNK3
Q9BYP7,ENSG00000196632,HP_0002342,"Intellectual disability, moderate",eva:0.4377101742803672,0.2660974953729852,WNK3
Q9BYP7,ENSG00000196632,HP_0001999,Abnormal facial shape,eva:0.4377101742803672,0.2660974953729852,WNK3
Q9BYT3,ENSG00000130413,EFO_0004340,body mass index,gwas_credible_sets:0.8474540575654698,0.5151934211549807,STK33
Q9BYT3,ENSG00000130413,EFO_0004627,IGF-1 measurement,gwas_credible_sets:0.6350305393997593,0.3860546223250336,STK33
Q9BYT3,ENSG00000130413,OBA_1001087,heart rate,gwas_credible_sets:0.5933828617499752,0.3607357164327287,STK33
Q9BYT3,ENSG00000130413,EFO_0004468,glucose measurement,gwas_credible_sets:0.5552608540487873,0.3375601738843892,STK33
Q9BYT3,ENSG00000130413,EFO_0011023,concussion,gwas_credible_sets:0.5297906158256529,0.3220760316460411,STK33
Q9BYT3,ENSG00000130413,EFO_0004305,erythrocyte count,gwas_credible_sets:0.5033321168117056,0.3059910952368858,STK33
Q9BYT3,ENSG00000130413,EFO_0005405,response to antihypertensive drug,gwas_credible_sets:0.4989827187485202,0.303346962203203,STK33
Q9BYT3,ENSG00000130413,EFO_0006335,systolic blood pressure,gwas_credible_sets:0.49749486548359595,0.3024424503811286,STK33
Q9BYT3,ENSG00000130413,EFO_0009924,Drugs used in diabetes use measurement,gwas_credible_sets:0.4736967840870187,0.2879748637760811,STK33
Q9BYT3,ENSG00000130413,EFO_0003877,sleep apnea,gwas_credible_sets:0.46518855953865523,0.2828024520401357,STK33
Q9BZL6,ENSG00000105287,EFO_0005772,neurodegenerative disease,crispr_screen:0.8000879207459983,0.4863980878185382,PRKD2
Q9BZL6,ENSG00000105287,EFO_0004736,aspartate aminotransferase measurement,gwas_credible_sets:0.7695200829594404,0.4678149578116934,PRKD2
Q9BZL6,ENSG00000105287,EFO_0010934,aspartate aminotransferase to alanine aminotransferase ratio,gwas_credible_sets:0.7390914166460144,0.4493164344295144,PRKD2
Q9BZL6,ENSG00000105287,EFO_0004574,total cholesterol measurement,gwas_credible_sets:0.6103011878879357,0.3710208879360326,PRKD2
Q9BZL6,ENSG00000105287,EFO_0001378,multiple myeloma,intogen:0.5381638082967245; impc:0.34725007159575794; europepmc:0.045594809820871586; expression_atlas:0.019596442590232365,0.3384864363099827,PRKD2
Q9BZL6,ENSG00000105287,EFO_0004268,sclerosing cholangitis,gwas_credible_sets:0.5515332934430156; europepmc:0.03630697819069404,0.3363976815026935,PRKD2
Q9BZL6,ENSG00000105287,EFO_0005670,smoking initiation,gwas_credible_sets:0.541596050976772,0.3292529192536131,PRKD2
Q9BZL6,ENSG00000105287,OBA_2045267,cerebral cortex area attribute,gwas_credible_sets:0.5406917280867557,0.3287031535177871,PRKD2
Q9BZL6,ENSG00000105287,EFO_0004611,low density lipoprotein cholesterol measurement,gwas_credible_sets:0.5004568014700551,0.3042431024878513,PRKD2
Q9BZL6,ENSG00000105287,EFO_0009270,heel bone mineral density,gwas_credible_sets:0.4976172318563591,0.3025168406677233,PRKD2
Q9C098,ENSG00000163673,MONDO_0100096,COVID-19,gwas_credible_sets:0.5787168924716968; europepmc:0.07040438323663685,0.3539598716744575,DCLK3
Q9C098,ENSG00000163673,EFO_0004735,serum alanine aminotransferase measurement,gwas_credible_sets:0.49022477812596144,0.2980227403750957,DCLK3
Q9C098,ENSG00000163673,EFO_0003893,ovarian neoplasm,gwas_credible_sets:0.48239192506671336,0.2932609077672124,DCLK3
Q9C098,ENSG00000163673,HP_0010313,Breast hypertrophy,gwas_credible_sets:0.4772677227862407,0.2901457473877213,DCLK3
Q9C098,ENSG00000163673,EFO_0001061,cervical carcinoma,gwas_credible_sets:0.4500429843572353,0.2735949904398083,DCLK3
Q9C098,ENSG00000163673,MONDO_0004985,bipolar disorder,gwas_credible_sets:0.33646836911082484; europepmc:0.01823792392834863,0.2051038537866521,DCLK3
Q9C098,ENSG00000163673,MONDO_0005090,schizophrenia,gwas_credible_sets:0.3234314970683211,0.1966239679854651,DCLK3
Q9C098,ENSG00000163673,EFO_0005854,allergic rhinitis,gwas_credible_sets:0.3014268009933334; europepmc:0.030396539880581056,0.1841705851861083,DCLK3
Q9C098,ENSG00000163673,OBA_2050135,growth differentiation factor 15 amount,gwas_credible_sets:0.27572462655435753,0.1676214921423569,DCLK3
Q9C098,ENSG00000163673,EFO_0009963,bipolar I disorder,gwas_credible_sets:0.2596905078719397,0.1578738575827552,DCLK3
Q9C0K7,ENSG00000082146,EFO_0004532,serum gamma-glutamyl transferase measurement,gwas_credible_sets:0.47573598883443624,0.2892145591446721,STRADB
Q9C0K7,ENSG00000082146,EFO_0000304,breast adenocarcinoma,slapenrich:0.9067628608047468,0.2756245346068125,STRADB
Q9C0K7,ENSG00000082146,EFO_0000571,lung adenocarcinoma,slapenrich:0.865457038266544,0.2630689937859857,STRADB
Q9C0K7,ENSG00000082146,EFO_0004193,basal cell carcinoma,gwas_credible_sets:0.40228143762239826,0.2445592752381341,STRADB
Q9C0K7,ENSG00000082146,EFO_0004527,mean corpuscular hemoglobin,gwas_credible_sets:0.35159409320346624,0.2137448775167178,STRADB
Q9C0K7,ENSG00000082146,EFO_0004528,mean corpuscular hemoglobin concentration,gwas_credible_sets:0.3071970716014375,0.1867545607626161,STRADB
Q9C0K7,ENSG00000082146,EFO_0005689,non-high density lipoprotein cholesterol measurement,gwas_credible_sets:0.2876251006650611,0.1748561568604333,STRADB
Q9C0K7,ENSG00000082146,EFO_0004574,total cholesterol measurement,gwas_credible_sets:0.26491984254229173,0.1610529311798804,STRADB
Q9C0K7,ENSG00000082146,EFO_0009260,non-melanoma skin carcinoma,gwas_credible_sets:0.23836152886546083,0.144907314363105,STRADB
Q9C0K7,ENSG00000082146,EFO_0000305,breast carcinoma,gwas_credible_sets:0.23427245119649895,0.1424214381143171,STRADB
Q9H093,ENSG00000163545,MONDO_0030338,anencephaly 2,uniprot_literature:0.607930797611621; uniprot_variants:0.607930797611621; eva:0.5957721816593886,0.5022179580882113,NUAK2
Q9H093,ENSG00000163545,EFO_0005772,neurodegenerative disease,crispr_screen:0.6694764410283027,0.4069953467765255,NUAK2
Q9H093,ENSG00000163545,OBA_0003277,platelet volume,gwas_credible_sets:0.6146033847155915,0.3736363258849515,NUAK2
Q9H093,ENSG00000163545,EFO_0020092,neuroinflammatory disorder,crispr_screen:0.5944179174882799,0.3613649586932888,NUAK2
Q9H093,ENSG00000163545,MONDO_0004975,Alzheimer disease,crispr_screen:0.5594554123756329,0.3401101750736569,NUAK2
Q9H093,ENSG00000163545,MONDO_0005180,Parkinson disease,crispr_screen:0.5594554123756329,0.3401101750736569,NUAK2
Q9H093,ENSG00000163545,MONDO_0002561,lysosomal storage disease,crispr_screen:0.5594554123756329,0.3401101750736569,NUAK2
Q9H093,ENSG00000163545,MONDO_0005301,multiple sclerosis,crispr_screen:0.5594554123756329,0.3401101750736569,NUAK2
Q9H093,ENSG00000163545,MONDO_0004976,amyotrophic lateral sclerosis,gwas_credible_sets:0.5184176850083763,0.3151620767431123,NUAK2
Q9H093,ENSG00000163545,EFO_0007010,drug use measurement,gwas_credible_sets:0.5184176850083763,0.3151620767431123,NUAK2
Q9H0K1,ENSG00000170145,MONDO_0004979,asthma,gwas_credible_sets:0.739414811754598,0.4495130362758194,SIK2
Q9H0K1,ENSG00000170145,EFO_0004842,eosinophil count,gwas_credible_sets:0.6924446171939771,0.4209584084326081,SIK2
Q9H0K1,ENSG00000170145,OBA_1001087,heart rate,gwas_credible_sets:0.6649955522900526,0.4042712765118721,SIK2
Q9H0K1,ENSG00000170145,EFO_0010139,fish consumption measurement,gwas_credible_sets:0.6212145058583705,0.3776554300343882,SIK2
Q9H0K1,ENSG00000170145,EFO_0020092,neuroinflammatory disorder,crispr_screen:0.607930797611621,0.3695798546847018,SIK2
Q9H0K1,ENSG00000170145,EFO_0008111,diet measurement,gwas_credible_sets:0.6074057009484015,0.3692606322514075,SIK2
Q9H0K1,ENSG00000170145,EFO_0004530,triglyceride measurement,gwas_credible_sets:0.6055991071266655,0.3681623482283993,SIK2
Q9H0K1,ENSG00000170145,MONDO_0005271,allergic disease,gwas_credible_sets:0.5771976660512123; europepmc:0.012158615952232422,0.3512658173567642,SIK2
Q9H0K1,ENSG00000170145,EFO_0009931,Agents acting on the renin-angiotensin system use measurement,gwas_credible_sets:0.5583936880872754,0.3394647201801921,SIK2
Q9H0K1,ENSG00000170145,EFO_0004531,urate measurement,gwas_credible_sets:0.5239293886756058,0.31851281114973,SIK2
Q9H1R3,ENSG00000101306,MONDO_0024573,familial hypertrophic cardiomyopathy,uniprot_variants:0.7599134970145264; uniprot_literature:0.607930797611621; eva:0.19453785523571876; europepmc:0.01823792392834863,0.5676489915280155,MYLK2
Q9H1R3,ENSG00000101306,OBA_0003460,erythrocyte volume,gwas_credible_sets:0.6820846817008892,0.4146602845850902,MYLK2
Q9H1R3,ENSG00000101306,EFO_0004305,erythrocyte count,gwas_credible_sets:0.5711279932839551,0.3472062964954394,MYLK2
Q9H1R3,ENSG00000101306,EFO_0000318,cardiomyopathy,eva:0.5511829816577922; europepmc:0.08596131139269178,0.3376940360991081,MYLK2
Q9H1R3,ENSG00000101306,EFO_0004309,platelet count,gwas_credible_sets:0.5450978317091612,0.3313817596073155,MYLK2
Q9H1R3,ENSG00000101306,EFO_0004527,mean corpuscular hemoglobin,gwas_credible_sets:0.46886899069978727,0.2850398994914774,MYLK2
Q9H1R3,ENSG00000101306,EFO_0007985,platelet crit,gwas_credible_sets:0.46192424787566994,0.2808179764472042,MYLK2
Q9H1R3,ENSG00000101306,EFO_0004346,neuroimaging measurement,gwas_credible_sets:0.4337759265419129,0.263705745007345,MYLK2
Q9H1R3,ENSG00000101306,MONDO_0008647,hypertrophic cardiomyopathy 1,eva:0.3478191752737764; genomics_england:0.3039653988058105,0.2576474704843908,MYLK2
Q9H1R3,ENSG00000101306,EFO_0000538,hypertrophic cardiomyopathy,genomics_england:0.3039653988058105; eva:0.29385596647035367; europepmc:0.08171265398564201; clingen:0.006079307976116211,0.2307858408582862,MYLK2
Q9H2G2,ENSG00000065613,EFO_0000731,uterine fibroid,gwas_credible_sets:0.8175069793238667; europepmc:0.08359048467159791,0.4995285314943826,SLK
Q9H2G2,ENSG00000065613,EFO_0004305,erythrocyte count,gwas_credible_sets:0.771469899670057,0.469000311439775,SLK
Q9H2G2,ENSG00000065613,OBA_0003460,erythrocyte volume,gwas_credible_sets:0.7552920164287401,0.4591652779772135,SLK
Q9H2G2,ENSG00000065613,EFO_0005772,neurodegenerative disease,crispr_screen:0.7370042883065705,0.4480476048333985,SLK
Q9H2G2,ENSG00000065613,EFO_0006336,diastolic blood pressure,gwas_credible_sets:0.7171012778360578,0.4359479518031873,SLK
Q9H2G2,ENSG00000065613,OBA_2045260,red blood cell density,gwas_credible_sets:0.6860246159344996,0.4170554919462663,SLK
Q9H2G2,ENSG00000065613,EFO_0004527,mean corpuscular hemoglobin,gwas_credible_sets:0.6518133928620233,0.3962574358165467,SLK
Q9H2G2,ENSG00000065613,EFO_0006340,mean arterial pressure,gwas_credible_sets:0.6360434170463589,0.3866703818406139,SLK
Q9H2G2,ENSG00000065613,EFO_0001645,coronary artery disease,gwas_credible_sets:0.6108226033680523,0.3713378724647468,SLK
Q9H2G2,ENSG00000065613,EFO_0009433,lower respiratory tract disease,gwas_credible_sets:0.6032850704025012,0.3667555740369755,SLK
Q9H2K8,ENSG00000135090,EFO_0007660,neuroticism measurement,gwas_credible_sets:0.8189570333188306,0.4978692024751636,TAOK3
Q9H2K8,ENSG00000135090,EFO_0005772,neurodegenerative disease,crispr_screen:0.8041505046168892; europepmc:0.03647584785669726,0.4899765972355871,TAOK3
Q9H2K8,ENSG00000135090,EFO_0009188,Red cell distribution width,gwas_credible_sets:0.7611940945423665,0.4627533330323966,TAOK3
Q9H2K8,ENSG00000135090,EFO_0004541,HbA1c measurement,gwas_credible_sets:0.7564728678489251,0.4598831539229474,TAOK3
Q9H2K8,ENSG00000135090,EFO_0006336,diastolic blood pressure,gwas_credible_sets:0.7333208021185902,0.4458083001371483,TAOK3
Q9H2K8,ENSG00000135090,EFO_0006340,mean arterial pressure,gwas_credible_sets:0.6734578794966645,0.4094157858402382,TAOK3
Q9H2K8,ENSG00000135090,EFO_0007629,hemoglobin A1 measurement,gwas_credible_sets:0.5476475920604248,0.3329318374513777,TAOK3
Q9H2K8,ENSG00000135090,EFO_0007869,wellbeing measurement,gwas_credible_sets:0.46595393976238797,0.2832677502500257,TAOK3
Q9H2K8,ENSG00000135090,EFO_0004257,neurotic disorder,gwas_credible_sets:0.4521741037882315,0.2748905635752995,TAOK3
Q9H2K8,ENSG00000135090,EFO_0004309,platelet count,gwas_credible_sets:0.4066582169124482,0.2472200541629042,TAOK3
Q9H2X6,ENSG00000064393,EFO_0006335,systolic blood pressure,gwas_credible_sets:0.8867409079297514,0.5390771074325867,HIPK2
Q9H2X6,ENSG00000064393,EFO_0005763,pulse pressure measurement,gwas_credible_sets:0.8336306595570446,0.5067897517780159,HIPK2
Q9H2X6,ENSG00000064393,EFO_0006336,diastolic blood pressure,gwas_credible_sets:0.7702605073001174,0.4682650845716922,HIPK2
Q9H2X6,ENSG00000064393,EFO_0000319,cardiovascular disease,gwas_credible_sets:0.6900201471627118,0.4194844984327155,HIPK2
Q9H2X6,ENSG00000064393,HP_0032263,Increased blood pressure,gwas_credible_sets:0.6855062383108631,0.416740354224065,HIPK2
Q9H2X6,ENSG00000064393,EFO_0006340,mean arterial pressure,gwas_credible_sets:0.6786197972578505,0.4125538746220016,HIPK2
Q9H2X6,ENSG00000064393,EFO_0000537,hypertension,gwas_credible_sets:0.6775483133707296,0.4119024865678762,HIPK2
Q9H2X6,ENSG00000064393,EFO_1000897,diabetic ketoacidosis,gwas_credible_sets:0.5946475826655215,0.3615045792276729,HIPK2
Q9H2X6,ENSG00000064393,EFO_0005772,neurodegenerative disease,crispr_screen:0.5720619448546039; europepmc:0.031811667681688104,0.3487410390440687,HIPK2
Q9H2X6,ENSG00000064393,EFO_0004314,forced expiratory volume,gwas_credible_sets:0.5475948288919535,0.3328997610962845,HIPK2
Q9H3Y6,ENSG00000125508,EFO_0000339,chronic myelogenous leukemia,chembl:0.9580573757688562,0.5824325846088573,SRMS
Q9H3Y6,ENSG00000125508,EFO_0000220,acute lymphoblastic leukemia,chembl:0.9037244220988341,0.5494019087476455,SRMS
Q9H3Y6,ENSG00000125508,EFO_0004289,lymphoid leukemia,chembl:0.7449206373023215,0.4528601971925574,SRMS
Q9H3Y6,ENSG00000125508,EFO_0000616,neoplasm,chembl:0.6654080796079205; europepmc:0.32395618986727265,0.4143692118181217,SRMS
Q9H3Y6,ENSG00000125508,EFO_1000131,"Blast Phase Chronic Myelogenous Leukemia, BCR-ABL1 Positive",chembl:0.607930797611621,0.3695798546847018,SRMS
Q9H3Y6,ENSG00000125508,EFO_0000274,atopic eczema,gwas_credible_sets:0.6076129715427417,0.3693866384291462,SRMS
Q9H3Y6,ENSG00000125508,EFO_0000565,leukemia,chembl:0.5708871966159877,0.3470599087850198,SRMS
Q9H3Y6,ENSG00000125508,EFO_0000222,acute myeloid leukemia,chembl:0.48522867807133413,0.2949854572839386,SRMS
Q9H3Y6,ENSG00000125508,EFO_0000673,prostate adenocarcinoma,chembl:0.4559480982087158,0.2771848910135263,SRMS
Q9H3Y6,ENSG00000125508,MONDO_0001606,central nervous system leukemia,chembl:0.42555155832813474,0.2587058982792912,SRMS
Q9H422,ENSG00000110422,EFO_0004612,high density lipoprotein cholesterol measurement,gwas_credible_sets:0.623406643818151,0.3789880982127523,HIPK3
Q9H422,ENSG00000110422,EFO_0010282,gastrointestinal disease,gwas_credible_sets:0.5226383473351351,0.3177279473578681,HIPK3
Q9H422,ENSG00000110422,OBA_1000840,alcohol consumption quality,gwas_credible_sets:0.521084403932861,0.3167832573058803,HIPK3
Q9H422,ENSG00000110422,EFO_0009270,heel bone mineral density,gwas_credible_sets:0.4844312957835568,0.2945007040337288,HIPK3
Q9H422,ENSG00000110422,EFO_0020092,neuroinflammatory disorder,crispr_screen:0.25771424673074267,0.1566724275708985,HIPK3
Q9H422,ENSG00000110422,EFO_0005221,cholangiocarcinoma,europepmc:0.7666682836546554,0.0932162522371414,HIPK3
Q9H422,ENSG00000110422,EFO_0003060,non-small cell lung carcinoma,europepmc:0.6517693276253935,0.0792461294404191,HIPK3
Q9H422,ENSG00000110422,EFO_0008453,calf circumference measurement,europepmc:0.6215045413649605,0.075566350310249,HIPK3
Q9H422,ENSG00000110422,EFO_0005922,esophageal squamous cell carcinoma,europepmc:0.607930797611621,0.0739159709369403,HIPK3
Q9H422,ENSG00000110422,EFO_0000616,neoplasm,europepmc:0.5601513084142694,0.0681066463414959,HIPK3
Q9H4A3,ENSG00000060237,MONDO_0013778,pseudohypoaldosteronism type 2C,eva:0.930124099817772; genomics_england:0.6839221473130737; uniprot_literature:0.607930797611621; orphanet:0.607930797611621; europepmc:0.030396539880581056,0.7337064211680495,WNK1
Q9H4A3,ENSG00000060237,MONDO_0019941,hereditary sensory and autonomic neuropathy type 2,eva:0.9372492857433473; orphanet:0.607930797611621; clingen:0.607930797611621; europepmc:0.18539724124331158,0.7046509564716514,WNK1
Q9H4A3,ENSG00000060237,EFO_0005772,neurodegenerative disease,crispr_screen:0.9166496971516479; europepmc:0.10482478529112617,0.5604458922864273,WNK1
Q9H4A3,ENSG00000060237,EFO_0000508,genetic disorder,eva:0.8630706273856266,0.5246872149017061,WNK1
Q9H4A3,ENSG00000060237,EFO_0004340,body mass index,gwas_credible_sets:0.836251443352517,0.508383006961165,WNK1
Q9H4A3,ENSG00000060237,EFO_0005091,monocyte count,gwas_credible_sets:0.7959285767701042,0.4838694945177318,WNK1
Q9H4A3,ENSG00000060237,OBA_0003460,erythrocyte volume,gwas_credible_sets:0.689367380254046,0.4190876613252758,WNK1
Q9H4A3,ENSG00000060237,EFO_0000731,uterine fibroid,gwas_credible_sets:0.6750274628820827,0.4103699839196534,WNK1
Q9H4A3,ENSG00000060237,EFO_0009283,potassium measurement,gwas_credible_sets:0.6473913773111545,0.3935691563756561,WNK1
Q9H4A3,ENSG00000060237,OBA_2050110,retinal layer thickness,gwas_credible_sets:0.6229051618507518,0.3786832318803235,WNK1
Q9H4B4,ENSG00000173846,EFO_0004833,neutrophil count,gwas_credible_sets:0.4779024765364891,0.2905316337413968,PLK3
Q9H4B4,ENSG00000173846,EFO_0000519,glioblastoma multiforme,slapenrich:0.8820823213592219; europepmc:0.5034342482888234,0.2834251637968726,PLK3
Q9H4B4,ENSG00000173846,MONDO_0002561,lysosomal storage disease,crispr_screen:0.45147620472334543,0.2744662892401309,PLK3
Q9H4B4,ENSG00000173846,MONDO_0005301,multiple sclerosis,crispr_screen:0.45147620472334543,0.2744662892401309,PLK3
Q9H4B4,ENSG00000173846,MONDO_0005180,Parkinson disease,crispr_screen:0.45147620472334543,0.2744662892401309,PLK3
Q9H4B4,ENSG00000173846,EFO_0005772,neurodegenerative disease,crispr_screen:0.45147620472334543,0.2744662892401309,PLK3
Q9H4B4,ENSG00000173846,MONDO_0004975,Alzheimer disease,crispr_screen:0.45147620472334543,0.2744662892401309,PLK3
Q9H4B4,ENSG00000173846,EFO_0000304,breast adenocarcinoma,slapenrich:0.8717427407718896,0.2649796298547977,PLK3
Q9H4B4,ENSG00000173846,EFO_0000571,lung adenocarcinoma,slapenrich:0.8274613634158176; europepmc:0.19142558729127926,0.2573382988253517,PLK3
Q9H4B4,ENSG00000173846,MONDO_0011962,endometrial cancer,slapenrich:0.8274613634158176; europepmc:0.07599134970145263,0.2538294974188681,PLK3
Q9H5K3,ENSG00000185900,MONDO_0014101,"muscular dystrophy-dystroglycanopathy (congenital with brain and eye anomalies), type a, 12",genomics_england:0.9446636436547599; eva:0.9061436487327347; uniprot_variants:0.8274613634158176; uniprot_literature:0.607930797611621; gene2phenotype:0.607930797611621,0.8057834648763613,POMK
Q9H5K3,ENSG00000185900,MONDO_0014489,limb-girdle muscular dystrophy due to POMK deficiency,eva:0.9035761004177303; orphanet:0.607930797611621; genomics_england:0.607930797611621,0.6827711313992245,POMK
Q9H5K3,ENSG00000185900,EFO_0010955,"muscular dystrophy-dystroglycanopathy (limb-girdle), type c, 12",eva:0.9035761004177303; uniprot_literature:0.607930797611621,0.6417067031009244,POMK
Q9H5K3,ENSG00000185900,MONDO_0000171,"muscular dystrophy-dystroglycanopathy, type A",orphanet:0.607930797611621; europepmc:0.23884587820164574,0.3768399429467705,POMK
Q9H5K3,ENSG00000185900,EFO_0010701,mean reticulocyte volume,gwas_credible_sets:0.6138650911147494,0.37318749446732,POMK
Q9H5K3,ENSG00000185900,EFO_0700084,congenital muscular dystrophy with cerebellar involvement,orphanet:0.607930797611621,0.3695798546847018,POMK
Q9H5K3,ENSG00000185900,OBA_0003460,erythrocyte volume,gwas_credible_sets:0.5466558331829409,0.3323289166859505,POMK
Q9H5K3,ENSG00000185900,EFO_0004528,mean corpuscular hemoglobin concentration,gwas_credible_sets:0.4041494418145754,0.2456948925166262,POMK
Q9H5K3,ENSG00000185900,EFO_0005091,monocyte count,gwas_credible_sets:0.3782107023755071,0.2299259339603934,POMK
Q9H5K3,ENSG00000185900,EFO_0004842,eosinophil count,gwas_credible_sets:0.33939849002777583,0.2063307947507655,POMK
Q9H792,ENSG00000173517,MONDO_0005148,type 2 diabetes mellitus,gwas_credible_sets:0.8761434640939229; europepmc:0.182885848281496,0.5381936919297096,PEAK1
Q9H792,ENSG00000173517,EFO_0004541,HbA1c measurement,gwas_credible_sets:0.8653498940531333,0.5260728513048532,PEAK1
Q9H792,ENSG00000173517,EFO_0004468,glucose measurement,gwas_credible_sets:0.8334773750175719,0.5066965653856728,PEAK1
Q9H792,ENSG00000173517,OBA_2044953,level of cathepsin H in blood serum,gwas_credible_sets:0.7204212318045851,0.4379662540673079,PEAK1
Q9H792,ENSG00000173517,EFO_0005772,neurodegenerative disease,crispr_screen:0.6954040460004347,0.4227575363473927,PEAK1
Q9H792,ENSG00000173517,EFO_0004631,vitamin D measurement,gwas_credible_sets:0.6919794124851174,0.4206755961628983,PEAK1
Q9H792,ENSG00000173517,OBA_0003747,glomerular filtration rate,gwas_credible_sets:0.6792712380713266,0.4129499055553349,PEAK1
Q9H792,ENSG00000173517,EFO_0000400,diabetes mellitus,gwas_credible_sets:0.6714455374132363; europepmc:0.024317231904464845,0.4089315808217617,PEAK1
Q9H792,ENSG00000173517,OBA_1000110,bone tissue density,gwas_credible_sets:0.6670165860037156,0.4054999251494193,PEAK1
Q9H792,ENSG00000173517,EFO_0004842,eosinophil count,gwas_credible_sets:0.6541510571498934,0.3976785739316198,PEAK1
Q9HAZ1,ENSG00000113240,EFO_0020092,neuroinflammatory disorder,crispr_screen:0.5784110859355877,0.3516339128202257,CLK4
Q9HAZ1,ENSG00000113240,EFO_0001663,prostate carcinoma,gwas_credible_sets:0.17530709841550454,0.1065745841667166,CLK4
Q9HAZ1,ENSG00000113240,OBA_2050200,prostate specific antigen amount,gwas_credible_sets:0.13973838185634221,0.0849512659388834,CLK4
Q9HAZ1,ENSG00000113240,EFO_0005922,esophageal squamous cell carcinoma,europepmc:0.6155299325817664,0.0748399205736521,CLK4
Q9HAZ1,ENSG00000113240,EFO_0007990,neutrophil percentage of leukocytes,gwas_credible_sets:0.11020120780256588,0.0669947081571778,CLK4
Q9HAZ1,ENSG00000113240,EFO_0007997,granulocyte percentage of myeloid white cells,gwas_credible_sets:0.10687665540821033,0.0649736103683756,CLK4
Q9HAZ1,ENSG00000113240,EFO_0002503,cardiac hypertrophy,europepmc:0.40579380740575705,0.0493389106004076,CLK4
Q9HAZ1,ENSG00000113240,EFO_0009578,placental retention,gwas_credible_sets:0.0747997919476595,0.0454730971799239,CLK4
Q9HAZ1,ENSG00000113240,EFO_1001754,Abruptio Placentae,gwas_credible_sets:0.0747997919476595,0.0454730971799239,CLK4
Q9HAZ1,ENSG00000113240,EFO_0003144,heart failure,europepmc:0.30700505279386864,0.0373275653231548,CLK4
Q9HBH9,ENSG00000099875,EFO_0005772,neurodegenerative disease,crispr_screen:0.8858734374320211,0.5385497454009971,MKNK2
Q9HBH9,ENSG00000099875,EFO_0004309,platelet count,gwas_credible_sets:0.5134325149366594,0.3121314383251839,MKNK2
Q9HBH9,ENSG00000099875,MONDO_0004975,Alzheimer disease,crispr_screen:0.44576557064964745; expression_atlas:0.08527862281889088; europepmc:0.030396539880581056,0.273997438255298,MKNK2
Q9HBH9,ENSG00000099875,MONDO_0005180,Parkinson disease,crispr_screen:0.44576557064964745; expression_atlas:0.010427860666804139,0.2713115897954672,MKNK2
Q9HBH9,ENSG00000099875,MONDO_0005301,multiple sclerosis,crispr_screen:0.44576557064964745,0.2709946189128396,MKNK2
Q9HBH9,ENSG00000099875,MONDO_0002561,lysosomal storage disease,crispr_screen:0.44576557064964745,0.2709946189128396,MKNK2
Q9HBH9,ENSG00000099875,OBA_0003460,erythrocyte volume,gwas_credible_sets:0.41578120439776173,0.2527661992214517,MKNK2
Q9HBH9,ENSG00000099875,EFO_0004143,carpal tunnel syndrome,gwas_credible_sets:0.3832753229748625,0.2330048728009598,MKNK2
Q9HBH9,ENSG00000099875,EFO_0004875,mathematical ability,gwas_credible_sets:0.3821279351764383,0.2323073404214939,MKNK2
Q9HBH9,ENSG00000099875,EFO_0009617,knee fracture,gwas_credible_sets:0.24505947388943294,0.1489792014238872,MKNK2
Q9HBY8,ENSG00000101049,MONDO_0005575,colorectal cancer,eva:0.42555155832813474; gwas_credible_sets:0.07217166671337684; expression_atlas:0.0871450244886505,0.2708520351011364,SGK2
Q9HBY8,ENSG00000101049,EFO_0005091,monocyte count,gwas_credible_sets:0.4408065750172555,0.267979892742687,SGK2
Q9HBY8,ENSG00000101049,EFO_0005772,neurodegenerative disease,crispr_screen:0.42881245899545134,0.2606883002229053,SGK2
Q9HBY8,ENSG00000101049,EFO_0020092,neuroinflammatory disorder,crispr_screen:0.4066296388601914,0.2472026806848015,SGK2
Q9HBY8,ENSG00000101049,OBA_0003460,erythrocyte volume,gwas_credible_sets:0.3010241723399477,0.1830018651910025,SGK2
Q9HBY8,ENSG00000101049,EFO_0000519,glioblastoma multiforme,slapenrich:0.5776119763517491,0.1755740547467718,SGK2
Q9HBY8,ENSG00000101049,EFO_0000304,breast adenocarcinoma,slapenrich:0.5221988336516445,0.1587303767268512,SGK2
Q9HBY8,ENSG00000101049,MONDO_0005148,type 2 diabetes mellitus,gwas_credible_sets:0.18502342411995457; europepmc:0.1291852944924695,0.1164082237581021,SGK2
Q9HBY8,ENSG00000101049,EFO_0000181,head and neck squamous cell carcinoma,slapenrich:0.3827459360611051,0.116341521096117,SGK2
Q9HBY8,ENSG00000101049,EFO_0004612,high density lipoprotein cholesterol measurement,gwas_credible_sets:0.168296304838842,0.1023125068357657,SGK2
Q9HC98,ENSG00000119408,EFO_0005091,monocyte count,gwas_credible_sets:0.897501958523647,0.5456190815032728,NEK6
Q9HC98,ENSG00000119408,EFO_0004340,body mass index,gwas_credible_sets:0.8485074440444316,0.5158338072373292,NEK6
Q9HC98,ENSG00000119408,EFO_0004833,neutrophil count,gwas_credible_sets:0.8298765544701868,0.5045075156782446,NEK6
Q9HC98,ENSG00000119408,EFO_0004995,lean body mass,gwas_credible_sets:0.7016985948192447; gene_burden:0.4893915786439734,0.5009632396187774,NEK6
Q9HC98,ENSG00000119408,MONDO_0004979,asthma,gwas_credible_sets:0.796953082058494,0.48449232283486,NEK6
Q9HC98,ENSG00000119408,EFO_0004705,hypothyroidism,gwas_credible_sets:0.7828941797430097; europepmc:0.06079307976116211,0.4777933824100872,NEK6
Q9HC98,ENSG00000119408,OBA_1000983,thyroid stimulating hormone amount,gwas_credible_sets:0.7658783458600604,0.4656010336721755,NEK6
Q9HC98,ENSG00000119408,MONDO_0004867,upper respiratory tract disorder,gwas_credible_sets:0.7523339737713362,0.4573669927451288,NEK6
Q9HC98,ENSG00000119408,EFO_1000627,thyroid disease,gwas_credible_sets:0.7517181895733386,0.4569926385664835,NEK6
Q9HC98,ENSG00000119408,EFO_0007989,monocyte percentage of leukocytes,gwas_credible_sets:0.7185007112611385,0.4367987104815009,NEK6
Q9HCP0,ENSG00000169118,EFO_0005091,monocyte count,gwas_credible_sets:0.7865969817293955,0.4781965305016451,CSNK1G1
Q9HCP0,ENSG00000169118,EFO_0007984,platelet component distribution width,gwas_credible_sets:0.6572211591720807,0.3995449835027171,CSNK1G1
Q9HCP0,ENSG00000169118,EFO_0004833,neutrophil count,gwas_credible_sets:0.6333516881609237,0.385033996952337,CSNK1G1
Q9HCP0,ENSG00000169118,HP_0001263,Global developmental delay,genomics_england:0.607930797611621; europepmc:0.08342161500559467,0.3721155831321218,CSNK1G1
Q9HCP0,ENSG00000169118,HP_0040064,Abnormality of limbs,genomics_england:0.607930797611621,0.3695798546847018,CSNK1G1
Q9HCP0,ENSG00000169118,HP_0001250,Seizure,genomics_england:0.607930797611621,0.3695798546847018,CSNK1G1
Q9HCP0,ENSG00000169118,HP_0001249,Intellectual disability,genomics_england:0.607930797611621,0.3695798546847018,CSNK1G1
Q9HCP0,ENSG00000169118,HP_0000271,Abnormality of the face,genomics_england:0.607930797611621,0.3695798546847018,CSNK1G1
Q9HCP0,ENSG00000169118,HP_0000717,Autism,genomics_england:0.607930797611621,0.3695798546847018,CSNK1G1
Q9HCP0,ENSG00000169118,EFO_0003758,autism,genomics_england:0.607930797611621,0.3695798546847018,CSNK1G1
Q9NQU5,ENSG00000137843,MONDO_0000141,mosaic variegated aneuploidy syndrome,eva:0.8407505405532861,0.5111181467109608,PAK6
Q9NQU5,ENSG00000137843,EFO_0009077,premature chromatid separation trait,eva:0.4400990839279462,0.2675497871204601,PAK6
Q9NQU5,ENSG00000137843,EFO_0020092,neuroinflammatory disorder,crispr_screen:0.3276985223553474,0.199218024071636,PAK6
Q9NQU5,ENSG00000137843,EFO_0000508,genetic disorder,eva:0.31864556337804667,0.1937144514998202,PAK6
Q9NQU5,ENSG00000137843,MONDO_0005575,colorectal cancer,eva:0.29984961740418886; europepmc:0.012158615952232422,0.1826573969267526,PAK6
Q9NQU5,ENSG00000137843,EFO_0004309,platelet count,gwas_credible_sets:0.2604397867729583,0.158329367302685,PAK6
Q9NQU5,ENSG00000137843,MONDO_0004565,intestinal obstruction,gwas_credible_sets:0.2584539634130305,0.1571221241235683,PAK6
Q9NQU5,ENSG00000137843,EFO_0000389,cutaneous melanoma,slapenrich:0.4059628550427902,0.1233986611334271,PAK6
Q9NQU5,ENSG00000137843,EFO_0000571,lung adenocarcinoma,slapenrich:0.3952079285365764,0.1201295356088387,PAK6
Q9NQU5,ENSG00000137843,HP_0000252,Microcephaly,eva:0.18237923928348632,0.1108739564054105,PAK6
Q9NR20,ENSG00000010219,EFO_0005137,conduction system disorder,gwas_credible_sets:0.454444594134169,0.2762708645822748,DYRK4
Q9NR20,ENSG00000010219,EFO_0010972,blood phosphate measurement,gwas_credible_sets:0.20277869746752974,0.1232754152900809,DYRK4
Q9NR20,ENSG00000010219,EFO_0010968,phosphate measurement,gwas_credible_sets:0.16222295797402378,0.0986203322320647,DYRK4
Q9NR20,ENSG00000010219,EFO_0000763,viral disease,europepmc:0.462027406184832,0.0561761379120746,DYRK4
Q9NR20,ENSG00000010219,EFO_0004533,alkaline phosphatase measurement,gwas_credible_sets:0.03504659967929263,0.0213059072966075,DYRK4
Q9NR20,ENSG00000010219,EFO_0000616,neoplasm,europepmc:0.0908518803097367,0.0110463312122427,DYRK4
Q9NR20,ENSG00000010219,EFO_0000341,chronic obstructive pulmonary disease,europepmc:0.07295169571339452,0.0088699165124328,DYRK4
Q9NR20,ENSG00000010219,MONDO_0007254,breast cancer,europepmc:0.06687238773727831,0.0081307568030634,DYRK4
Q9NR20,ENSG00000010219,HP_0100806,Sepsis,expression_atlas:0.06527369020722279,0.0079363773101461,DYRK4
Q9NR20,ENSG00000010219,MONDO_0008903,lung cancer,europepmc:0.06383273374922022,0.0077611769483787,DYRK4
Q9NRH2,ENSG00000163788,EFO_0005772,neurodegenerative disease,crispr_screen:0.8971644248800126,0.5454138844060773,SNRK
Q9NRH2,ENSG00000163788,MONDO_0002561,lysosomal storage disease,crispr_screen:0.7735736281274322,0.4702792327588254,SNRK
Q9NRH2,ENSG00000163788,MONDO_0004975,Alzheimer disease,crispr_screen:0.6966226108283967; europepmc:0.030396539880581056; expression_atlas:0.025772292664926363,0.424770461748266,SNRK
Q9NRH2,ENSG00000163788,MONDO_0005301,multiple sclerosis,crispr_screen:0.6966226108283967,0.4234983394351971,SNRK
Q9NRH2,ENSG00000163788,MONDO_0005180,Parkinson disease,crispr_screen:0.6966226108283967,0.4234983394351971,SNRK
Q9NRH2,ENSG00000163788,EFO_0005091,monocyte count,gwas_credible_sets:0.6400697805792281,0.3891181322346254,SNRK
Q9NRH2,ENSG00000163788,MONDO_0002050,depressive disorder,gwas_credible_sets:0.6223409022872319,0.3783402011138128,SNRK
Q9NRH2,ENSG00000163788,EFO_0004340,body mass index,gwas_credible_sets:0.6044138526239083,0.3674417955131654,SNRK
Q9NRH2,ENSG00000163788,MONDO_0002009,major depressive disorder,gwas_credible_sets:0.5759715843870821,0.3501508646980679,SNRK
Q9NRH2,ENSG00000163788,EFO_0000677,mental or behavioural disorder,gwas_credible_sets:0.5631941341508531,0.3423830591845144,SNRK
Q9NRM7,ENSG00000150457,EFO_1000485,Pleural Mesothelioma,intogen:0.7945568367164794; cancer_gene_census:0.607930797611621; europepmc:0.024317231904464845,0.5757590505903777,LATS2
Q9NRM7,ENSG00000150457,EFO_0005772,neurodegenerative disease,crispr_screen:0.9010937135521718,0.5478026200025894,LATS2
Q9NRM7,ENSG00000150457,EFO_0006335,systolic blood pressure,gwas_credible_sets:0.7948071686931055,0.4831877560110339,LATS2
Q9NRM7,ENSG00000150457,EFO_0004587,lymphocyte count,gwas_credible_sets:0.6499456919512894,0.3951220029121843,LATS2
Q9NRM7,ENSG00000150457,EFO_0004305,erythrocyte count,gwas_credible_sets:0.6123487385222032,0.3722656570262729,LATS2
Q9NRM7,ENSG00000150457,MONDO_0005341,skin basal cell carcinoma,cancer_gene_census:0.607930797611621; europepmc:0.021277577916406734,0.3702266194304,LATS2
Q9NRM7,ENSG00000150457,EFO_1000233,Endometrial Endometrioid Adenocarcinoma,cancer_gene_census:0.607930797611621,0.3695798546847018,LATS2
Q9NRM7,ENSG00000150457,EFO_0000365,colorectal adenocarcinoma,cancer_gene_census:0.607930797611621,0.3695798546847018,LATS2
Q9NRM7,ENSG00000150457,EFO_0001642,lymphoid neoplasm,cancer_gene_census:0.607930797611621,0.3695798546847018,LATS2
Q9NRM7,ENSG00000150457,EFO_0000478,esophageal adenocarcinoma,cancer_gene_census:0.607930797611621,0.3695798546847018,LATS2
Q9NRP7,ENSG00000163482,MONDO_0030332,"ciliary dyskinesia, primary, 46",eva:0.7348539297582124; uniprot_literature:0.607930797611621; clingen:0.3039653988058105,0.5596675134662698,STK36
Q9NRP7,ENSG00000163482,EFO_0004530,triglyceride measurement,gwas_credible_sets:0.6962863552937105,0.423293919339794,STK36
Q9NRP7,ENSG00000163482,EFO_0004509,hemoglobin measurement,gwas_credible_sets:0.6507843698106838,0.3956318610121851,STK36
Q9NRP7,ENSG00000163482,MONDO_0016575,primary ciliary dyskinesia,orphanet:0.607930797611621; europepmc:0.14634751864837756,0.3740283128717213,STK36
Q9NRP7,ENSG00000163482,EFO_0004348,hematocrit,gwas_credible_sets:0.5953998007392612,0.3619618757612193,STK36
Q9NRP7,ENSG00000163482,EFO_0022252,cholesteryl esters to total lipids in medium LDL percentage ,gwas_credible_sets:0.5277848703076267,0.3208566771734614,STK36
Q9NRP7,ENSG00000163482,EFO_0005772,neurodegenerative disease,crispr_screen:0.5162939612261073; europepmc:0.15336941164903845,0.318532899087902,STK36
Q9NRP7,ENSG00000163482,EFO_0004305,erythrocyte count,gwas_credible_sets:0.48441755489652616,0.2944923505253163,STK36
Q9NRP7,ENSG00000163482,EFO_0006336,diastolic blood pressure,gwas_credible_sets:0.47853313828805194,0.2909150324430475,STK36
Q9NRP7,ENSG00000163482,OBA_2045260,red blood cell density,gwas_credible_sets:0.40254677088935764,0.2447205795027496,STK36
Q9NSY1,ENSG00000138756,EFO_0005772,neurodegenerative disease,crispr_screen:0.8910280111325517,0.5416833695021085,BMP2K
Q9NSY1,ENSG00000138756,OBA_0003460,erythrocyte volume,gwas_credible_sets:0.882254961240791,0.5363499622839238,BMP2K
Q9NSY1,ENSG00000138756,EFO_0004536,total blood protein measurement,gwas_credible_sets:0.8756403018735096,0.5323287071388434,BMP2K
Q9NSY1,ENSG00000138756,EFO_0009188,Red cell distribution width,gwas_credible_sets:0.8418239159391977,0.5117706846654547,BMP2K
Q9NSY1,ENSG00000138756,EFO_0010700,reticulocyte measurement,gwas_credible_sets:0.8369317139483631,0.5087965644070894,BMP2K
Q9NSY1,ENSG00000138756,EFO_0007986,reticulocyte count,gwas_credible_sets:0.8295256528480852,0.5042941917752372,BMP2K
Q9NSY1,ENSG00000138756,EFO_0004305,erythrocyte count,gwas_credible_sets:0.8198000575104427,0.4983817028443763,BMP2K
Q9NSY1,ENSG00000138756,EFO_0004509,hemoglobin measurement,gwas_credible_sets:0.8170618187139289,0.4967170431487605,BMP2K
Q9NSY1,ENSG00000138756,EFO_0004527,mean corpuscular hemoglobin,gwas_credible_sets:0.8122956864349488,0.4938195645508776,BMP2K
Q9NSY1,ENSG00000138756,EFO_0004875,mathematical ability,gwas_credible_sets:0.7789693960683393,0.4735594862668682,BMP2K
Q9NWZ3,ENSG00000198001,MONDO_0011888,immunodeficiency 67,eva:0.9338982800575063; genomics_england:0.865457038266544; uniprot_variants:0.7599134970145264; uniprot_literature:0.607930797611621; impc:0.26396355232296587,0.7749930720503757,IRAK4
Q9NWZ3,ENSG00000198001,Orphanet_70592,Immunodeficiency due to interleukin-1 receptor-associated kinase-4 deficiency,eva:0.9338982800575063; genomics_england:0.8274613634158176; orphanet:0.607930797611621,0.7345697662453253,IRAK4
Q9NWZ3,ENSG00000198001,MONDO_0003778,inborn error of immunity,reactome:0.7599134970145264; europepmc:0.0625861915696481,0.4638772220238977,IRAK4
Q9NWZ3,ENSG00000198001,EFO_0020092,neuroinflammatory disorder,crispr_screen:0.607930797611621; europepmc:0.04255515583281348,0.3708733841760982,IRAK4
Q9NWZ3,ENSG00000198001,MONDO_0010386,immunodeficiency 33,eva:0.547137717850459; impc:0.30420857112485516,0.3418687571804428,IRAK4
Q9NWZ3,ENSG00000198001,EFO_0007427,pericarditis,gwas_credible_sets:0.5514923138665058,0.3352691622455433,IRAK4
Q9NWZ3,ENSG00000198001,MONDO_0019403,congenital dyserythropoietic anemia,eva:0.48634463808929684,0.2956638837477614,IRAK4
Q9NWZ3,ENSG00000198001,EFO_0005772,neurodegenerative disease,crispr_screen:0.4093763905253876; europepmc:0.01823792392834863,0.2494268853974924,IRAK4
Q9NWZ3,ENSG00000198001,EFO_0000571,lung adenocarcinoma,slapenrich:0.7947264924732724,0.2415693552261812,IRAK4
Q9NWZ3,ENSG00000198001,EFO_0000095,chronic lymphocytic leukemia,slapenrich:0.6631634850262667; europepmc:0.27833904306212504,0.2100392970222209,IRAK4
Q9NYL2,ENSG00000091436,MONDO_0054695,"myopathy, centronuclear, 6, with fiber-type disproportion",genomics_england:0.8897742701710087; uniprot_variants:0.7599134970145264; eva:0.7468874443048137; clingen:0.607930797611621; uniprot_literature:0.607930797611621,0.7447474747582141,MAP3K20
Q9NYL2,ENSG00000091436,MONDO_0014816,split-foot malformation-mesoaxial polydactyly syndrome,genomics_england:0.865457038266544; eva:0.7975508841288576; uniprot_variants:0.7599134970145264; uniprot_literature:0.607930797611621; orphanet:0.607930797611621; impc:0.4457956538886017,0.7380700215946634,MAP3K20
Q9NYL2,ENSG00000091436,EFO_0004612,high density lipoprotein cholesterol measurement,gwas_credible_sets:0.8299806318859461,0.5045707875446205,MAP3K20
Q9NYL2,ENSG00000091436,EFO_0006336,diastolic blood pressure,gwas_credible_sets:0.8216647274053563,0.4995152931008735,MAP3K20
Q9NYL2,ENSG00000091436,EFO_0004713,FEV/FVC ratio,gwas_credible_sets:0.8088233383377635,0.4917086172025706,MAP3K20
Q9NYL2,ENSG00000091436,EFO_0004735,serum alanine aminotransferase measurement,gwas_credible_sets:0.8071051114880528,0.4906640541833482,MAP3K20
Q9NYL2,ENSG00000091436,EFO_0006527,smoking status measurement,gwas_credible_sets:0.7803218929531968,0.4743817107768469,MAP3K20
Q9NYL2,ENSG00000091436,EFO_0005670,smoking initiation,gwas_credible_sets:0.7125243768558738,0.4331655127397146,MAP3K20
Q9NYL2,ENSG00000091436,EFO_0009188,Red cell distribution width,gwas_credible_sets:0.7121005008676233,0.4329078254720891,MAP3K20
Q9NYL2,ENSG00000091436,EFO_0004614,apolipoprotein A 1 measurement,gwas_credible_sets:0.6775267950553381,0.411889404921237,MAP3K20
Q9NYV4,ENSG00000167258,EFO_0000673,prostate adenocarcinoma,intogen:0.8963022389413842; cancer_gene_census:0.607930797611621; slapenrich:0.35219559580544213; europepmc:0.015198269940290528,0.6492952229227763,CDK12
Q9NYV4,ENSG00000167258,EFO_0005772,neurodegenerative disease,crispr_screen:0.9280433080620542; europepmc:0.012158615952232422,0.5645556883429766,CDK12
Q9NYV4,ENSG00000167258,MONDO_0004975,Alzheimer disease,crispr_screen:0.8245354000200357; europepmc:0.012158615952232422,0.501630043247882,CDK12
Q9NYV4,ENSG00000167258,MONDO_0005301,multiple sclerosis,crispr_screen:0.8245354000200357,0.5012604633931973,CDK12
Q9NYV4,ENSG00000167258,MONDO_0005180,Parkinson disease,crispr_screen:0.8245354000200357,0.5012604633931973,CDK12
Q9NYV4,ENSG00000167258,MONDO_0002561,lysosomal storage disease,crispr_screen:0.8245354000200357,0.5012604633931973,CDK12
Q9NYV4,ENSG00000167258,OBA_0003460,erythrocyte volume,gwas_credible_sets:0.7620776743092079,0.4632904883848059,CDK12
Q9NYV4,ENSG00000167258,OBA_0003747,glomerular filtration rate,gwas_credible_sets:0.7008186843322929,0.4260492617472577,CDK12
Q9NYV4,ENSG00000167258,OBA_2050096,serum creatinine amount,gwas_credible_sets:0.6944536809670738,0.4221797801746394,CDK12
Q9NYV4,ENSG00000167258,EFO_0004741,blood urea nitrogen measurement,gwas_credible_sets:0.6790408540620936,0.4128098480208449,CDK12
Q9NYY3,ENSG00000145632,EFO_0006336,diastolic blood pressure,gwas_credible_sets:0.8760933451188277,0.5326041260803221,PLK2
Q9NYY3,ENSG00000145632,EFO_0006335,systolic blood pressure,gwas_credible_sets:0.8204958017256511,0.4988046671800615,PLK2
Q9NYY3,ENSG00000145632,EFO_0004784,self reported educational attainment,gwas_credible_sets:0.8051567150560676,0.4894795639863878,PLK2
Q9NYY3,ENSG00000145632,EFO_0007986,reticulocyte count,gwas_credible_sets:0.8028442297423284,0.4880737329451412,PLK2
Q9NYY3,ENSG00000145632,EFO_0005091,monocyte count,gwas_credible_sets:0.7600952657730884,0.4620853211822507,PLK2
Q9NYY3,ENSG00000145632,EFO_0004530,triglyceride measurement,gwas_credible_sets:0.7576164887484615,0.4605783962885679,PLK2
Q9NYY3,ENSG00000145632,MONDO_0005090,schizophrenia,gwas_credible_sets:0.75020841599477,0.4560748007106513,PLK2
Q9NYY3,ENSG00000145632,OBA_2050200,prostate specific antigen amount,gwas_credible_sets:0.7451670587237366,0.4530100043638268,PLK2
Q9NYY3,ENSG00000145632,EFO_0004541,HbA1c measurement,gwas_credible_sets:0.7315406762147203,0.4447261067765595,PLK2
Q9NYY3,ENSG00000145632,EFO_0020092,neuroinflammatory disorder,crispr_screen:0.7207998487924574,0.4381964269947345,PLK2
Q9NZJ5,ENSG00000172071,MONDO_0009192,Wolcott-Rallison syndrome,eva:0.9332253784465699; genomics_england:0.9285669064556789; uniprot_variants:0.7599134970145264; orphanet:0.607930797611621; gene2phenotype:0.607930797611621; uniprot_literature:0.607930797611621; europepmc:0.3769084699612201; impc:0.26317324228607075,0.8093763453947513,EIF2AK3
Q9NZJ5,ENSG00000172071,EFO_0004346,neuroimaging measurement,gwas_credible_sets:0.925690530037226,0.5627557822670551,EIF2AK3
Q9NZJ5,ENSG00000172071,MONDO_0004992,cancer,reactome:0.8274613634158176; europepmc:0.8333825065671183,0.5283711912508234,EIF2AK3
Q9NZJ5,ENSG00000172071,EFO_0004338,body weight,gwas_credible_sets:0.8496303001557726,0.5165164260486999,EIF2AK3
Q9NZJ5,ENSG00000172071,EFO_0004995,lean body mass,gwas_credible_sets:0.8090679957154063,0.4918573519573025,EIF2AK3
Q9NZJ5,ENSG00000172071,EFO_0005772,neurodegenerative disease,crispr_screen:0.7599134970145264; europepmc:0.22292109392030549,0.4687508482774485,EIF2AK3
Q9NZJ5,ENSG00000172071,EFO_0020864,cerebellar volume measurement,gwas_credible_sets:0.747233389123911,0.454266190252134,EIF2AK3
Q9NZJ5,ENSG00000172071,EFO_0011011,sitting height measurement,gwas_credible_sets:0.6833742369587068,0.4154442449415396,EIF2AK3
Q9NZJ5,ENSG00000172071,EFO_0008328,chronotype measurement,gwas_credible_sets:0.6819131796274274,0.4145560231927785,EIF2AK3
Q9NZJ5,ENSG00000172071,EFO_0004314,forced expiratory volume,gwas_credible_sets:0.6538992475958565,0.3975254911485879,EIF2AK3
Q9P0L2,ENSG00000116141,OBA_2050096,serum creatinine amount,gwas_credible_sets:0.6097426059878708,0.3706813087959947,MARK1
Q9P0L2,ENSG00000116141,EFO_0008518,polymyalgia rheumatica,gwas_credible_sets:0.599627138589872,0.3645318046325149,MARK1
Q9P0L2,ENSG00000116141,EFO_0004833,neutrophil count,gwas_credible_sets:0.5237580289114414,0.3184086362716231,MARK1
Q9P0L2,ENSG00000116141,OBA_0003747,glomerular filtration rate,gwas_credible_sets:0.5212090874477869,0.3168590562545583,MARK1
Q9P0L2,ENSG00000116141,HP_0100790,Hernia,gwas_credible_sets:0.5190750280841333,0.3155616958434618,MARK1
Q9P0L2,ENSG00000116141,EFO_0005772,neurodegenerative disease,crispr_screen:0.513268106807565; europepmc:0.05667772600066344,0.3137542963188494,MARK1
Q9P0L2,ENSG00000116141,EFO_1000941,frozen shoulder,gwas_credible_sets:0.505565868483435,0.3073490616723465,MARK1
Q9P0L2,ENSG00000116141,MONDO_0004975,Alzheimer disease,gwas_credible_sets:0.47318541406439735; europepmc:0.26329637869574485,0.295667285065792,MARK1
Q9P0L2,ENSG00000116141,EFO_0006812,autoimmune thyroid disease,gwas_credible_sets:0.4797017108718976,0.2916254437060119,MARK1
Q9P0L2,ENSG00000116141,EFO_0005576,pernicious anemia,gwas_credible_sets:0.4797017108718976,0.2916254437060119,MARK1
Q9P1W9,ENSG00000102096,EFO_0005772,neurodegenerative disease,crispr_screen:0.3637001629494647,0.2211045301533446,PIM2
Q9P1W9,ENSG00000102096,MONDO_0007254,breast cancer,europepmc:0.8734388552383585,0.1061980759860073,PIM2
Q9P1W9,ENSG00000102096,MONDO_0009685,Miyoshi myopathy,europepmc:0.8361604054852045,0.1016655324475753,PIM2
Q9P1W9,ENSG00000102096,EFO_0000616,neoplasm,europepmc:0.7902941020487464,0.0960888247612508,PIM2
Q9P1W9,ENSG00000102096,EFO_0000182,hepatocellular carcinoma,europepmc:0.7861847000777821,0.0955891783576678,PIM2
Q9P1W9,ENSG00000102096,MONDO_0004992,cancer,europepmc:0.6994628065267766; chembl:0.06079307976116211,0.0942844927414148,PIM2
Q9P1W9,ENSG00000102096,EFO_0000222,acute myeloid leukemia,europepmc:0.558121544913767; chembl:0.07599134970145263,0.0794092256516282,PIM2
Q9P1W9,ENSG00000102096,EFO_0004142,colorectal neoplasm,europepmc:0.6109704515996791,0.074285550791625,PIM2
Q9P1W9,ENSG00000102096,EFO_0000198,myelodysplastic syndrome,europepmc:0.607930797611621,0.0739159709369403,PIM2
Q9P1W9,ENSG00000102096,EFO_0001378,multiple myeloma,europepmc:0.4654411612878281; chembl:0.08274613634158175,0.0691671844509521,PIM2
Q9P286,ENSG00000101349,MONDO_0005090,schizophrenia,gwas_credible_sets:0.6862456288943308; impc:0.5205711419948311; europepmc:0.044074982826842524,0.4336088482198699,PAK5
Q9P286,ENSG00000101349,EFO_0004340,body mass index,gwas_credible_sets:0.6828443336901205,0.4151221004248109,PAK5
Q9P286,ENSG00000101349,EFO_0004528,mean corpuscular hemoglobin concentration,gwas_credible_sets:0.5843735941465059,0.355258705192655,PAK5
Q9P286,ENSG00000101349,EFO_0004612,high density lipoprotein cholesterol measurement,gwas_credible_sets:0.5735519622621191,0.3486799018897205,PAK5
Q9P286,ENSG00000101349,EFO_0004995,lean body mass,gwas_credible_sets:0.5709710241641421,0.3471108701332311,PAK5
Q9P286,ENSG00000101349,EFO_0004875,mathematical ability,gwas_credible_sets:0.5673103154996095,0.344885412594978,PAK5
Q9P286,ENSG00000101349,OBA_0003460,erythrocyte volume,gwas_credible_sets:0.5651977429527038,0.3436011146815251,PAK5
Q9P286,ENSG00000101349,OBA_2050135,growth differentiation factor 15 amount,gwas_credible_sets:0.5529879861149999,0.3361784274685359,PAK5
Q9P286,ENSG00000101349,EFO_0009676,musculoskeletal system disease,gwas_credible_sets:0.5453722203508161,0.3315485689130924,PAK5
Q9P286,ENSG00000101349,EFO_0004517,arterial stiffness measurement,gwas_credible_sets:0.5429780148070376,0.3300930576272169,PAK5
Q9P289,ENSG00000134602,OBA_VT0001253,body height,gwas_credible_sets:0.615370750658366; gene_burden:0.17416059538416664,0.4005722286907052,STK26
Q9P289,ENSG00000134602,EFO_0000519,glioblastoma multiforme,slapenrich:0.7594377267709546; europepmc:0.5895240040172692,0.2487622813847821,STK26
Q9P289,ENSG00000134602,EFO_0000304,breast adenocarcinoma,slapenrich:0.8121127535251293,0.2468541770005508,STK26
Q9P289,ENSG00000134602,EFO_0004348,hematocrit,gwas_credible_sets:0.385573010629403,0.234401707889447,STK26
Q9P289,ENSG00000134602,MONDO_0008170,ovarian cancer,slapenrich:0.7599134970145264; europepmc:0.030396539880581056,0.2319113588146503,STK26
Q9P289,ENSG00000134602,MONDO_0011962,endometrial cancer,slapenrich:0.7599134970145264,0.2309874091779386,STK26
Q9P289,ENSG00000134602,EFO_0000181,head and neck squamous cell carcinoma,slapenrich:0.4457612974076073; europepmc:0.030396539880581056,0.1364199601754106,STK26
Q9P289,ENSG00000134602,EFO_0000503,gastric adenocarcinoma,slapenrich:0.4433678671014728; europepmc:0.030396539880581056,0.1356924401778925,STK26
Q9P289,ENSG00000134602,EFO_0000182,hepatocellular carcinoma,europepmc:0.8505977420188914,0.1034209127504377,STK26
Q9P289,ENSG00000134602,MONDO_0001056,gastric cancer,europepmc:0.825850745043536,0.1004120204284936,STK26
Q9P2K8,ENSG00000128829,Orphanet_199241,Pulmonary capillary hemangiomatosis,eva:0.9236894332979423; uniprot_variants:0.7599134970145264; uniprot_literature:0.607930797611621; genomics_england:0.607930797611621; orphanet:0.607930797611621; europepmc:0.09063288770676045,0.7562854248322147,EIF2AK4
Q9P2K8,ENSG00000128829,MONDO_0009329,pulmonary venoocclusive disease 2,eva:0.9236894332979423; genomics_england:0.607930797611621,0.6539342176014198,EIF2AK4
Q9P2K8,ENSG00000128829,EFO_0004528,mean corpuscular hemoglobin concentration,gwas_credible_sets:0.9450967676311042,0.574553431766142,EIF2AK4
Q9P2K8,ENSG00000128829,MONDO_0017148,heritable pulmonary arterial hypertension,genomics_england:0.7599134970145264; orphanet:0.607930797611621; europepmc:0.20609181439406818,0.5571539944960707,EIF2AK4
Q9P2K8,ENSG00000128829,EFO_0009188,Red cell distribution width,gwas_credible_sets:0.9139653602095681,0.5556276904215953,EIF2AK4
Q9P2K8,ENSG00000128829,OBA_0003460,erythrocyte volume,gwas_credible_sets:0.903844838921128,0.5494751138424685,EIF2AK4
Q9P2K8,ENSG00000128829,EFO_0004305,erythrocyte count,gwas_credible_sets:0.9013044251094627,0.5479307180476792,EIF2AK4
Q9P2K8,ENSG00000128829,EFO_0004527,mean corpuscular hemoglobin,gwas_credible_sets:0.9000749106847684,0.5471832583627999,EIF2AK4
Q9P2K8,ENSG00000128829,EFO_0001361,pulmonary arterial hypertension,eva:0.7312056537939775; genomics_england:0.607930797611621; europepmc:0.7398800978417597,0.5469128644006729,EIF2AK4
Q9P2K8,ENSG00000128829,MONDO_0009937,pulmonary venoocclusive disease,genomics_england:0.607930797611621; orphanet:0.607930797611621; eva:0.4377101742803672; europepmc:0.5450790455952353,0.4956833359675294,EIF2AK4
Q9UBE8,ENSG00000087095,EFO_0009188,Red cell distribution width,gwas_credible_sets:0.6706234478586515,0.4076926475537654,NLK
Q9UBE8,ENSG00000087095,EFO_0004574,total cholesterol measurement,gwas_credible_sets:0.6057853530082012,0.3682755728357132,NLK
Q9UBE8,ENSG00000087095,EFO_0008043,C-C motif chemokine 15 measurement,gwas_credible_sets:0.5387880101414214,0.3275458247488525,NLK
Q9UBE8,ENSG00000087095,EFO_0004340,body mass index,gwas_credible_sets:0.49360857875482234,0.3000798569903578,NLK
Q9UBE8,ENSG00000087095,OBA_2050045,insular cortex volume,gwas_credible_sets:0.48568803854173614,0.2952647166611014,NLK
Q9UBE8,ENSG00000087095,EFO_0003893,ovarian neoplasm,gwas_credible_sets:0.44676962161133005,0.271605012414818,NLK
Q9UBE8,ENSG00000087095,EFO_0005423,adolescent idiopathic scoliosis,gwas_credible_sets:0.4130168338664951,0.2510856532394848,NLK
Q9UBE8,ENSG00000087095,MONDO_0011002,"neuropathy, hereditary motor and sensory, type 6A",gwas_credible_sets:0.39643063821114843,0.2410023940853874,NLK
Q9UBE8,ENSG00000087095,MONDO_0011962,endometrial cancer,slapenrich:0.7599134970145264; europepmc:0.012158615952232422,0.2313569890326233,NLK
Q9UBE8,ENSG00000087095,EFO_0004528,mean corpuscular hemoglobin concentration,gwas_credible_sets:0.3639817426341857,0.2212757111156683,NLK
Q9UBS0,ENSG00000175634,OBA_0003460,erythrocyte volume,gwas_credible_sets:0.8959636762821193; gene_burden:0.5828116692391783,0.6332612030877125,RPS6KB2
Q9UBS0,ENSG00000175634,EFO_0004527,mean corpuscular hemoglobin,gwas_credible_sets:0.8261349088046658; gene_burden:0.490666159443535,0.5768056214623091,RPS6KB2
Q9UBS0,ENSG00000175634,EFO_0004528,mean corpuscular hemoglobin concentration,gwas_credible_sets:0.7837906475996447,0.476490473555781,RPS6KB2
Q9UBS0,ENSG00000175634,EFO_0004611,low density lipoprotein cholesterol measurement,gwas_credible_sets:0.7148419017921509,0.4345744075227103,RPS6KB2
Q9UBS0,ENSG00000175634,EFO_0010701,mean reticulocyte volume,gwas_credible_sets:0.5158896153546634; gene_burden:0.4005224532849355,0.3744976689638314,RPS6KB2
Q9UBS0,ENSG00000175634,MONDO_0044782,esophageal ulcer,gwas_credible_sets:0.5378365652460726,0.3269674120947396,RPS6KB2
Q9UBS0,ENSG00000175634,EFO_0010444,triacylglycerol 60:12 measurement,gwas_credible_sets:0.4996010689157449,0.3037228763135672,RPS6KB2
Q9UBS0,ENSG00000175634,MONDO_0024622,thyroid gland adenocarcinoma,slapenrich:0.9523574766801618,0.2894837202047808,RPS6KB2
Q9UBS0,ENSG00000175634,EFO_0000304,breast adenocarcinoma,slapenrich:0.9230789090547291; europepmc:0.01823792392834863,0.2811384185020802,RPS6KB2
Q9UBS0,ENSG00000175634,MONDO_0008170,ovarian cancer,slapenrich:0.9066612367713315; europepmc:0.12233260518157053,0.2793121323290642,RPS6KB2
Q9UEE5,ENSG00000164543,OBA_0003460,erythrocyte volume,gwas_credible_sets:0.896327829512249,0.5449052923168747,STK17A
Q9UEE5,ENSG00000164543,EFO_0004527,mean corpuscular hemoglobin,gwas_credible_sets:0.7934108013636008,0.4823388613066492,STK17A
Q9UEE5,ENSG00000164543,EFO_0010701,mean reticulocyte volume,gwas_credible_sets:0.7490787253624267,0.4553880269834765,STK17A
Q9UEE5,ENSG00000164543,EFO_0004528,mean corpuscular hemoglobin concentration,gwas_credible_sets:0.7345860296971999,0.4465774709481727,STK17A
Q9UEE5,ENSG00000164543,EFO_0004346,neuroimaging measurement,gwas_credible_sets:0.5881749676840982,0.3575696772393832,STK17A
Q9UEE5,ENSG00000164543,OBA_2050009,brain volume,gwas_credible_sets:0.5248927388320659,0.3190984613787261,STK17A
Q9UEE5,ENSG00000164543,OBA_2045210,brain attribute,gwas_credible_sets:0.5058951810471952,0.3075492609218968,STK17A
Q9UEE5,ENSG00000164543,EFO_0005772,neurodegenerative disease,crispr_screen:0.48933457333144165,0.2974815574643256,STK17A
Q9UEE5,ENSG00000164543,EFO_0004530,triglyceride measurement,gwas_credible_sets:0.4429420123941276,0.2692780908904585,STK17A
Q9UEE5,ENSG00000164543,MONDO_0005147,type 1 diabetes mellitus,gwas_credible_sets:0.35849522855968247; europepmc:0.030396539880581056,0.2188642398749599,STK17A
Q9UEW8,ENSG00000198648,MONDO_0005180,Parkinson disease,gwas_credible_sets:0.8944178131542543; europepmc:0.3719035791805037,0.5550487165251987,STK39
Q9UEW8,ENSG00000198648,EFO_0004338,body weight,gwas_credible_sets:0.8841107097999679,0.5374781289856709,STK39
Q9UEW8,ENSG00000198648,EFO_0004340,body mass index,gwas_credible_sets:0.8755476139721738,0.5322723593090554,STK39
Q9UEW8,ENSG00000198648,EFO_0001663,prostate carcinoma,gwas_credible_sets:0.7994822419360481,0.4860298770165087,STK39
Q9UEW8,ENSG00000198648,EFO_0004995,lean body mass,gwas_credible_sets:0.7719475537795818,0.4692906920835609,STK39
Q9UEW8,ENSG00000198648,EFO_0005091,monocyte count,gwas_credible_sets:0.7314984014181694,0.4447004066257735,STK39
Q9UEW8,ENSG00000198648,EFO_0004587,lymphocyte count,gwas_credible_sets:0.7053051761458268,0.4287767382939373,STK39
Q9UEW8,ENSG00000198648,EFO_0005670,smoking initiation,gwas_credible_sets:0.7050076853497809,0.4285958844770151,STK39
Q9UEW8,ENSG00000198648,EFO_0004833,neutrophil count,gwas_credible_sets:0.6854561018775329,0.4167098747421612,STK39
Q9UEW8,ENSG00000198648,EFO_0006792,Lewy body dementia,gwas_credible_sets:0.5696872134031683,0.3463304020333299,STK39
Q9UF33,ENSG00000080224,MONDO_0015277,medullary thyroid gland carcinoma,chembl:0.7935602610177124,0.4824297224333841,EPHA6
Q9UF33,ENSG00000080224,MONDO_0002108,thyroid cancer,chembl:0.7757534716856291,0.4716044267918286,EPHA6
Q9UF33,ENSG00000080224,EFO_0000616,neoplasm,chembl:0.6488816916174039; europepmc:0.6202758686473369,0.4133294045188471,EPHA6
Q9UF33,ENSG00000080224,EFO_0007442,placenta praevia,gwas_credible_sets:0.6791619633454489,0.4128834740840733,EPHA6
Q9UF33,ENSG00000080224,EFO_0003893,ovarian neoplasm,gwas_credible_sets:0.6620174587589445,0.4024608017361435,EPHA6
Q9UF33,ENSG00000080224,EFO_0004725,metabolite measurement,gwas_credible_sets:0.6391838992528256,0.3885795776932763,EPHA6
Q9UF33,ENSG00000080224,EFO_0002892,thyroid carcinoma,chembl:0.6383273374922022,0.3880588474189368,EPHA6
Q9UF33,ENSG00000080224,EFO_0003841,thyroid neoplasm,chembl:0.6383273374922022,0.3880588474189368,EPHA6
Q9UF33,ENSG00000080224,EFO_0003060,non-small cell lung carcinoma,chembl:0.6255738392759311; europepmc:0.09118961964174316,0.3830774519861161,EPHA6
Q9UF33,ENSG00000080224,EFO_0004517,arterial stiffness measurement,gwas_credible_sets:0.6264424673151409,0.3808336688126854,EPHA6
Q9UHD2,ENSG00000183735,MONDO_0014641,frontotemporal dementia and/or amyotrophic lateral sclerosis 4,eva:0.9406704707761672; uniprot_variants:0.9360722249447112; genomics_england:0.8274613634158176; uniprot_literature:0.607930797611621; clingen:0.607930797611621,0.8079045179052592,TBK1
Q9UHD2,ENSG00000183735,Orphanet_1930,Herpetic encephalitis,uniprot_variants:0.8274613634158176; genomics_england:0.7599134970145264; uniprot_literature:0.607930797611621; eva:0,0.6595973795414468,TBK1
Q9UHD2,ENSG00000183735,MONDO_0004976,amyotrophic lateral sclerosis,gwas_credible_sets:0.8096245567859762; genomics_england:0.7599134970145264; eva:0.747754881062294,0.6581986539687323,TBK1
Q9UHD2,ENSG00000183735,MONDO_0100096,COVID-19,reactome:0.8274613634158176; europepmc:0.21588247951036013,0.5096013270521328,TBK1
Q9UHD2,ENSG00000183735,EFO_0004509,hemoglobin measurement,gwas_credible_sets:0.7974721100677875,0.4848078559465325,TBK1
Q9UHD2,ENSG00000183735,EFO_0004348,hematocrit,gwas_credible_sets:0.6808291320966976,0.4138969973127731,TBK1
Q9UHD2,ENSG00000183735,EFO_0003096,Pick disease,genomics_england:0.607930797611621; europepmc:0.8082389718659547,0.3941475228260651,TBK1
Q9UHD2,ENSG00000183735,HP_0007354,Amyotrophic lateral sclerosis,genomics_england:0.607930797611621; europepmc:0.13631139073280887,0.3737232493092891,TBK1
Q9UHD2,ENSG00000183735,MONDO_0017161,frontotemporal dementia with motor neuron disease,orphanet:0.607930797611621,0.3695798546847018,TBK1
Q9UHD2,ENSG00000183735,EFO_0000694,severe acute respiratory syndrome,reactome:0.607930797611621,0.3695798546847018,TBK1
Q9UHY1,ENSG00000115216,EFO_0005772,neurodegenerative disease,crispr_screen:0.9066612367713315,0.5511872888339344,NRBP1
Q9UHY1,ENSG00000115216,EFO_0004530,triglyceride measurement,gwas_credible_sets:0.5292580276430066,0.3217522548873663,NRBP1
Q9UHY1,ENSG00000115216,OBA_0002313,strand of hair color,gwas_credible_sets:0.514509571435959,0.3127862141418758,NRBP1
Q9UHY1,ENSG00000115216,EFO_0004639,phospholipid measurement,gwas_credible_sets:0.4988567725713971,0.3032703956432885,NRBP1
Q9UHY1,ENSG00000115216,OBA_2050296,chylomicron amount,gwas_credible_sets:0.4863037267584577,0.295639012489773,NRBP1
Q9UHY1,ENSG00000115216,EFO_0009283,potassium measurement,gwas_credible_sets:0.4610265361360098,0.2802722298332872,NRBP1
Q9UHY1,ENSG00000115216,EFO_0004529,lipid measurement,gwas_credible_sets:0.45896482600965,0.2790188527517254,NRBP1
Q9UHY1,ENSG00000115216,EFO_0007937,blood protein measurement,gwas_credible_sets:0.457124478149722,0.2779000486093566,NRBP1
Q9UHY1,ENSG00000115216,EFO_0008591,free cholesterol measurement,gwas_credible_sets:0.4167609289451282,0.2533618039469719,NRBP1
Q9UHY1,ENSG00000115216,EFO_0020092,neuroinflammatory disorder,crispr_screen:0.3957180701800876,0.2405692020339121,NRBP1
Q9UIK4,ENSG00000035664,EFO_0005772,neurodegenerative disease,crispr_screen:0.7983984392021964; europepmc:0.13520513552532684,0.4894807682501196,DAPK2
Q9UIK4,ENSG00000035664,EFO_0008107,death-associated protein kinase 2 measurement,gwas_credible_sets:0.7007008887426559,0.4259776501804945,DAPK2
Q9UIK4,ENSG00000035664,EFO_0004747,protein measurement,gwas_credible_sets:0.5722703271651446,0.3479007564429697,DAPK2
Q9UIK4,ENSG00000035664,EFO_0004735,serum alanine aminotransferase measurement,gwas_credible_sets:0.5360420649360093,0.3258764800899285,DAPK2
Q9UIK4,ENSG00000035664,EFO_0007984,platelet component distribution width,gwas_credible_sets:0.4750431582819585,0.2887933661142945,DAPK2
Q9UIK4,ENSG00000035664,EFO_0003966,eye disease,gwas_credible_sets:0.43505716603736827,0.2644846499557488,DAPK2
Q9UIK4,ENSG00000035664,EFO_0000304,breast adenocarcinoma,slapenrich:0.7759937334010962,0.235875244644074,DAPK2
Q9UIK4,ENSG00000035664,EFO_0000389,cutaneous melanoma,slapenrich:0.495587615067098,0.1506414870570909,DAPK2
Q9UIK4,ENSG00000035664,OBA_0003460,erythrocyte volume,gwas_credible_sets:0.22610722293532348,0.1374575443848198,DAPK2
Q9UIK4,ENSG00000035664,EFO_0000616,neoplasm,europepmc:0.9572634664302853,0.1163899885342857,DAPK2
Q9UK32,ENSG00000072133,EFO_0004698,insomnia,gwas_credible_sets:0.3686395788982566,0.2241073532308292,RPS6KA6
Q9UK32,ENSG00000072133,EFO_0005772,neurodegenerative disease,crispr_screen:0.33543477649512055,0.2039211312213544,RPS6KA6
Q9UK32,ENSG00000072133,EFO_0000571,lung adenocarcinoma,slapenrich:0.5873284887696477; europepmc:0.17233149415629426,0.1837658194536819,RPS6KA6
Q9UK32,ENSG00000072133,EFO_0000304,breast adenocarcinoma,slapenrich:0.5876994384743872; europepmc:0.09726892761785938,0.1815969330312956,RPS6KA6
Q9UK32,ENSG00000072133,MONDO_0004975,Alzheimer disease,crispr_screen:0.29314384012128486; europepmc:0.06383273374922022,0.1801514627769609,RPS6KA6
Q9UK32,ENSG00000072133,MONDO_0005180,Parkinson disease,crispr_screen:0.29314384012128486; europepmc:0.012158615952232422,0.1785807483945509,RPS6KA6
Q9UK32,ENSG00000072133,MONDO_0005301,multiple sclerosis,crispr_screen:0.29314384012128486,0.1782111685398662,RPS6KA6
Q9UK32,ENSG00000072133,MONDO_0002561,lysosomal storage disease,crispr_screen:0.29314384012128486,0.1782111685398662,RPS6KA6
Q9UK32,ENSG00000072133,EFO_0000519,glioblastoma multiforme,slapenrich:0.557189340478166; europepmc:0.18069054262345408,0.1748586473736899,RPS6KA6
Q9UK32,ENSG00000072133,EFO_0020092,neuroinflammatory disorder,crispr_screen:0.27168916165160206,0.1651682087452911,RPS6KA6
Q9UKE5,ENSG00000154310,EFO_0004340,body mass index,gwas_credible_sets:0.9015138609669291,0.5480580405555573,TNIK
Q9UKE5,ENSG00000154310,EFO_0004346,neuroimaging measurement,gwas_credible_sets:0.8993423259828855,0.5467378975606662,TNIK
Q9UKE5,ENSG00000154310,EFO_0004587,lymphocyte count,gwas_credible_sets:0.8927988078134421,0.5427598913407302,TNIK
Q9UKE5,ENSG00000154310,EFO_0005772,neurodegenerative disease,crispr_screen:0.8737934019598165; europepmc:0.012158615952232422,0.5315754996558877,TNIK
Q9UKE5,ENSG00000154310,OBA_2050009,brain volume,gwas_credible_sets:0.8254417505645059,0.5018114618026128,TNIK
Q9UKE5,ENSG00000154310,MONDO_0019502,autosomal recessive non-syndromic intellectual disability,eva:0.6559187777470961; orphanet:0.607930797611621,0.4911481893954071,TNIK
Q9UKE5,ENSG00000154310,EFO_0005035,hippocampal volume,gwas_credible_sets:0.796002331421783,0.4839143322419544,TNIK
Q9UKE5,ENSG00000154310,EFO_0004725,metabolite measurement,gwas_credible_sets:0.7689121498632456,0.4674453765596292,TNIK
Q9UKE5,ENSG00000154310,OBA_2050096,serum creatinine amount,gwas_credible_sets:0.7627187078852772,0.4636801924380015,TNIK
Q9UKE5,ENSG00000154310,EFO_0007993,lymphocyte percentage of leukocytes,gwas_credible_sets:0.7324298906790173,0.4452666876350874,TNIK
Q9UKI8,ENSG00000198586,OBA_0003277,platelet volume,gwas_credible_sets:0.8915008746839778,0.5419708378180884,TLK1
Q9UKI8,ENSG00000198586,EFO_0005772,neurodegenerative disease,crispr_screen:0.8342567873802088; europepmc:0.028240801665038458,0.5080288168190298,TLK1
Q9UKI8,ENSG00000198586,EFO_0004309,platelet count,gwas_credible_sets:0.8111380281308062,0.4931157884146785,TLK1
Q9UKI8,ENSG00000198586,EFO_0007984,platelet component distribution width,gwas_credible_sets:0.7970424200393854,0.4845466341448403,TLK1
Q9UKI8,ENSG00000198586,EFO_0004458,C-reactive protein measurement,gwas_credible_sets:0.7925631693077362,0.4818235596748463,TLK1
Q9UKI8,ENSG00000198586,EFO_0803539,basophil measurement,gwas_credible_sets:0.7538552009119567,0.4582917935740747,TLK1
Q9UKI8,ENSG00000198586,EFO_0004533,alkaline phosphatase measurement,gwas_credible_sets:0.7494684588005566,0.4556249579433747,TLK1
Q9UKI8,ENSG00000198586,EFO_0004536,total blood protein measurement,gwas_credible_sets:0.7070425565109161,0.4298329453250408,TLK1
Q9UKI8,ENSG00000198586,EFO_0004704,age at menopause,gwas_credible_sets:0.6666248704749276,0.4052617892155663,TLK1
Q9UKI8,ENSG00000198586,EFO_0004995,lean body mass,gwas_credible_sets:0.6643014275618494,0.4038492967122136,TLK1
Q9UL54,ENSG00000149930,EFO_0005772,neurodegenerative disease,crispr_screen:0.9066919801874755; europepmc:0.03343619386863916,0.552222323303815,TAOK2
Q9UL54,ENSG00000149930,OBA_1001085,waist circumference,gwas_credible_sets:0.6529242785274596,0.3969327774251907,TAOK2
Q9UL54,ENSG00000149930,EFO_0004612,high density lipoprotein cholesterol measurement,gwas_credible_sets:0.6105715475748437,0.3711852479161365,TAOK2
Q9UL54,ENSG00000149930,EFO_0004509,hemoglobin measurement,gwas_credible_sets:0.5589267009816026,0.3397887551341776,TAOK2
Q9UL54,ENSG00000149930,EFO_0004340,body mass index,gwas_credible_sets:0.5322616844645653,0.3235782703746482,TAOK2
Q9UL54,ENSG00000149930,EFO_0004338,body weight,gwas_credible_sets:0.5251882526961293,0.3192781133578115,TAOK2
Q9UL54,ENSG00000149930,EFO_0004530,triglyceride measurement,gwas_credible_sets:0.4180479272130355,0.2541442098305056,TAOK2
Q9UL54,ENSG00000149930,EFO_0004616,"osteoarthritis, knee",gwas_credible_sets:0.3647542860027446,0.2217453640219059,TAOK2
Q9UL54,ENSG00000149930,EFO_0004995,lean body mass,gwas_credible_sets:0.3558332391643987,0.2163219849019396,TAOK2
Q9UL54,ENSG00000149930,OBA_0004528,fat pad mass,gwas_credible_sets:0.33410772620855855,0.2031143764821741,TAOK2
Q9UM73,ENSG00000171094,EFO_0000621,neuroblastoma,uniprot_variants:0.9652766185441606; eva_somatic:0.8858099379854604; intogen:0.8806769170186057; eva:0.859321196735495; uniprot_literature:0.607930797611621; gene2phenotype:0.607930797611621; chembl:0.4732572389740467; cancer_gene_census:0.4559480982087158; crispr:0.2986156077868283; europepmc:0.9840438426335844,0.8522770719293721,ALK
Q9UM73,ENSG00000171094,EFO_0003060,non-small cell lung carcinoma,chembl:0.9832729574670095; intogen:0.607930797611621; cancer_gene_census:0.607930797611621; cancer_biomarkers:0.9285669064556789; europepmc:0.9973375893957699,0.7537125662894251,ALK
Q9UM73,ENSG00000171094,MONDO_0004992,cancer,reactome:0.9688369669963677; chembl:0.7559524306921014; gwas_credible_sets:0.5634249140508016; europepmc:0.9211459437691665,0.7489355843138651,ALK
Q9UM73,ENSG00000171094,MONDO_0013083,"neuroblastoma, susceptibility to, 3",eva_somatic:0.881849874536831; eva:0.859321196735495; gene2phenotype:0.607930797611621; genomics_england:0.607930797611621; clingen:0.607930797611621,0.7456520161383613,ALK
Q9UM73,ENSG00000171094,EFO_0000616,neoplasm,chembl:0.945348136890281; cancer_gene_census:0.4559480982087158; eva:0.2647876362930616; europepmc:0.991733321837906,0.6694246248818242,ALK
Q9UM73,ENSG00000171094,EFO_0004574,total cholesterol measurement,gwas_credible_sets:0.8344133797675971,0.5072655914999238,ALK
Q9UM73,ENSG00000171094,EFO_0004611,low density lipoprotein cholesterol measurement,gwas_credible_sets:0.8214436054445104,0.499380866250847,ALK
Q9UM73,ENSG00000171094,EFO_0000571,lung adenocarcinoma,cancer_gene_census:0.607930797611621; cancer_biomarkers:0.9717353218761373; chembl:0.46945767148897405; eva_somatic:0.19453785523571876; europepmc:0.9101631324391215,0.4869523241076207,ALK
Q9UM73,ENSG00000171094,MONDO_0008903,lung cancer,eva_somatic:0.6058199267865807; chembl:0.5608409742986638; europepmc:0.9662724986744327,0.4665886456395867,ALK
Q9UM73,ENSG00000171094,EFO_0000708,squamous cell lung carcinoma,eva_somatic:0.6095546173030307; cancer_gene_census:0.607930797611621; europepmc:0.2415356133256431,0.4662250314240683,ALK
Q9UPE1,ENSG00000184343,EFO_0004761,uric acid measurement,gwas_credible_sets:0.6075165168317314,0.3693280006397482,SRPK3
Q9UPE1,ENSG00000184343,MONDO_0019952,congenital myopathy,eva:0.5592963338026914,0.3400134663099256,SRPK3
Q9UPE1,ENSG00000184343,EFO_0005772,neurodegenerative disease,crispr_screen:0.549457968048484,0.3340324207697755,SRPK3
Q9UPE1,ENSG00000184343,EFO_0010642,Neurodevelopmental disorder,genomics_england:0.3039653988058105; eva:0.19453785523571876; europepmc:0.01823792392834863,0.2146027022869168,SRPK3
Q9UPE1,ENSG00000184343,EFO_0003882,osteoporosis,gwas_credible_sets:0.3253462157737412,0.197787984455253,SRPK3
Q9UPE1,ENSG00000184343,EFO_0003931,bone fracture,gwas_credible_sets:0.3253462157737412,0.197787984455253,SRPK3
Q9UPE1,ENSG00000184343,HP_0001249,Intellectual disability,genomics_england:0.3039653988058105; europepmc:0.10652636270815634,0.1880279601747425,SRPK3
Q9UPE1,ENSG00000184343,MONDO_0018948,multiminicore myopathy,eva:0.19453785523571876,0.1182655534991045,SRPK3
Q9UPE1,ENSG00000184343,MONDO_0014795,"exercise intolerance, riboflavin-responsive",impc:0.6907613687862044,0.0839870219770984,SRPK3
Q9UPE1,ENSG00000184343,MONDO_0008452,"spinal muscular atrophy, facioscapulohumeral type",impc:0.5868811937443187,0.0713566304432488,SRPK3
Q9UPZ9,ENSG00000112144,MONDO_0012980,endocrine-cerebro-osteodysplasia syndrome,eva:0.7313195374289383; orphanet:0.607930797611621; uniprot_variants:0.607930797611621; uniprot_literature:0.607930797611621; europepmc:0.4547986151996293; impc:0.2547837972790304,0.6042221963595243,CILK1
Q9UPZ9,ENSG00000112144,MONDO_0009696,juvenile myoclonic epilepsy,orphanet:0.607930797611621; europepmc:0.34105601170357525,0.3799467773459614,CILK1
Q9UPZ9,ENSG00000112144,MONDO_0009032,cranioectodermal dysplasia,eva:0.5592963338026914; europepmc:0.012158615952232422,0.3403830461646103,CILK1
Q9UPZ9,ENSG00000112144,MONDO_0015461,short rib-polydactyly syndrome,eva:0.42555155832813474; europepmc:0.1340825148065631,0.2627815427878975,CILK1
Q9UPZ9,ENSG00000112144,EFO_0006527,smoking status measurement,gwas_credible_sets:0.2680569961559554,0.1629601034784652,CILK1
Q9UPZ9,ENSG00000112144,MONDO_0001476,coloboma,eva:0.24317231904464845,0.1478319418738807,CILK1
Q9UPZ9,ENSG00000112144,EFO_0005569,microphthalmia,eva:0.24317231904464845,0.1478319418738807,CILK1
Q9UPZ9,ENSG00000112144,EFO_0005670,smoking initiation,gwas_credible_sets:0.1737438808761368,0.1056242560811683,CILK1
Q9UPZ9,ENSG00000112144,EFO_0000616,neoplasm,europepmc:0.7181898782170933,0.0873219491002221,CILK1
Q9UPZ9,ENSG00000112144,EFO_0001421,liver disease,gwas_credible_sets:0.12735817771779587,0.0774249585623422,CILK1
Q9UQ07,ENSG00000080823,EFO_0009188,Red cell distribution width,gwas_credible_sets:0.8212686263081805,0.4992744910449325,MOK
Q9UQ07,ENSG00000080823,EFO_0004531,urate measurement,gwas_credible_sets:0.7538744750283025,0.458303510902998,MOK
Q9UQ07,ENSG00000080823,EFO_0004340,body mass index,gwas_credible_sets:0.6274433944231523,0.3814421632278099,MOK
Q9UQ07,ENSG00000080823,EFO_0020092,neuroinflammatory disorder,crispr_screen:0.5193274185795038; europepmc:0.024317231904464845,0.3164542915079913,MOK
Q9UQ07,ENSG00000080823,EFO_0003839,retinopathy,gwas_credible_sets:0.5105527909641662; europepmc:0.13672070822323287,0.3145366018936935,MOK
Q9UQ07,ENSG00000080823,EFO_0004536,total blood protein measurement,gwas_credible_sets:0.5010892256290372,0.3046275726112502,MOK
Q9UQ07,ENSG00000080823,OBA_0003460,erythrocyte volume,gwas_credible_sets:0.42653636770390796,0.2593045942286004,MOK
Q9UQ07,ENSG00000080823,EFO_0009792,valine measurement,gwas_credible_sets:0.4069101162951881,0.2473731915555712,MOK
Q9UQ07,ENSG00000080823,EFO_0005058,tyrosine measurement,gwas_credible_sets:0.30337950775019895,0.1844337461255994,MOK
Q9UQ07,ENSG00000080823,EFO_0004574,total cholesterol measurement,gwas_credible_sets:0.29419449188945496,0.1788498921073019,MOK
Q9UQ88,ENSG00000008128,EFO_0005763,pulse pressure measurement,gwas_credible_sets:0.5277608678073249,0.3208420853143083,CDK11A
Q9UQ88,ENSG00000008128,EFO_0004995,lean body mass,gwas_credible_sets:0.5248442915326368,0.319069008773342,CDK11A
Q9UQ88,ENSG00000008128,EFO_0004509,hemoglobin measurement,gwas_credible_sets:0.5077961536077192,0.308704920686854,CDK11A
Q9UQ88,ENSG00000008128,EFO_0004536,total blood protein measurement,gwas_credible_sets:0.47513102984268835,0.2888467859422964,CDK11A
Q9UQ88,ENSG00000008128,EFO_0004528,mean corpuscular hemoglobin concentration,gwas_credible_sets:0.448621655114113,0.2727309206193683,CDK11A
Q9UQ88,ENSG00000008128,EFO_0006335,systolic blood pressure,gwas_credible_sets:0.43822014889410055,0.2664075246466739,CDK11A
Q9UQ88,ENSG00000008128,EFO_0004533,alkaline phosphatase measurement,gwas_credible_sets:0.4260804170572681,0.2590274077883172,CDK11A
Q9UQ88,ENSG00000008128,EFO_0000304,breast adenocarcinoma,slapenrich:0.7449416750862422,0.2264364933546581,CDK11A
Q9UQ88,ENSG00000008128,EFO_0009805,whole body water mass,gwas_credible_sets:0.3519164554884508,0.2139408514777484,CDK11A
Q9UQ88,ENSG00000008128,EFO_0004980,appendicular lean mass,gwas_credible_sets:0.31579269021335943,0.1919801020413271,CDK11A
Q9UQB9,ENSG00000105146,MONDO_0009461,spermatogenic failure 5,eva:0.8514317174505455; uniprot_literature:0.607930797611621; impc:0.5247050714185901; europepmc:0.22252526105408243,0.6187860678785871,AURKC
Q9UQB9,ENSG00000105146,Orphanet_137893,Male infertility due to large-headed multiflagellar polyploid spermatozoa,orphanet:0.607930797611621,0.3695798546847018,AURKC
Q9UQB9,ENSG00000105146,Orphanet_399775,Male infertility with spermatogenesis disorder,eva:0.5592963338026914,0.3400134663099256,AURKC
Q9UQB9,ENSG00000105146,EFO_0005772,neurodegenerative disease,crispr_screen:0.40389066648217725,0.2455375750223992,AURKC
Q9UQB9,ENSG00000105146,EFO_0000508,genetic disorder,eva:0.31239197315466427,0.1899127014073831,AURKC
Q9UQB9,ENSG00000105146,OBA_0003784,"chromosome, telomeric region length",gwas_credible_sets:0.17994261413581275,0.1093926569359048,AURKC
Q9UQB9,ENSG00000105146,EFO_0000279,azoospermia,impc:0.8296619987211398; eva:0.012158615952232422; europepmc:0.012158615952232422,0.1028875731127355,AURKC
Q9UQB9,ENSG00000105146,MONDO_0004992,cancer,chembl:0.14977050677826298; europepmc:0.36148187834982715,0.1020379019757739,AURKC
Q9UQB9,ENSG00000105146,EFO_0000565,leukemia,chembl:0.15198269940290526; europepmc:0.030396539880581056,0.0933189133078872,AURKC
Q9UQB9,ENSG00000105146,MONDO_0018394,male infertility with teratozoospermia due to single gene mutation,impc:0.6927890713007383,0.0842335625384944,AURKC
Q9UQM7,ENSG00000070808,EFO_0009165,"intellectual disability, autosomal dominant 53",uniprot_variants:0.9190679877429972; eva:0.9028980918422487; genomics_england:0.7599134970145264; uniprot_literature:0.607930797611621,0.7703839004224943,CAMK2A
Q9UQM7,ENSG00000070808,HP_0001249,Intellectual disability,eva:0.8452194543357149; genomics_england:0.6839221473130737; gene2phenotype:0.607930797611621; europepmc:0.14062931974410975,0.659912360641038,CAMK2A
Q9UQM7,ENSG00000070808,MONDO_0019502,autosomal recessive non-syndromic intellectual disability,eva:0.7174196875872504,0.4361415228971971,CAMK2A
Q9UQM7,ENSG00000070808,MONDO_0015802,autosomal dominant non-syndromic intellectual disability,orphanet:0.607930797611621,0.3695798546847018,CAMK2A
Q9UQM7,ENSG00000070808,EFO_0005670,smoking initiation,gwas_credible_sets:0.5877105823314146,0.3572873630815272,CAMK2A
Q9UQM7,ENSG00000070808,EFO_0005772,neurodegenerative disease,crispr_screen:0.5376609025900445; europepmc:0.11049687062282186,0.3302193438907159,CAMK2A
Q9UQM7,ENSG00000070808,EFO_0000519,glioblastoma multiforme,slapenrich:0.9718315378879829; europepmc:0.4136272193148679; expression_atlas:0.3730280472685812,0.3130154469939497,CAMK2A
Q9UQM7,ENSG00000070808,EFO_0005091,monocyte count,gwas_credible_sets:0.4969248469671876,0.302095918569795,CAMK2A
Q9UQM7,ENSG00000070808,MONDO_0024622,thyroid gland adenocarcinoma,slapenrich:0.987208008803694,0.3000770761003049,CAMK2A
Q9UQM7,ENSG00000070808,EFO_0000304,breast adenocarcinoma,slapenrich:0.9566678276378568; europepmc:0.01823792392834863,0.2913482875346566,CAMK2A
Q9Y243,ENSG00000117020,MONDO_0014407,megalencephaly-polymicrogyria-polydactyly-hydrocephalus syndrome 2,genomics_england:0.9353592196882531; eva:0.8758540420635015; uniprot_variants:0.8274613634158176; eva_somatic:0.6839221473130737; uniprot_literature:0.607930797611621; impc:0.25210890176953926; europepmc:0.024317231904464845,0.799322675911245,AKT3
Q9Y243,ENSG00000117020,EFO_0004346,neuroimaging measurement,gwas_credible_sets:0.8506941418779869,0.5171631681954181,AKT3
Q9Y243,ENSG00000117020,EFO_0004842,eosinophil count,gwas_credible_sets:0.8490645964091422,0.516172517318799,AKT3
Q9Y243,ENSG00000117020,EFO_0004627,IGF-1 measurement,gwas_credible_sets:0.8417455195970087,0.511723025114618,AKT3
Q9Y243,ENSG00000117020,MONDO_0005090,schizophrenia,gwas_credible_sets:0.8219213196324102; europepmc:0.3450447730478995,0.5101594506226638,AKT3
Q9Y243,ENSG00000117020,EFO_0004340,body mass index,gwas_credible_sets:0.8360708188510881,0.5082731997639431,AKT3
Q9Y243,ENSG00000117020,EFO_0005091,monocyte count,gwas_credible_sets:0.8283380902523064,0.5035722358991717,AKT3
Q9Y243,ENSG00000117020,EFO_0005543,glioma,gwas_credible_sets:0.7141624528222068; cancer_gene_census:0.3039653988058105; europepmc:0.1603915622141297,0.4825256529673305,AKT3
Q9Y243,ENSG00000117020,OBA_2045267,cerebral cortex area attribute,gwas_credible_sets:0.761921204839712,0.4631953657754135,AKT3
Q9Y243,ENSG00000117020,MONDO_0100283,overgrowth syndrome and/or cerebral malformations due to abnormalities in MTOR pathway genes,clingen:0.607930797611621; eva:0.6050600132895662,0.4615385088052078,AKT3
Q9Y2H1,ENSG00000211455,OBA_0003277,platelet volume,gwas_credible_sets:0.6718482321625698,0.4084372316525486,STK38L
Q9Y2H1,ENSG00000211455,OBA_2045210,brain attribute,gwas_credible_sets:0.6239121042343247,0.3792953831667179,STK38L
Q9Y2H1,ENSG00000211455,EFO_0005423,adolescent idiopathic scoliosis,gwas_credible_sets:0.5123119243486098,0.3114501967951948,STK38L
Q9Y2H1,ENSG00000211455,OBA_2045223,myeloid leukocyte count,gwas_credible_sets:0.49062417498234284,0.2982655460245592,STK38L
Q9Y2H1,ENSG00000211455,EFO_0004833,neutrophil count,gwas_credible_sets:0.49062417498234284,0.2982655460245592,STK38L
Q9Y2H1,ENSG00000211455,EFO_0005772,neurodegenerative disease,crispr_screen:0.4400841113821344,0.2675406848487424,STK38L
Q9Y2H1,ENSG00000211455,MONDO_0002561,lysosomal storage disease,crispr_screen:0.4400841113821344,0.2675406848487424,STK38L
Q9Y2H1,ENSG00000211455,MONDO_0004975,Alzheimer disease,crispr_screen:0.4400841113821344,0.2675406848487424,STK38L
Q9Y2H1,ENSG00000211455,MONDO_0005180,Parkinson disease,crispr_screen:0.4400841113821344,0.2675406848487424,STK38L
Q9Y2H1,ENSG00000211455,MONDO_0005301,multiple sclerosis,crispr_screen:0.4400841113821344,0.2675406848487424,STK38L
Q9Y2H9,ENSG00000105613,MONDO_0032648,mega-corpus-callosum syndrome with cerebellar hypoplasia and cortical malformations,eva:0.9004299310519115; uniprot_variants:0.865457038266544; genomics_england:0.7599134970145264; uniprot_literature:0.607930797611621; europepmc:0.012158615952232422,0.7534219921381771,MAST1
Q9Y2H9,ENSG00000105613,EFO_0005548,developmental disorder of mental health,gene2phenotype:0.607930797611621,0.3695798546847018,MAST1
Q9Y2H9,ENSG00000105613,EFO_0005772,neurodegenerative disease,crispr_screen:0.6015847478026094,0.3657218955626262,MAST1
Q9Y2H9,ENSG00000105613,EFO_0004528,mean corpuscular hemoglobin concentration,gwas_credible_sets:0.5515704395119081,0.3353166572314667,MAST1
Q9Y2H9,ENSG00000105613,OBA_0003460,erythrocyte volume,gwas_credible_sets:0.5019436055200281,0.3051469764598436,MAST1
Q9Y2H9,ENSG00000105613,EFO_0004875,mathematical ability,gwas_credible_sets:0.39586298315586027,0.2406572990948578,MAST1
Q9Y2H9,ENSG00000105613,EFO_0010700,reticulocyte measurement,gwas_credible_sets:0.393697678638991,0.2393409437928454,MAST1
Q9Y2H9,ENSG00000105613,EFO_0005091,monocyte count,gwas_credible_sets:0.38144302973624544,0.231890965310949,MAST1
Q9Y2H9,ENSG00000105613,EFO_0004305,erythrocyte count,gwas_credible_sets:0.33461662996132713,0.2034237547465022,MAST1
Q9Y2H9,ENSG00000105613,EFO_0009188,Red cell distribution width,gwas_credible_sets:0.32799976586885693,0.1994011592810791,MAST1
Q9Y2K2,ENSG00000160584,EFO_0004612,high density lipoprotein cholesterol measurement,gwas_credible_sets:0.9362330223586015,0.5691648880328033,SIK3
Q9Y2K2,ENSG00000160584,Orphanet_253,Spondyloepiphyseal dysplasia and spondyloepimetaphyseal dysplasia,eva:0.6597483512351201; genomics_england:0.607930797611621; uniprot_literature:0.607930797611621; uniprot_variants:0.607930797611621,0.5576394742765879,SIK3
Q9Y2K2,ENSG00000160584,EFO_0010351,cholesteryl ester measurement,gwas_credible_sets:0.8977187400936841,0.5457508696960529,SIK3
Q9Y2K2,ENSG00000160584,EFO_0004574,total cholesterol measurement,gwas_credible_sets:0.890082187661391,0.541108374284886,SIK3
Q9Y2K2,ENSG00000160584,EFO_0004611,low density lipoprotein cholesterol measurement,gwas_credible_sets:0.8679767077041952,0.5276697722229203,SIK3
Q9Y2K2,ENSG00000160584,EFO_0004615,apolipoprotein B measurement,gwas_credible_sets:0.8288975694255948,0.5039123605192359,SIK3
Q9Y2K2,ENSG00000160584,EFO_0020946,phospholipids:total lipids ratio,gwas_credible_sets:0.8098247256330641,0.4923173913797208,SIK3
Q9Y2K2,ENSG00000160584,EFO_0004529,lipid measurement,gwas_credible_sets:0.7936046418761042,0.4824567029240249,SIK3
Q9Y2K2,ENSG00000160584,EFO_0004530,triglyceride measurement,gwas_credible_sets:0.7932142122602408,0.4822193487362419,SIK3
Q9Y2K2,ENSG00000160584,EFO_0020945,free cholesterol:total lipids ratio,gwas_credible_sets:0.7672117455721679,0.4664116484226921,SIK3
Q9Y2U5,ENSG00000169967,EFO_0003907,deep vein thrombosis,gwas_credible_sets:0.6677622770699853,0.4059532537141084,MAP3K2
Q9Y2U5,ENSG00000169967,EFO_0005091,monocyte count,gwas_credible_sets:0.6352197407393018,0.3861696436462908,MAP3K2
Q9Y2U5,ENSG00000169967,EFO_0021175,3-methylxanthine measurement,gwas_credible_sets:0.5002508925438759,0.3041179241101238,MAP3K2
Q9Y2U5,ENSG00000169967,EFO_0004633,protein C measurement,gwas_credible_sets:0.49354388490306184,0.3000405276054564,MAP3K2
Q9Y2U5,ENSG00000169967,EFO_0004784,self reported educational attainment,gwas_credible_sets:0.4874043443902114,0.2963081118445104,MAP3K2
Q9Y2U5,ENSG00000169967,EFO_0007010,drug use measurement,gwas_credible_sets:0.4817652725219694,0.2928799463858608,MAP3K2
Q9Y2U5,ENSG00000169967,EFO_0005772,neurodegenerative disease,crispr_screen:0.46879057665238993,0.2849922291770992,MAP3K2
Q9Y2U5,ENSG00000169967,EFO_0008399,mean fractional anisotropy measurement,gwas_credible_sets:0.39599406398766895,0.2407369871694909,MAP3K2
Q9Y2U5,ENSG00000169967,EFO_0004980,appendicular lean mass,gwas_credible_sets:0.22374472823437,0.1360213110969159,MAP3K2
Q9Y2U5,ENSG00000169967,HP_0002619,Varicose veins,gwas_credible_sets:0.21606034702120516,0.1313497390968449,MAP3K2
Q9Y3S1,ENSG00000165238,EFO_0004346,neuroimaging measurement,gwas_credible_sets:0.7541658309594926,0.4584806351466353,WNK2
Q9Y3S1,ENSG00000165238,OBA_0003277,platelet volume,gwas_credible_sets:0.7515828373243605,0.4569103537658037,WNK2
Q9Y3S1,ENSG00000165238,OBA_2045210,brain attribute,gwas_credible_sets:0.7357256506511095,0.4472702816236579,WNK2
Q9Y3S1,ENSG00000165238,OBA_2045295,brain connectivity attribute,gwas_credible_sets:0.6889684366981766,0.4188451312511542,WNK2
Q9Y3S1,ENSG00000165238,EFO_0004840,cortical thickness,gwas_credible_sets:0.685074002848453,0.416477584974646,WNK2
Q9Y3S1,ENSG00000165238,EFO_0005772,neurodegenerative disease,crispr_screen:0.6678285514684388; europepmc:0.0856545020043392,0.4085971444481477,WNK2
Q9Y3S1,ENSG00000165238,OBA_2050009,brain volume,gwas_credible_sets:0.5747842309644388,0.3494290359847934,WNK2
Q9Y3S1,ENSG00000165238,EFO_0000555,irritable bowel syndrome,gwas_credible_sets:0.566562591011193; europepmc:0.030227670214577826,0.3453496644335156,WNK2
Q9Y3S1,ENSG00000165238,OBA_2050135,growth differentiation factor 15 amount,gwas_credible_sets:0.566562591011193,0.3444308478503412,WNK2
Q9Y3S1,ENSG00000165238,EFO_0007010,drug use measurement,gwas_credible_sets:0.566562591011193,0.3444308478503412,WNK2
Q9Y463,ENSG00000105204,EFO_0000195,metabolic syndrome,genomics_england:0.793687430215172; uniprot_variants:0.7599134970145264; eva:0.7516647821945953; uniprot_literature:0.607930797611621; europepmc:0.36712227237989,0.6736583097849779,DYRK1B
Q9Y463,ENSG00000105204,EFO_0005772,neurodegenerative disease,crispr_screen:0.8870880276571804; europepmc:0.012158615952232422,0.5396577120600341,DYRK1B
Q9Y463,ENSG00000105204,MONDO_0002561,lysosomal storage disease,crispr_screen:0.7431244813030992,0.4517682586433152,DYRK1B
Q9Y463,ENSG00000105204,MONDO_0004975,Alzheimer disease,crispr_screen:0.5407747347659119; europepmc:0.10030858160591748,0.3318026496356024,DYRK1B
Q9Y463,ENSG00000105204,MONDO_0005180,Parkinson disease,crispr_screen:0.5407747347659119,0.3287536158344536,DYRK1B
Q9Y463,ENSG00000105204,MONDO_0005301,multiple sclerosis,crispr_screen:0.5407747347659119,0.3287536158344536,DYRK1B
Q9Y463,ENSG00000105204,EFO_0000508,genetic disorder,eva:0.3157265601849073,0.1919398995603841,DYRK1B
Q9Y463,ENSG00000105204,MONDO_0002380,myoepithelial tumor,eva_somatic:0.18237923928348632,0.1108739564054105,DYRK1B
Q9Y463,ENSG00000105204,MONDO_0004992,cancer,europepmc:0.7706788439997059,0.0937038808670286,DYRK1B
Q9Y463,ENSG00000105204,MONDO_0008170,ovarian cancer,europepmc:0.7703846180541746,0.0936681070642796,DYRK1B
Q9Y4K4,ENSG00000012983,OBA_2050068,serum albumin amount,gwas_credible_sets:0.924141258200909,0.5618139322038856,MAP4K5
Q9Y4K4,ENSG00000012983,EFO_0004509,hemoglobin measurement,gwas_credible_sets:0.8816286336655058,0.5359691984615146,MAP4K5
Q9Y4K4,ENSG00000012983,EFO_0004528,mean corpuscular hemoglobin concentration,gwas_credible_sets:0.8557081619777025,0.5202113454338789,MAP4K5
Q9Y4K4,ENSG00000012983,EFO_0004305,erythrocyte count,gwas_credible_sets:0.8523085301213499,0.5181446045278606,MAP4K5
Q9Y4K4,ENSG00000012983,OBA_0003277,platelet volume,gwas_credible_sets:0.8392562378051187,0.5102097140493942,MAP4K5
Q9Y4K4,ENSG00000012983,EFO_0004570,bilirubin measurement,gwas_credible_sets:0.8235057830742185,0.5006345275420923,MAP4K5
Q9Y4K4,ENSG00000012983,EFO_0004534,creatine kinase measurement,gwas_credible_sets:0.806091815751996,0.4900480404983108,MAP4K5
Q9Y4K4,ENSG00000012983,OBA_0003460,erythrocyte volume,gwas_credible_sets:0.784932234863269,0.4771844796114994,MAP4K5
Q9Y4K4,ENSG00000012983,EFO_0004536,total blood protein measurement,gwas_credible_sets:0.7753604693829803,0.4713655085885161,MAP4K5
Q9Y4K4,ENSG00000012983,EFO_0004309,platelet count,gwas_credible_sets:0.7661142006140746,0.4657444170409038,MAP4K5
Q9Y572,ENSG00000129465,EFO_0000694,severe acute respiratory syndrome,reactome:0.865457038266544; europepmc:0.06079307976116211,0.5279858868453948,RIPK3
Q9Y572,ENSG00000129465,EFO_0000763,viral disease,reactome:0.607930797611621; europepmc:0.36579398263857754,0.3806987260660519,RIPK3
Q9Y572,ENSG00000129465,EFO_0004348,hematocrit,gwas_credible_sets:0.48323387705615584,0.2937727563117048,RIPK3
Q9Y572,ENSG00000129465,EFO_0004509,hemoglobin measurement,gwas_credible_sets:0.41416653510025386,0.2517845920275388,RIPK3
Q9Y572,ENSG00000129465,MONDO_0008170,ovarian cancer,slapenrich:0.607930797611621; europepmc:0.3389029080990856,0.1950914031040296,RIPK3
Q9Y572,ENSG00000129465,EFO_0000571,lung adenocarcinoma,slapenrich:0.607930797611621; europepmc:0.2429912857846756,0.1921760216513384,RIPK3
Q9Y572,ENSG00000129465,EFO_0000519,glioblastoma multiforme,slapenrich:0.6065531358794257; europepmc:0.2193666386890784,0.1910391526258862,RIPK3
Q9Y572,ENSG00000129465,EFO_0004980,appendicular lean mass,gwas_credible_sets:0.30939125170009096,0.1880884704200941,RIPK3
Q9Y572,ENSG00000129465,EFO_0000304,breast adenocarcinoma,slapenrich:0.5932097582307575,0.1803152407361106,RIPK3
Q9Y572,ENSG00000129465,EFO_0009270,heel bone mineral density,gwas_credible_sets:0.27726659771192924,0.1685589038980736,RIPK3
Q9Y5S2,ENSG00000198752,MONDO_0859239,Chilton-Okur-Chung neurodevelopmental syndrome,uniprot_variants:0.9421515329208274; eva:0.8699549570593001; uniprot_literature:0.607930797611621; europepmc:0.012158615952232422,0.7461378588743525,CDC42BPB
Q9Y5S2,ENSG00000198752,EFO_0004532,serum gamma-glutamyl transferase measurement,gwas_credible_sets:0.7541285510563146,0.4584579715453614,CDC42BPB
Q9Y5S2,ENSG00000198752,EFO_0005772,neurodegenerative disease,crispr_screen:0.7525335690955179,0.4574883328897581,CDC42BPB
Q9Y5S2,ENSG00000198752,EFO_0009188,Red cell distribution width,gwas_credible_sets:0.7094056766908265,0.431269558860866,CDC42BPB
Q9Y5S2,ENSG00000198752,EFO_0007984,platelet component distribution width,gwas_credible_sets:0.686969269669458,0.4176297760448264,CDC42BPB
Q9Y5S2,ENSG00000198752,EFO_0000508,genetic disorder,eva:0.682409567343688,0.4148577925730494,CDC42BPB
Q9Y5S2,ENSG00000198752,EFO_0004527,mean corpuscular hemoglobin,gwas_credible_sets:0.5988871505061041,0.3640819430865268,CDC42BPB
Q9Y5S2,ENSG00000198752,OBA_0003277,platelet volume,gwas_credible_sets:0.566747700482079,0.3445433815986224,CDC42BPB
Q9Y5S2,ENSG00000198752,EFO_0010642,Neurodevelopmental disorder,eva:0.50795995533771; europepmc:0.034787151196664985; gene2phenotype:0.006079307976116211,0.3102725541148817,CDC42BPB
Q9Y5S2,ENSG00000198752,EFO_0003756,autism spectrum disorder,eva:0.48634463808929684,0.2956638837477614,CDC42BPB
Q9Y616,ENSG00000090376,EFO_0004612,high density lipoprotein cholesterol measurement,gwas_credible_sets:0.557341224002391,0.3388248948496107,IRAK3
Q9Y616,ENSG00000090376,EFO_0004531,urate measurement,gwas_credible_sets:0.4986296271878844,0.3031323069691158,IRAK3
Q9Y616,ENSG00000090376,MONDO_0024622,thyroid gland adenocarcinoma,slapenrich:0.7599134970145264,0.2309874091779386,IRAK3
Q9Y616,ENSG00000090376,MONDO_0004979,asthma,eva:0.3799567485072632,0.2309874091779386,IRAK3
Q9Y616,ENSG00000090376,MONDO_0011776,CINCA syndrome,eva:0.3039653988058105,0.1847899273423509,IRAK3
Q9Y616,ENSG00000090376,MONDO_0004323,muscular atrophy,gwas_credible_sets:0.1932293921619402,0.117470098499017,IRAK3
Q9Y616,ENSG00000090376,MONDO_0018309,Hirschsprung disease,eva:0.18237923928348632; europepmc:0.012158615952232422,0.1112435362600952,IRAK3
Q9Y616,ENSG00000090376,EFO_0000616,neoplasm,europepmc:0.8723164499902264,0.1060616070424592,IRAK3
Q9Y616,ENSG00000090376,EFO_0000304,breast adenocarcinoma,slapenrich:0.3204439133517207,0.0974038619168503,IRAK3
Q9Y616,ENSG00000090376,HP_0100806,Sepsis,europepmc:0.6798485602106408; expression_atlas:0.15490076723144106,0.0873686228414765,IRAK3
Q9Y6E0,ENSG00000102572,EFO_0004340,body mass index,gwas_credible_sets:0.8405845371189448,0.5110172281107154,STK24
Q9Y6E0,ENSG00000102572,MONDO_0002009,major depressive disorder,gwas_credible_sets:0.7986479598393016; europepmc:0.012158615952232422,0.4858922710906852,STK24
Q9Y6E0,ENSG00000102572,EFO_0004784,self reported educational attainment,gwas_credible_sets:0.7942390854324732,0.4828424007012879,STK24
Q9Y6E0,ENSG00000102572,EFO_0007869,wellbeing measurement,gwas_credible_sets:0.7811371014550269,0.4748773011315843,STK24
Q9Y6E0,ENSG00000102572,EFO_0007800,body fat percentage,gwas_credible_sets:0.7724661030436439,0.4696059341512631,STK24
Q9Y6E0,ENSG00000102572,EFO_0011015,educational attainment,gwas_credible_sets:0.7653664269641067,0.4652898224094459,STK24
Q9Y6E0,ENSG00000102572,EFO_0007660,neuroticism measurement,gwas_credible_sets:0.7644804626991034,0.4647512174471671,STK24
Q9Y6E0,ENSG00000102572,EFO_0004612,high density lipoprotein cholesterol measurement,gwas_credible_sets:0.7562050235342155,0.4597203231150703,STK24
Q9Y6E0,ENSG00000102572,EFO_0004541,HbA1c measurement,gwas_credible_sets:0.724188598609777,0.4402565523740838,STK24
Q9Y6E0,ENSG00000102572,EFO_0004530,triglyceride measurement,gwas_credible_sets:0.7219284076332287,0.4388825126709562,STK24
Q9Y6M4,ENSG00000151292,EFO_0004611,low density lipoprotein cholesterol measurement,gwas_credible_sets:0.9028094419256092,0.5488456641211381,CSNK1G3
Q9Y6M4,ENSG00000151292,EFO_0004574,total cholesterol measurement,gwas_credible_sets:0.8948600410446053,0.5440129785030149,CSNK1G3
Q9Y6M4,ENSG00000151292,OBA_1000110,bone tissue density,gwas_credible_sets:0.8876797057229384,0.539647831523795,CSNK1G3
Q9Y6M4,ENSG00000151292,OBA_2050068,serum albumin amount,gwas_credible_sets:0.8841390430860822,0.5374953536628974,CSNK1G3
Q9Y6M4,ENSG00000151292,EFO_0006336,diastolic blood pressure,gwas_credible_sets:0.8809116382834442,0.5355333148870141,CSNK1G3
Q9Y6M4,ENSG00000151292,EFO_0006335,systolic blood pressure,gwas_credible_sets:0.8561867260909536,0.5205022792969559,CSNK1G3
Q9Y6M4,ENSG00000151292,EFO_0004570,bilirubin measurement,gwas_credible_sets:0.8385324560480231,0.5097697048285063,CSNK1G3
Q9Y6M4,ENSG00000151292,EFO_0004615,apolipoprotein B measurement,gwas_credible_sets:0.8314138490946933,0.5054420844254849,CSNK1G3
Q9Y6M4,ENSG00000151292,EFO_0008591,free cholesterol measurement,gwas_credible_sets:0.8196929856849628,0.4983166105841105,CSNK1G3
Q9Y6M4,ENSG00000151292,EFO_0009188,Red cell distribution width,gwas_credible_sets:0.8138414384080566,0.4947592747807988,CSNK1G3
Q9Y6R4,ENSG00000085511,EFO_0006925,lipoprotein A measurement,gwas_credible_sets:0.9131866623138656,0.5551542959887624,MAP3K4
Q9Y6R4,ENSG00000085511,EFO_0004530,triglyceride measurement,gwas_credible_sets:0.7263326352176773,0.4415599782592332,MAP3K4
Q9Y6R4,ENSG00000085511,EFO_0004574,total cholesterol measurement,gwas_credible_sets:0.7113817763538003,0.4324708907051376,MAP3K4
Q9Y6R4,ENSG00000085511,OBA_0003460,erythrocyte volume,gwas_credible_sets:0.7027328262785637,0.427212927587396,MAP3K4
Q9Y6R4,ENSG00000085511,EFO_0004627,IGF-1 measurement,gwas_credible_sets:0.6909865346728755,0.4200719951625712,MAP3K4
Q9Y6R4,ENSG00000085511,EFO_0001645,coronary artery disease,gwas_credible_sets:0.6672477506181594,0.4056404572378577,MAP3K4
Q9Y6R4,ENSG00000085511,EFO_0004528,mean corpuscular hemoglobin concentration,gwas_credible_sets:0.6617078004130285,0.4022725508909237,MAP3K4
Q9Y6R4,ENSG00000085511,OBA_2041195,level of cathepsin O in blood serum,gwas_credible_sets:0.6547250258858471,0.3980275072030723,MAP3K4
Q9Y6R4,ENSG00000085511,EFO_0004340,body mass index,gwas_credible_sets:0.5805780515417205,0.352951277949559,MAP3K4
Q9Y6R4,ENSG00000085511,EFO_0004612,high density lipoprotein cholesterol measurement,gwas_credible_sets:0.5641445784523846,0.3429608635468299,MAP3K4
P57058,ENSG00000142149,EFO_0005772,neurodegenerative disease,crispr_screen:0.5879922019304497,0.3574585683089916,HUNK
P57058,ENSG00000142149,EFO_0004612,high density lipoprotein cholesterol measurement,gwas_credible_sets:0.5811198382639782,0.3532806467837565,HUNK
P57058,ENSG00000142149,EFO_0001421,liver disease,gwas_credible_sets:0.509041351169389; europepmc:0.03343619386863916,0.3104782592340868,HUNK
P57058,ENSG00000142149,EFO_0800118,N-acetylalanine measurement,gwas_credible_sets:0.5053838329424345,0.3072383966607124,HUNK
P57058,ENSG00000142149,OBA_2050135,growth differentiation factor 15 amount,gwas_credible_sets:0.4975724170914187,0.3024895963919283,HUNK
P57058,ENSG00000142149,EFO_0004248,male infertility,gwas_credible_sets:0.49589220117304733,0.3014681413885131,HUNK
P57058,ENSG00000142149,EFO_0005413,joint damage measurement,gwas_credible_sets:0.4889814117187176,0.2972668596434165,HUNK
P57058,ENSG00000142149,EFO_0003893,ovarian neoplasm,gwas_credible_sets:0.47832443326010576,0.2907881542289427,HUNK
P57058,ENSG00000142149,EFO_0004517,arterial stiffness measurement,gwas_credible_sets:0.46622102892009065,0.2834301219747013,HUNK
P57058,ENSG00000142149,EFO_0004747,protein measurement,gwas_credible_sets:0.32827784489453893,0.1995702120849611,HUNK
Q52WX2,ENSG00000188322,EFO_0007800,body fat percentage,gwas_credible_sets:0.658150762537047,0.4001101180178436,SBK1
Q52WX2,ENSG00000188322,EFO_0004617,cystatin C measurement,gwas_credible_sets:0.629712292188642,0.3828214960560833,SBK1
Q52WX2,ENSG00000188322,OBA_0003747,glomerular filtration rate,gwas_credible_sets:0.6170674135950113,0.3751342849269553,SBK1
Q52WX2,ENSG00000188322,OBA_0004528,fat pad mass,gwas_credible_sets:0.5941327918378134,0.3611916220291811,SBK1
Q52WX2,ENSG00000188322,OBA_1001085,waist circumference,gwas_credible_sets:0.5855266780319243,0.3559597003988305,SBK1
Q52WX2,ENSG00000188322,EFO_0004908,testosterone measurement,gwas_credible_sets:0.5128561741051151,0.311781062983767,SBK1
Q52WX2,ENSG00000188322,EFO_0004338,body weight,gwas_credible_sets:0.4797643194219489,0.2916635053717819,SBK1
Q52WX2,ENSG00000188322,EFO_0004612,high density lipoprotein cholesterol measurement,gwas_credible_sets:0.47899566443080344,0.2911962163299267,SBK1
Q52WX2,ENSG00000188322,OBA_1000032,hip circumference,gwas_credible_sets:0.46461264620783593,0.2824523365895756,SBK1
Q52WX2,ENSG00000188322,EFO_0003893,ovarian neoplasm,gwas_credible_sets:0.4414922101525845,0.2683967114573781,SBK1
Q5MAI5,ENSG00000205111,EFO_0004587,lymphocyte count,gwas_credible_sets:0.6929422819381165,0.4212609541574559,CDKL4
Q5MAI5,ENSG00000205111,OBA_2050068,serum albumin amount,gwas_credible_sets:0.6821891883515515,0.4147238173965831,CDKL4
Q5MAI5,ENSG00000205111,OBA_VT0001253,body height,gwas_credible_sets:0.5205816196377862,0.3164775992483489,CDKL4
Q5MAI5,ENSG00000205111,EFO_0004838,calcium measurement,gwas_credible_sets:0.3582565138132407,0.2177951681920421,CDKL4
Q5MAI5,ENSG00000205111,EFO_0004536,total blood protein measurement,gwas_credible_sets:0.2889246872690343,0.1756462155811522,CDKL4
Q5MAI5,ENSG00000205111,EFO_0009804,pulse wave reflection index measurement,gwas_credible_sets:0.11612491167390432,0.0705959101764957,CDKL4
Q5MAI5,ENSG00000205111,EFO_0007937,blood protein measurement,gwas_credible_sets:0.1124196895532351,0.068343391537349,CDKL4
Q5MAI5,ENSG00000205111,MONDO_0011060,early-onset non-syndromic cataract,impc:0.5521202173458842,0.067130176821717,CDKL4
Q5MAI5,ENSG00000205111,EFO_0009003,ovarian dysfunction,gwas_credible_sets:0.10864064564223432,0.0660459943583249,CDKL4
Q5MAI5,ENSG00000205111,Orphanet_1377,Cataract-microcornea syndrome,impc:0.5064000217980053,0.0615712338324407,CDKL4
Q6P3R8,ENSG00000197168,EFO_0020092,neuroinflammatory disorder,crispr_screen:0.5346088581367789,0.32500518953733,NEK5
Q6P3R8,ENSG00000197168,EFO_0001063,deafness,impc:0.9816851495478588,0.1193593271936226,NEK5
Q6P3R8,ENSG00000197168,MONDO_0019588,"hearing loss, autosomal recessive",impc:0.7743026110631956,0.0941444807872818,NEK5
Q6P3R8,ENSG00000197168,MONDO_0010799,"deafness, aminoglycoside-induced",impc:0.607930797611621,0.0739159709369403,NEK5
Q6P3R8,ENSG00000197168,MONDO_0011074,autosomal dominant nonsyndromic hearing loss 7,impc:0.607930797611621,0.0739159709369403,NEK5
Q6P3R8,ENSG00000197168,MONDO_0011350,autosomal dominant nonsyndromic hearing loss 17,impc:0.607930797611621,0.0739159709369403,NEK5
Q6P3R8,ENSG00000197168,MONDO_0859235,"auditory neuropathy, autosomal dominant 3",impc:0.6068973152556812,0.0737903137863475,NEK5
Q6P3R8,ENSG00000197168,MONDO_0012977,autosomal recessive nonsyndromic hearing loss 1B,impc:0.5932188723094198,0.0721272044402664,NEK5
Q6P3R8,ENSG00000197168,MONDO_0019587,autosomal dominant nonsyndromic hearing loss,impc:0.5917750366650922,0.0719516540092911,NEK5
Q6P3R8,ENSG00000197168,MONDO_0010238,"hearing loss, X-linked 4",impc:0.5465297870528474,0.0664504578723093,NEK5
Q6ZS72,ENSG00000188305,EFO_0004309,platelet count,gwas_credible_sets:0.17697828176499852,0.1075905479933297,PEAK3
Q6ZS72,ENSG00000188305,EFO_0000222,acute myeloid leukemia,europepmc:0.3022767021457783,0.0367526633269786,PEAK3
Q6ZS72,ENSG00000188305,EFO_0005091,monocyte count,gwas_credible_sets:0.05066645012515637,0.0308016954367357,PEAK3
Q6ZS72,ENSG00000188305,HP_0100806,Sepsis,expression_atlas:0.14082798817125658,0.0171227342349983,PEAK3
Q6ZS72,ENSG00000188305,MONDO_0004992,cancer,europepmc:0.09887960151418082,0.012022391003207,PEAK3
Q6ZS72,ENSG00000188305,EFO_0000616,neoplasm,europepmc:0.08468813750061889,0.0102969053957987,PEAK3
Q6ZS72,ENSG00000188305,EFO_1000680,mucous membrane pemphigoid,europepmc:0.030396539880581056,0.003695798546847,PEAK3
Q6ZS72,ENSG00000188305,MONDO_0007254,breast cancer,europepmc:0.02279740491043579,0.0027718489101352,PEAK3
Q6ZS72,ENSG00000188305,EFO_0000691,sarcoma,europepmc:0.02279740491043579,0.0027718489101352,PEAK3
Q6ZS72,ENSG00000188305,MONDO_0015667,acute myeloid leukemia by FAB classification,europepmc:0.01823792392834863,0.0022174791281082,PEAK3
Q86YV6,ENSG00000145949,OBA_0003747,glomerular filtration rate,gwas_credible_sets:0.7130421772649159,0.4334802995553872,MYLK4
Q86YV6,ENSG00000145949,OBA_2050096,serum creatinine amount,gwas_credible_sets:0.6797997693919077,0.4132712160226185,MYLK4
Q86YV6,ENSG00000145949,EFO_0004309,platelet count,gwas_credible_sets:0.6747137697307554,0.4101792801919617,MYLK4
Q86YV6,ENSG00000145949,EFO_0004617,cystatin C measurement,gwas_credible_sets:0.6621602258772552,0.4025475942642509,MYLK4
Q86YV6,ENSG00000145949,EFO_0004509,hemoglobin measurement,gwas_credible_sets:0.6600888487846103,0.4012883403361648,MYLK4
Q86YV6,ENSG00000145949,EFO_0004348,hematocrit,gwas_credible_sets:0.6394992144783158,0.3887712675298077,MYLK4
Q86YV6,ENSG00000145949,OBA_1001087,heart rate,gwas_credible_sets:0.6379307145426384,0.3878177281128575,MYLK4
Q86YV6,ENSG00000145949,EFO_0004980,appendicular lean mass,gwas_credible_sets:0.637184916052046,0.3873643342416141,MYLK4
Q86YV6,ENSG00000145949,EFO_0004531,urate measurement,gwas_credible_sets:0.6238097738494712,0.379233173374234,MYLK4
Q86YV6,ENSG00000145949,EFO_0004305,erythrocyte count,gwas_credible_sets:0.6166511276071981,0.3748812118543494,MYLK4
Q8NE28,ENSG00000198870,MONDO_0007254,breast cancer,gwas_credible_sets:0.31450907719741944,0.1911997541567221,STKLD1
Q8NE28,ENSG00000198870,MONDO_0100096,COVID-19,gwas_credible_sets:0.31450907719741944,0.1911997541567221,STKLD1
Q8NE28,ENSG00000198870,OBA_2050324,E-selectin amount,gwas_credible_sets:0.3029056179225458,0.1841456539046942,STKLD1
Q8NE28,ENSG00000198870,EFO_0003777,heart disease,gwas_credible_sets:0.28745386593477373,0.174752057994271,STKLD1
Q8NE28,ENSG00000198870,EFO_0009188,Red cell distribution width,gwas_credible_sets:0.24463646978294815,0.1487220442000389,STKLD1
Q8NE28,ENSG00000198870,EFO_0004617,cystatin C measurement,gwas_credible_sets:0.23379134050930037,0.142128956110509,STKLD1
Q8NE28,ENSG00000198870,OBA_2050096,serum creatinine amount,gwas_credible_sets:0.23379134050930037,0.142128956110509,STKLD1
Q8NE28,ENSG00000198870,EFO_0008011,a disintegrin and metalloproteinase with thrombospondin motifs 13 measurement,gwas_credible_sets:0.1326751345764518,0.0806573003862915,STKLD1
Q8NE28,ENSG00000198870,HP_0001744,Splenomegaly,gwas_credible_sets:0.12587401460852393,0.0765226900995368,STKLD1
Q8NE28,ENSG00000198870,EFO_0004305,erythrocyte count,gwas_credible_sets:0.041947928648972906,0.0255014377217254,STKLD1
Q96LW2,ENSG00000167524,EFO_0009188,Red cell distribution width,gwas_credible_sets:0.14686265440503174,0.0892823306318108,RSKR
Q96LW2,ENSG00000167524,EFO_0004305,erythrocyte count,gwas_credible_sets:0.11109502840319424,0.0675380892278395,RSKR
Q96LW2,ENSG00000167524,OBA_0003460,erythrocyte volume,gwas_credible_sets:0.0848592094355216,0.0515885268768282,RSKR
Q96LW2,ENSG00000167524,EFO_0004698,insomnia,gwas_credible_sets:0.07986567398532073,0.0485528028876857,RSKR
Q96LW2,ENSG00000167524,EFO_1000028,ependymoma,expression_atlas:0.09065789667775594,0.01102274548742,RSKR
Q96LW2,ENSG00000167524,EFO_0000272,astrocytoma,expression_atlas:0.07062659852721237,0.0085872168750487,RSKR
Q96LW2,ENSG00000167524,EFO_0000400,diabetes mellitus,europepmc:0.06687238773727831,0.0081307568030634,RSKR
Q96LW2,ENSG00000167524,EFO_0000349,clear cell renal carcinoma,expression_atlas:0.054817883464079016,0.0066650959235396,RSKR
Q96LW2,ENSG00000167524,MONDO_0018076,tuberculosis,expression_atlas:0.03821070034151387,0.004645892307183,RSKR
Q96LW2,ENSG00000167524,EFO_0000186,invasive breast ductal carcinoma,expression_atlas:0.01801898940919486,0.0021908597207374,RSKR
Q9NSY0,ENSG00000185189,OBA_0003460,erythrocyte volume,gwas_credible_sets:0.6075165168317314,0.3693280006397482,NRBP2
Q9NSY0,ENSG00000185189,OBA_2050096,serum creatinine amount,gwas_credible_sets:0.4619924258175887,0.2808594239178144,NRBP2
Q9NSY0,ENSG00000185189,OBA_0003747,glomerular filtration rate,gwas_credible_sets:0.41392413245511944,0.251637227994139,NRBP2
Q9NSY0,ENSG00000185189,EFO_0004458,C-reactive protein measurement,gwas_credible_sets:0.31455387050282146,0.1912269853866028,NRBP2
Q9NSY0,ENSG00000185189,EFO_0004617,cystatin C measurement,gwas_credible_sets:0.3043095619063292,0.1849991546905577,NRBP2
Q9NSY0,ENSG00000185189,EFO_0004338,body weight,gwas_credible_sets:0.2623695816149796,0.1595025490202218,NRBP2
Q9NSY0,ENSG00000185189,EFO_0004531,urate measurement,gwas_credible_sets:0.2516430964022572,0.1529815883092822,NRBP2
Q9NSY0,ENSG00000185189,OBA_1000032,hip circumference,gwas_credible_sets:0.2516430964022572,0.1529815883092822,NRBP2
Q9NSY0,ENSG00000185189,EFO_0022160,concentration of large LDL particles measurement,gwas_credible_sets:0.14900100049441867,0.0905822970755014,NRBP2
Q9NSY0,ENSG00000185189,EFO_0022297,phospholipids in small LDL measurement ,gwas_credible_sets:0.14900100049441867,0.0905822970755014,NRBP2
Q9NY57,ENSG00000152953,EFO_0004875,mathematical ability,gwas_credible_sets:0.7543694349686856,0.4586044122943409,STK32B
Q9NY57,ENSG00000152953,EFO_0005670,smoking initiation,gwas_credible_sets:0.6943698671929165,0.4221288272000651,STK32B
Q9NY57,ENSG00000152953,EFO_0004784,self reported educational attainment,gwas_credible_sets:0.686541190549352,0.4173695335638995,STK32B
Q9NY57,ENSG00000152953,EFO_0005772,neurodegenerative disease,crispr_screen:0.5835622322570595,0.3547654533120522,STK32B
Q9NY57,ENSG00000152953,EFO_0007937,blood protein measurement,gwas_credible_sets:0.5659123917106943,0.3440355716709825,STK32B
Q9NY57,ENSG00000152953,MONDO_0002428,protozoa infectious disease,gwas_credible_sets:0.5652686517134171,0.3436442223009833,STK32B
Q9NY57,ENSG00000152953,HP_0001744,Splenomegaly,gwas_credible_sets:0.5621726814492423,0.3417620866289016,STK32B
Q9NY57,ENSG00000152953,EFO_0011015,educational attainment,gwas_credible_sets:0.5620395173443906,0.3416811320684259,STK32B
Q9NY57,ENSG00000152953,EFO_0008354,cognitive function measurement,gwas_credible_sets:0.5492329524394816,0.3338956268511195,STK32B
Q9NY57,ENSG00000152953,EFO_0006527,smoking status measurement,gwas_credible_sets:0.5492329524394816,0.3338956268511195,STK32B
Q9Y6S9,ENSG00000198208,EFO_0004838,calcium measurement,gwas_credible_sets:0.5329875403506146,0.3240195405224051,RPS6KL1
Q9Y6S9,ENSG00000198208,EFO_0001663,prostate carcinoma,gwas_credible_sets:0.48584087244848095,0.2953576290999309,RPS6KL1
Q9Y6S9,ENSG00000198208,OBA_1000110,bone tissue density,gwas_credible_sets:0.46483230539981335,0.2825858741773571,RPS6KL1
Q9Y6S9,ENSG00000198208,EFO_1001754,Abruptio Placentae,gwas_credible_sets:0.4580046549278136,0.278435135180101,RPS6KL1
Q9Y6S9,ENSG00000198208,OBA_2045267,cerebral cortex area attribute,gwas_credible_sets:0.3209843419376223,0.19513626701498,RPS6KL1
Q9Y6S9,ENSG00000198208,EFO_0008381,total cortical area measurement,gwas_credible_sets:0.28386602073851275,0.172570896402401,RPS6KL1
Q9Y6S9,ENSG00000198208,EFO_0010626,placenta growth factor measurement,gwas_credible_sets:0.22045765443219928,0.134022997698554,RPS6KL1
Q9Y6S9,ENSG00000198208,EFO_0009768,glutamine measurement,gwas_credible_sets:0.2092592204729565,0.1272151248097105,RPS6KL1
Q9Y6S9,ENSG00000198208,EFO_0009595,guilt measurement,gwas_credible_sets:0.1161502591016329,0.0706113196584521,RPS6KL1
Q9Y6S9,ENSG00000198208,EFO_0007660,neuroticism measurement,gwas_credible_sets:0.11250126825992099,0.0683929857455727,RPS6KL1
P0C263,ENSG00000187550,EFO_0005772,neurodegenerative disease,crispr_screen:0.694004204688251,0.4219065297019471,SBK2
P0C263,ENSG00000187550,EFO_0004587,lymphocyte count,gwas_credible_sets:0.150903391482133,0.0917388191460318,SBK2
P0C263,ENSG00000187550,EFO_0021796,sexual dimorphism measurement,gwas_credible_sets:0.14930508246228794,0.0907671578687675,SBK2
P0C263,ENSG00000187550,MONDO_0013575,plasma fibronectin deficiency,impc:0.5437333053838339,0.0661104444059994,SBK2
P0C263,ENSG00000187550,Orphanet_168615,Hereditary persistence of alpha-fetoprotein,impc:0.32025794418180203,0.0389389334895801,SBK2
P0C263,ENSG00000187550,MONDO_0009198,congenital lethal erythroderma,impc:0.304147778045094,0.0369801602597512,SBK2
P0C263,ENSG00000187550,Orphanet_168612,Congenital deficiency in alpha-fetoprotein,impc:0.25818820974565543,0.0313921128569185,SBK2
P0C263,ENSG00000187550,EFO_0000616,neoplasm,europepmc:0.0667035180712751,0.0081102245889142,SBK2
P0C263,ENSG00000187550,MONDO_0005301,multiple sclerosis,expression_atlas:0.041687459822077964,0.0050686181400076,SBK2
P0C263,ENSG00000187550,EFO_0005543,glioma,europepmc:0.03495602086266821,0.004250168328874,SBK2
Q3MIX3,ENSG00000173137,EFO_0004468,glucose measurement,gwas_credible_sets:0.6219316395902609,0.3780913977160105,ADCK5
Q3MIX3,ENSG00000173137,EFO_0009765,alanine measurement,gwas_credible_sets:0.6072460756415895,0.3691635911113183,ADCK5
Q3MIX3,ENSG00000173137,EFO_0800348,3b-hydroxy-5-cholenoic acid measurement,gwas_credible_sets:0.5695716844304541,0.3462601684128005,ADCK5
Q3MIX3,ENSG00000173137,EFO_0800276,glycocholenate sulfate measurement,gwas_credible_sets:0.5695716844304541,0.3462601684128005,ADCK5
Q3MIX3,ENSG00000173137,EFO_0800379,3beta-hydroxy-5-cholestenoate measurement,gwas_credible_sets:0.5695716844304541,0.3462601684128005,ADCK5
Q3MIX3,ENSG00000173137,EFO_0009504,crush injury,gwas_credible_sets:0.18948008393656382,0.1151907785590721,ADCK5
Q3MIX3,ENSG00000173137,EFO_0003888,attention deficit hyperactivity disorder,impc:0.5632782805270475,0.068486842871622,ADCK5
Q3MIX3,ENSG00000173137,MONDO_0019006,familial idiopathic steroid-resistant nephrotic syndrome,impc:0.47691509103540947,0.057986274337235,ADCK5
Q3MIX3,ENSG00000173137,EFO_0004255,nephrotic syndrome,impc:0.4697405281795295,0.0571139467933371,ADCK5
Q3MIX3,ENSG00000173137,EFO_0004236,focal segmental glomerulosclerosis,impc:0.4509073386785195,0.0548240916103531,ADCK5
